"事故類型及型態子類別名稱","發生年度","發生月份","發生日期","發生時間","天候名稱","光線名稱","速限.第1當事者","道路型態子類別名稱","事故位置子類別名稱","路面狀況.路面鋪裝名稱","路面狀況.路面狀態名稱","道路障礙.視距品質名稱","號誌.號誌動作名稱","車道劃分設施.分向設施大類別名稱","車道劃分設施.分道設施.快慢車道間名稱","車道劃分設施.分道設施.路面邊線名稱","當事者事故發生時年齡","行動電話或電腦或其他相類功能裝置名稱","經度","緯度","縣市","鄉鎮"
"路口交岔撞","2021",1,21,12,"晴","日間自然光線",50,"四岔路","交叉路口內","柏油","乾燥","良好","正常","無","未繪設快慢車道分隔線","無",43,"非駕駛人",121.644155,24.677092,"宜蘭縣","三星鄉"
"路口交岔撞","2021",1,21,12,"晴","日間自然光線",50,"四岔路","交叉路口內","柏油","乾燥","良好","正常","無","未繪設快慢車道分隔線","無",39,"非駕駛人",121.644155,24.677092,"宜蘭縣","三星鄉"
"路口交岔撞","2021",1,21,12,"晴","日間自然光線",50,"四岔路","交叉路口內","柏油","乾燥","良好","正常","無","未繪設快慢車道分隔線","無",65,"未使用",121.644155,24.677092,"宜蘭縣","三星鄉"
"路口交岔撞","2021",1,21,12,"晴","日間自然光線",50,"四岔路","交叉路口內","柏油","乾燥","良好","正常","無","未繪設快慢車道分隔線","無",22,"未使用",121.644155,24.677092,"宜蘭縣","三星鄉"
"其他","2021",1,21,17,"晴","夜間(或隧道、地下道、涵洞)有照明",50,"四岔路","交叉路口內","柏油","乾燥","良好","正常","無","未繪設快慢車道分隔線","無",24,"不明",120.661669,24.150855,"臺中市","西區"
"其他","2021",1,21,17,"晴","夜間(或隧道、地下道、涵洞)有照明",50,"四岔路","交叉路口內","柏油","乾燥","良好","正常","無","未繪設快慢車道分隔線","無",23,"未使用",120.661669,24.150855,"臺中市","西區"
"側撞","2021",1,21,18,"陰","夜間(或隧道、地下道、涵洞)無照明",60,"直路","快車道","柏油","乾燥","良好","無號誌","雙向禁止超車線","快慢車道分隔線","有",49,"不明",121.344379,23.059007,"臺東縣","東河鄉"
"側撞","2021",1,21,18,"陰","夜間(或隧道、地下道、涵洞)無照明",60,"直路","快車道","柏油","乾燥","良好","無號誌","雙向禁止超車線","快慢車道分隔線","有",16,"非駕駛人",121.344379,23.059007,"臺東縣","東河鄉"
"側撞","2021",1,21,18,"陰","夜間(或隧道、地下道、涵洞)無照明",60,"直路","快車道","柏油","乾燥","良好","無號誌","雙向禁止超車線","快慢車道分隔線","有",17,"非駕駛人",121.344379,23.059007,"臺東縣","東河鄉"
"側撞","2021",1,21,18,"陰","夜間(或隧道、地下道、涵洞)無照明",60,"直路","快車道","柏油","乾燥","良好","無號誌","雙向禁止超車線","快慢車道分隔線","有",42,"非駕駛人",121.344379,23.059007,"臺東縣","東河鄉"
"側撞","2021",1,21,18,"陰","夜間(或隧道、地下道、涵洞)無照明",60,"直路","快車道","柏油","乾燥","良好","無號誌","雙向禁止超車線","快慢車道分隔線","有",26,"非駕駛人",121.344379,23.059007,"臺東縣","東河鄉"
"側撞","2021",1,21,18,"陰","夜間(或隧道、地下道、涵洞)無照明",60,"直路","快車道","柏油","乾燥","良好","無號誌","雙向禁止超車線","快慢車道分隔線","有",48,"未使用",121.344379,23.059007,"臺東縣","東河鄉"
"撞路樹、電桿","2021",1,21,20,"晴","夜間(或隧道、地下道、涵洞)有照明",50,"直路","一般車道(未劃分快慢車道)","柏油","乾燥","良好","無號誌","行車分向線","未繪設快慢車道分隔線","有",26,"未使用",120.582267,23.984253,"彰化縣","大村鄉"
"撞路樹、電桿","2021",1,21,20,"陰","夜間(或隧道、地下道、涵洞)無照明",30,"直路","一般車道(未劃分快慢車道)","柏油","濕潤","良好","無號誌","無","未繪設快慢車道分隔線","無",81,"不明",120.193566,23.637083,"雲林縣","四湖鄉"
"穿越道路中","2021",1,21,20,"晴","夜間(或隧道、地下道、涵洞)有照明",50,"直路","一般車道(未劃分快慢車道)","柏油","乾燥","良好","無號誌","行車分向線","未繪設快慢車道分隔線","有",51,"未使用",121.149606,24.907525,"桃園市","楊梅區"
"穿越道路中","2021",1,21,20,"晴","夜間(或隧道、地下道、涵洞)有照明",50,"直路","一般車道(未劃分快慢車道)","柏油","乾燥","良好","無號誌","行車分向線","未繪設快慢車道分隔線","有",69,"未使用",121.149606,24.907525,"桃園市","楊梅區"
"撞橋樑、建築物","2021",1,21,23,"晴","夜間(或隧道、地下道、涵洞)無照明",60,"直路","路肩、路緣","柏油","濕潤","良好","無號誌","雙向禁止超車線","未繪設快慢車道分隔線","有",64,"未使用",120.938144,22.440477,"臺東縣","大武鄉"
"穿越道路中","2021",1,22,0,"晴","夜間(或隧道、地下道、涵洞)有照明",50,"四岔路","交叉口附近","柏油","乾燥","良好","正常","行車分向線","快慢車道分隔線","有",19,"未使用",120.251436,22.950224,"臺南市","仁德區"
"穿越道路中","2021",1,22,0,"晴","夜間(或隧道、地下道、涵洞)有照明",50,"四岔路","交叉口附近","柏油","乾燥","良好","正常","行車分向線","快慢車道分隔線","有",84,"非駕駛人",120.251436,22.950224,"臺南市","仁德區"
"穿越道路中","2021",1,22,4,"陰","夜間(或隧道、地下道、涵洞)有照明",50,"三岔路","交叉路口內","柏油","乾燥","良好","正常","無","未繪設快慢車道分隔線","無",30,"未使用",121.724197,25.121314,"基隆市","安樂區"
"穿越道路中","2021",1,22,4,"陰","夜間(或隧道、地下道、涵洞)有照明",50,"三岔路","交叉路口內","柏油","乾燥","良好","正常","無","未繪設快慢車道分隔線","無",89,"非駕駛人",121.724197,25.121314,"基隆市","安樂區"
"其他","2021",1,22,5,"晴","夜間(或隧道、地下道、涵洞)有照明",50,"多岔路","交叉路口內","柏油","乾燥","良好","正常","中央分向島","寛式快慢車道分隔島(50公分以上)","無",21,"不明",121.543741,25.038088,"臺北市","大安區"
"其他","2021",1,22,5,"晴","夜間(或隧道、地下道、涵洞)有照明",50,"多岔路","交叉路口內","柏油","乾燥","良好","正常","中央分向島","寛式快慢車道分隔島(50公分以上)","無",33,"不明",121.543741,25.038088,"臺北市","大安區"
"側撞","2021",1,22,11,"晴","日間自然光線",50,"四岔路","交叉路口內","柏油","乾燥","良好","正常","無","未繪設快慢車道分隔線","無",30,"未使用",120.310175,22.681073,"高雄市","左營區"
"側撞","2021",1,22,11,"晴","日間自然光線",50,"四岔路","交叉路口內","柏油","乾燥","良好","正常","無","未繪設快慢車道分隔線","無",53,"未使用",120.310175,22.681073,"高雄市","左營區"
"穿越道路中","2021",1,22,19,"雨","夜間(或隧道、地下道、涵洞)有照明",50,"四岔路","交叉口附近","柏油","濕潤","良好","正常","雙向禁止超車線","快慢車道分隔線","有",53,"未使用",120.824529,24.56997,"苗栗縣","苗栗市"
"穿越道路中","2021",1,22,19,"雨","夜間(或隧道、地下道、涵洞)有照明",50,"四岔路","交叉口附近","柏油","濕潤","良好","正常","雙向禁止超車線","快慢車道分隔線","有",86,"非駕駛人",120.824529,24.56997,"苗栗縣","苗栗市"
"追撞","2021",1,23,0,"晴","夜間(或隧道、地下道、涵洞)有照明",50,"直路","一般車道(未劃分快慢車道)","柏油","乾燥","良好","正常","雙向禁止超車線","未繪設快慢車道分隔線","有",53,"未使用",120.529878,22.779269,"屏東縣","里港鄉"
"追撞","2021",1,23,0,"晴","夜間(或隧道、地下道、涵洞)有照明",50,"直路","一般車道(未劃分快慢車道)","柏油","乾燥","良好","正常","雙向禁止超車線","未繪設快慢車道分隔線","有",43,"未使用",120.529878,22.779269,"屏東縣","里港鄉"
"撞路樹、電桿","2021",1,23,1,"霧或煙","夜間(或隧道、地下道、涵洞)有照明",60,"直路","路肩、路緣","柏油","乾燥","良好","無號誌","雙向禁止超車線","快慢車道分隔線","有",39,"未使用",120.342676,23.066532,"臺南市","新化區"
"其他","2021",1,23,6,"雨","夜間(或隧道、地下道、涵洞)有照明",40,"直路","一般車道(未劃分快慢車道)","柏油","濕潤","良好","無號誌","雙向禁止超車線","未繪設快慢車道分隔線","有",42,"未使用",121.351623,24.94468,"新北市","鶯歌區"
"其他","2021",1,23,6,"雨","夜間(或隧道、地下道、涵洞)有照明",40,"直路","一般車道(未劃分快慢車道)","柏油","濕潤","良好","無號誌","雙向禁止超車線","未繪設快慢車道分隔線","有",37,"非駕駛人",121.351623,24.94468,"新北市","鶯歌區"
"追撞","2021",1,23,6,"晴","晨或暮光",60,"彎曲路及附近","快車道","柏油","乾燥","良好","無號誌","中央分向島","快慢車道分隔線","有",35,"未使用",120.446722,22.664956,"屏東縣","屏東市"
"追撞","2021",1,23,6,"晴","晨或暮光",60,"彎曲路及附近","快車道","柏油","乾燥","良好","無號誌","中央分向島","快慢車道分隔線","有",48,"未使用",120.446722,22.664956,"屏東縣","屏東市"
"追撞","2021",1,23,6,"晴","晨或暮光",60,"彎曲路及附近","快車道","柏油","乾燥","良好","無號誌","中央分向島","快慢車道分隔線","有",60,"未使用",120.446722,22.664956,"屏東縣","屏東市"
"同向擦撞","2021",1,23,8,"晴","日間自然光線",90,"直路","快車道","柏油","乾燥","良好","無號誌","中央分向島","未繪設快慢車道分隔線","有",71,"非駕駛人",121.126577,24.89384,"桃園市","楊梅區"
"同向擦撞","2021",1,23,8,"晴","日間自然光線",90,"直路","快車道","柏油","乾燥","良好","無號誌","中央分向島","未繪設快慢車道分隔線","有",49,"未使用",121.126577,24.89384,"桃園市","楊梅區"
"同向擦撞","2021",1,23,8,"晴","日間自然光線",90,"直路","快車道","柏油","乾燥","良好","無號誌","中央分向島","未繪設快慢車道分隔線","有",11,"非駕駛人",121.126577,24.89384,"桃園市","楊梅區"
"同向擦撞","2021",1,23,8,"晴","日間自然光線",90,"直路","快車道","柏油","乾燥","良好","無號誌","中央分向島","未繪設快慢車道分隔線","有",8,"非駕駛人",121.126577,24.89384,"桃園市","楊梅區"
"同向擦撞","2021",1,23,8,"晴","日間自然光線",90,"直路","快車道","柏油","乾燥","良好","無號誌","中央分向島","未繪設快慢車道分隔線","有",68,"未使用",121.126577,24.89384,"桃園市","楊梅區"
"撞路樹、電桿","2021",1,23,15,"晴","日間自然光線",50,"直路","一般車道(未劃分快慢車道)","柏油","乾燥","良好","無號誌","中央分向島","未繪設快慢車道分隔線","有",27,"非駕駛人",121.459521,25.150497,"新北市","淡水區"
"撞路樹、電桿","2021",1,23,15,"晴","日間自然光線",50,"直路","一般車道(未劃分快慢車道)","柏油","乾燥","良好","無號誌","中央分向島","未繪設快慢車道分隔線","有",41,"使用手持或有礙駕駛安全",121.459521,25.150497,"新北市","淡水區"
"路上翻車、摔倒","2021",1,23,16,"晴","日間自然光線",50,"彎曲路及附近","一般車道(未劃分快慢車道)","柏油","乾燥","良好","無號誌","雙向禁止超車線","未繪設快慢車道分隔線","有",50,"未使用",120.545835,22.643792,"屏東縣","內埔鄉"
"側撞","2021",1,23,17,"晴","日間自然光線",70,"四岔路","交叉路口內","柏油","乾燥","良好","無號誌","無","未繪設快慢車道分隔線","無",21,"未使用",120.325274,23.275668,"臺南市","柳營區"
"側撞","2021",1,23,17,"晴","日間自然光線",70,"四岔路","交叉路口內","柏油","乾燥","良好","無號誌","無","未繪設快慢車道分隔線","無",27,"未使用",120.325274,23.275668,"臺南市","柳營區"
"追撞","2021",1,23,17,"晴","夜間(或隧道、地下道、涵洞)無照明",50,"直路","一般車道(未劃分快慢車道)","柏油","乾燥","良好","無號誌","中央分向島","未繪設快慢車道分隔線","有",46,"未使用",121.229597,24.908701,"桃園市","平鎮區"
"追撞","2021",1,23,17,"晴","夜間(或隧道、地下道、涵洞)無照明",50,"直路","一般車道(未劃分快慢車道)","柏油","乾燥","良好","無號誌","中央分向島","未繪設快慢車道分隔線","有",33,"未使用",121.229597,24.908701,"桃園市","平鎮區"
"路上翻車、摔倒","2021",1,23,19,"陰","夜間(或隧道、地下道、涵洞)有照明",50,"彎曲路及附近","一般車道(未劃分快慢車道)","柏油","乾燥","不良","無號誌","無","未繪設快慢車道分隔線","有",63,"不明",121.132915,24.798812,"新竹縣","關西鎮"
"追撞","2021",1,24,2,"晴","夜間(或隧道、地下道、涵洞)有照明",60,"多岔路","交叉口附近","柏油","乾燥","良好","正常","中央分向島","未繪設快慢車道分隔線","有",41,"不明",120.818764,24.52899,"苗栗縣","公館鄉"
"追撞","2021",1,24,2,"晴","夜間(或隧道、地下道、涵洞)有照明",60,"多岔路","交叉口附近","柏油","乾燥","良好","正常","中央分向島","未繪設快慢車道分隔線","有",65,"未使用",120.818764,24.52899,"苗栗縣","公館鄉"
"側撞","2021",1,24,7,"晴","日間自然光線",40,"三岔路","交叉路口內","柏油","乾燥","良好","正常","中央分向島","快慢車道分隔線","有",75,"未使用",120.486907,22.657715,"屏東縣","屏東市"
"側撞","2021",1,24,7,"晴","日間自然光線",40,"三岔路","交叉路口內","柏油","乾燥","良好","正常","中央分向島","快慢車道分隔線","有",29,"未使用",120.486907,22.657715,"屏東縣","屏東市"
"路上翻車、摔倒","2021",1,24,20,"晴","夜間(或隧道、地下道、涵洞)有照明",50,"直路","一般車道(未劃分快慢車道)","柏油","乾燥","良好","無號誌","雙向禁止超車線","未繪設快慢車道分隔線","有",110,"",120.290696,22.709985,"高雄市","楠梓區"
"路上翻車、摔倒","2021",1,24,20,"晴","夜間(或隧道、地下道、涵洞)有照明",50,"直路","一般車道(未劃分快慢車道)","柏油","乾燥","良好","無號誌","雙向禁止超車線","未繪設快慢車道分隔線","有",28,"未使用",120.290696,22.709985,"高雄市","楠梓區"
"追撞","2021",1,25,2,"陰","夜間(或隧道、地下道、涵洞)有照明",50,"直路","一般車道(未劃分快慢車道)","柏油","乾燥","良好","無號誌","雙向禁止超車線","未繪設快慢車道分隔線","有",60,"未使用",121.440067,25.049859,"新北市","泰山區"
"追撞","2021",1,25,2,"陰","夜間(或隧道、地下道、涵洞)有照明",50,"直路","一般車道(未劃分快慢車道)","柏油","乾燥","良好","無號誌","雙向禁止超車線","未繪設快慢車道分隔線","有",21,"未使用",121.440067,25.049859,"新北市","泰山區"
"側撞","2021",1,25,7,"晴","日間自然光線",50,"三岔路","交叉路口內","柏油","乾燥","良好","正常","中央分向島","未繪設快慢車道分隔線","有",69,"未使用",121.473062,25.079465,"新北市","蘆洲區"
"側撞","2021",1,25,7,"晴","日間自然光線",50,"三岔路","交叉路口內","柏油","乾燥","良好","正常","中央分向島","未繪設快慢車道分隔線","有",49,"未使用",121.473062,25.079465,"新北市","蘆洲區"
"其他","2021",1,25,15,"晴","日間自然光線",60,"彎曲路及附近","一般車道(未劃分快慢車道)","柏油","乾燥","良好","無號誌","雙向禁止超車線","未繪設快慢車道分隔線","有",16,"未使用",120.955819,24.614288,"苗栗縣","三灣鄉"
"其他","2021",1,25,15,"晴","日間自然光線",60,"彎曲路及附近","一般車道(未劃分快慢車道)","柏油","乾燥","良好","無號誌","雙向禁止超車線","未繪設快慢車道分隔線","有",33,"未使用",120.955819,24.614288,"苗栗縣","三灣鄉"
"衝出路外","2021",1,26,6,"晴","夜間(或隧道、地下道、涵洞)有照明",40,"四岔路","交叉口附近","柏油","乾燥","良好","無號誌","雙向禁止超車線","未繪設快慢車道分隔線","有",30,"不明",120.62392,24.205091,"臺中市","西屯區"
"其他","2021",1,26,7,"晴","日間自然光線",60,"四岔路","交叉口附近","柏油","乾燥","良好","正常","中央分向島","未繪設快慢車道分隔線","有",20,"不明",121.446047,25.193459,"新北市","淡水區"
"其他","2021",1,26,7,"晴","日間自然光線",60,"四岔路","交叉口附近","柏油","乾燥","良好","正常","中央分向島","未繪設快慢車道分隔線","有",53,"未使用",121.446047,25.193459,"新北市","淡水區"
"其他","2021",1,26,7,"晴","日間自然光線",60,"四岔路","交叉口附近","柏油","乾燥","良好","正常","中央分向島","未繪設快慢車道分隔線","有",35,"未使用",121.446047,25.193459,"新北市","淡水區"
"對撞","2021",1,26,12,"晴","日間自然光線",50,"彎曲路及附近","一般車道(未劃分快慢車道)","柏油","乾燥","良好","無號誌","雙向禁止超車線","未繪設快慢車道分隔線","無",57,"未使用",121.75828,25.133091,"基隆市","信義區"
"對撞","2021",1,26,12,"晴","日間自然光線",50,"彎曲路及附近","一般車道(未劃分快慢車道)","柏油","乾燥","良好","無號誌","雙向禁止超車線","未繪設快慢車道分隔線","無",30,"未使用",121.75828,25.133091,"基隆市","信義區"
"撞護欄(樁)","2021",1,26,14,"晴","日間自然光線",60,"直路","路肩、路緣","柏油","乾燥","良好","無號誌","中央分向島","快慢車道分隔線","有",52,"不明",120.652989,22.261031,"屏東縣","枋山鄉"
"撞護欄(樁)","2021",1,26,14,"晴","日間自然光線",60,"直路","路肩、路緣","柏油","乾燥","良好","無號誌","中央分向島","快慢車道分隔線","有",57,"非駕駛人",120.652989,22.261031,"屏東縣","枋山鄉"
"撞護欄(樁)","2021",1,26,14,"晴","日間自然光線",60,"直路","路肩、路緣","柏油","乾燥","良好","無號誌","中央分向島","快慢車道分隔線","有",10,"非駕駛人",120.652989,22.261031,"屏東縣","枋山鄉"
"路上翻車、摔倒","2021",1,26,14,"晴","日間自然光線",30,"直路","一般車道(未劃分快慢車道)","柏油","乾燥","良好","無號誌","無","未繪設快慢車道分隔線","有",75,"不明",120.395753,23.904944,"彰化縣","二林鎮"
"追撞","2021",1,26,17,"晴","晨或暮光",50,"四岔路","交叉路口內","柏油","乾燥","良好","無號誌","雙向禁止超車線","未繪設快慢車道分隔線","有",20,"未使用",120.180324,23.116953,"臺南市","西港區"
"追撞","2021",1,26,17,"晴","晨或暮光",50,"四岔路","交叉路口內","柏油","乾燥","良好","無號誌","雙向禁止超車線","未繪設快慢車道分隔線","有",33,"未使用",120.180324,23.116953,"臺南市","西港區"
"對撞","2021",1,26,18,"晴","夜間(或隧道、地下道、涵洞)無照明",60,"彎曲路及附近","快車道","柏油","乾燥","良好","無號誌","雙向禁止超車線","快慢車道分隔線","有",54,"不明",121.210765,22.86503,"臺東縣","東河鄉"
"對撞","2021",1,26,18,"晴","夜間(或隧道、地下道、涵洞)無照明",60,"彎曲路及附近","快車道","柏油","乾燥","良好","無號誌","雙向禁止超車線","快慢車道分隔線","有",27,"非駕駛人",121.210765,22.86503,"臺東縣","東河鄉"
"對撞","2021",1,26,18,"晴","夜間(或隧道、地下道、涵洞)無照明",60,"彎曲路及附近","快車道","柏油","乾燥","良好","無號誌","雙向禁止超車線","快慢車道分隔線","有",48,"非駕駛人",121.210765,22.86503,"臺東縣","東河鄉"
"對撞","2021",1,26,18,"晴","夜間(或隧道、地下道、涵洞)無照明",60,"彎曲路及附近","快車道","柏油","乾燥","良好","無號誌","雙向禁止超車線","快慢車道分隔線","有",42,"未使用",121.210765,22.86503,"臺東縣","東河鄉"
"追撞","2021",1,27,8,"晴","日間自然光線",100,"直路","快車道","柏油","乾燥","良好","無號誌","中央分向島","未繪設快慢車道分隔線","有",27,"未使用",121.021903,24.833369,"新竹縣","竹北市"
"追撞","2021",1,27,8,"晴","日間自然光線",100,"直路","快車道","柏油","乾燥","良好","無號誌","中央分向島","未繪設快慢車道分隔線","有",43,"未使用",121.021903,24.833369,"新竹縣","竹北市"
"追撞","2021",1,27,8,"晴","日間自然光線",100,"直路","快車道","柏油","乾燥","良好","無號誌","中央分向島","未繪設快慢車道分隔線","有",37,"未使用",121.021903,24.833369,"新竹縣","竹北市"
"追撞","2021",1,27,8,"晴","日間自然光線",100,"直路","快車道","柏油","乾燥","良好","無號誌","中央分向島","未繪設快慢車道分隔線","有",29,"未使用",121.021903,24.833369,"新竹縣","竹北市"
"追撞","2021",1,27,8,"晴","日間自然光線",100,"直路","快車道","柏油","乾燥","良好","無號誌","中央分向島","未繪設快慢車道分隔線","有",32,"未使用",121.021903,24.833369,"新竹縣","竹北市"
"追撞","2021",1,27,8,"晴","日間自然光線",100,"直路","快車道","柏油","乾燥","良好","無號誌","中央分向島","未繪設快慢車道分隔線","有",29,"未使用",121.021903,24.833369,"新竹縣","竹北市"
"追撞","2021",1,27,8,"晴","日間自然光線",100,"直路","快車道","柏油","乾燥","良好","無號誌","中央分向島","未繪設快慢車道分隔線","有",49,"未使用",121.021903,24.833369,"新竹縣","竹北市"
"倒車撞","2021",1,27,9,"晴","日間自然光線",50,"三岔路","一般車道(未劃分快慢車道)","柏油","乾燥","良好","無號誌","雙向禁止超車線","未繪設快慢車道分隔線","有",41,"不明",120.47529,23.797479,"雲林縣","西螺鎮"
"倒車撞","2021",1,27,9,"晴","日間自然光線",50,"三岔路","一般車道(未劃分快慢車道)","柏油","乾燥","良好","無號誌","雙向禁止超車線","未繪設快慢車道分隔線","有",76,"不明",120.47529,23.797479,"雲林縣","西螺鎮"
"倒車撞","2021",1,27,9,"晴","日間自然光線",50,"三岔路","一般車道(未劃分快慢車道)","柏油","乾燥","良好","無號誌","雙向禁止超車線","未繪設快慢車道分隔線","有",19,"不明",120.47529,23.797479,"雲林縣","西螺鎮"
"同向擦撞","2021",1,27,10,"陰","日間自然光線",50,"四岔路","交叉口附近","柏油","乾燥","良好","正常","雙向禁止超車線","未繪設快慢車道分隔線","有",36,"未使用",121.442174,24.978288,"新北市","土城區"
"同向擦撞","2021",1,27,10,"陰","日間自然光線",50,"四岔路","交叉口附近","柏油","乾燥","良好","正常","雙向禁止超車線","未繪設快慢車道分隔線","有",74,"未使用",121.442174,24.978288,"新北市","土城區"
"側撞","2021",1,27,11,"陰","日間自然光線",50,"三岔路","交叉路口內","柏油","乾燥","良好","無號誌","無","未繪設快慢車道分隔線","無",68,"未使用",120.986875,24.777785,"新竹市","東區"
"側撞","2021",1,27,11,"陰","日間自然光線",50,"三岔路","交叉路口內","柏油","乾燥","良好","無號誌","無","未繪設快慢車道分隔線","無",19,"未使用",120.986875,24.777785,"新竹市","東區"
"側撞","2021",1,27,11,"陰","日間自然光線",50,"三岔路","交叉路口內","柏油","乾燥","良好","無號誌","無","未繪設快慢車道分隔線","無",18,"非駕駛人",120.986875,24.777785,"新竹市","東區"
"同向擦撞","2021",1,27,11,"晴","日間自然光線",50,"多岔路","一般車道(未劃分快慢車道)","柏油","乾燥","良好","正常","雙向禁止超車線","未繪設快慢車道分隔線","有",58,"不明",120.81342,24.561377,"苗栗縣","苗栗市"
"同向擦撞","2021",1,27,11,"晴","日間自然光線",50,"多岔路","一般車道(未劃分快慢車道)","柏油","乾燥","良好","正常","雙向禁止超車線","未繪設快慢車道分隔線","有",38,"不明",120.81342,24.561377,"苗栗縣","苗栗市"
"同向擦撞","2021",1,27,11,"晴","日間自然光線",50,"多岔路","一般車道(未劃分快慢車道)","柏油","乾燥","良好","正常","雙向禁止超車線","未繪設快慢車道分隔線","有",49,"不明",120.81342,24.561377,"苗栗縣","苗栗市"
"對向擦撞","2021",1,27,11,"晴","日間自然光線",50,"彎曲路及附近","一般車道(未劃分快慢車道)","柏油","乾燥","良好","無號誌","行車分向線","未繪設快慢車道分隔線","無",61,"不明",120.898904,24.726329,"苗栗縣","竹南鎮"
"對向擦撞","2021",1,27,11,"晴","日間自然光線",50,"彎曲路及附近","一般車道(未劃分快慢車道)","柏油","乾燥","良好","無號誌","行車分向線","未繪設快慢車道分隔線","無",83,"非駕駛人",120.898904,24.726329,"苗栗縣","竹南鎮"
"對向擦撞","2021",1,27,11,"晴","日間自然光線",50,"彎曲路及附近","一般車道(未劃分快慢車道)","柏油","乾燥","良好","無號誌","行車分向線","未繪設快慢車道分隔線","無",39,"非駕駛人",120.898904,24.726329,"苗栗縣","竹南鎮"
"對向擦撞","2021",1,27,11,"晴","日間自然光線",50,"彎曲路及附近","一般車道(未劃分快慢車道)","柏油","乾燥","良好","無號誌","行車分向線","未繪設快慢車道分隔線","無",32,"不明",120.898904,24.726329,"苗栗縣","竹南鎮"
"側撞","2021",1,27,11,"晴","日間自然光線",60,"三岔路","交叉路口內","柏油","乾燥","良好","正常","中央分向島","未繪設快慢車道分隔線","有",75,"未使用",120.504903,23.880126,"彰化縣","北斗鎮"
"側撞","2021",1,27,11,"晴","日間自然光線",60,"三岔路","交叉路口內","柏油","乾燥","良好","正常","中央分向島","未繪設快慢車道分隔線","有",69,"未使用",120.504903,23.880126,"彰化縣","北斗鎮"
"側撞","2021",1,27,11,"晴","日間自然光線",60,"三岔路","交叉路口內","柏油","乾燥","良好","正常","中央分向島","未繪設快慢車道分隔線","有",28,"未使用",120.504903,23.880126,"彰化縣","北斗鎮"
"路口交岔撞","2021",1,27,17,"晴","日間自然光線",40,"四岔路","交叉口附近","柏油","乾燥","良好","無號誌","無","未繪設快慢車道分隔線","有",43,"不明",120.306344,23.64798,"雲林縣","元長鄉"
"路口交岔撞","2021",1,27,17,"晴","日間自然光線",40,"四岔路","交叉口附近","柏油","乾燥","良好","無號誌","無","未繪設快慢車道分隔線","有",41,"未使用",120.306344,23.64798,"雲林縣","元長鄉"
"側撞","2021",1,28,8,"陰","日間自然光線",50,"三岔路","交叉口附近","柏油","乾燥","良好","無號誌","行車分向線","快慢車道分隔線","有",24,"未使用",120.2389,22.83802,"高雄市","路竹區"
"側撞","2021",1,28,8,"陰","日間自然光線",50,"三岔路","交叉口附近","柏油","乾燥","良好","無號誌","行車分向線","快慢車道分隔線","有",68,"未使用",120.2389,22.83802,"高雄市","路竹區"
"路口交岔撞","2021",1,28,10,"晴","日間自然光線",30,"四岔路","交叉路口內","柏油","乾燥","良好","無號誌","無","未繪設快慢車道分隔線","無",32,"未使用",120.24629,23.436257,"嘉義縣","朴子市"
"路口交岔撞","2021",1,28,10,"晴","日間自然光線",30,"四岔路","交叉路口內","柏油","乾燥","良好","無號誌","無","未繪設快慢車道分隔線","無",71,"未使用",120.24629,23.436257,"嘉義縣","朴子市"
"撞護欄(樁)","2021",1,28,15,"晴","日間自然光線",40,"彎曲路及附近","直線匝道","柏油","乾燥","良好","無號誌","中央分向島","未繪設快慢車道分隔線","有",41,"未使用",120.277306,23.06532,"臺南市","新市區"
"側撞","2021",1,28,15,"陰","日間自然光線",50,"三岔路","交叉口附近","柏油","乾燥","良好","正常","無","未繪設快慢車道分隔線","無",24,"未使用",121.709024,24.722923,"宜蘭縣","員山鄉"
"側撞","2021",1,28,15,"陰","日間自然光線",50,"三岔路","交叉口附近","柏油","乾燥","良好","正常","無","未繪設快慢車道分隔線","無",65,"未使用",121.709024,24.722923,"宜蘭縣","員山鄉"
"側撞","2021",1,28,15,"陰","日間自然光線",50,"三岔路","交叉口附近","柏油","乾燥","良好","正常","無","未繪設快慢車道分隔線","無",25,"使用手持或有礙駕駛安全",121.709024,24.722923,"宜蘭縣","員山鄉"
"撞護欄(樁)","2021",1,29,5,"晴","晨或暮光",50,"四岔路","交叉路口內","柏油","乾燥","良好","正常","中央分向島","未繪設快慢車道分隔線","有",46,"未使用",121.458371,25.075385,"新北市","五股區"
"側撞","2021",1,29,9,"晴","日間自然光線",40,"四岔路","交叉路口內","柏油","乾燥","良好","正常","無","未繪設快慢車道分隔線","無",50,"未使用",120.503701,24.05903,"彰化縣","秀水鄉"
"側撞","2021",1,29,9,"晴","日間自然光線",40,"四岔路","交叉路口內","柏油","乾燥","良好","正常","無","未繪設快慢車道分隔線","無",20,"未使用",120.503701,24.05903,"彰化縣","秀水鄉"
"側撞","2021",1,29,9,"晴","日間自然光線",40,"四岔路","交叉路口內","柏油","乾燥","良好","正常","無","未繪設快慢車道分隔線","無",57,"未使用",120.503701,24.05903,"彰化縣","秀水鄉"