"事故類型及型態子類別名稱","發生年度","發生月份","發生日期","發生時間","天候名稱","光線名稱","速限.第1當事者","道路型態子類別名稱","事故位置子類別名稱","路面狀況.路面鋪裝名稱","路面狀況.路面狀態名稱","道路障礙.視距品質名稱","號誌.號誌動作名稱","車道劃分設施.分向設施大類別名稱","車道劃分設施.分道設施.快慢車道間名稱","車道劃分設施.分道設施.路面邊線名稱","當事者事故發生時年齡","行動電話或電腦或其他相類功能裝置名稱","經度","緯度","縣市","鄉鎮"
"其他","2021",1,29,11,"晴","日間自然光線",50,"其他","其他","柏油","乾燥","良好","無號誌","雙向禁止超車線","未繪設快慢車道分隔線","有",31,"不明",121.52252,25.102945,"臺北市","北投區"
"其他","2021",1,29,11,"晴","日間自然光線",50,"其他","其他","柏油","乾燥","良好","無號誌","雙向禁止超車線","未繪設快慢車道分隔線","有",47,"未使用",121.52252,25.102945,"臺北市","北投區"
"其他","2021",1,29,11,"晴","日間自然光線",50,"其他","其他","柏油","乾燥","良好","無號誌","雙向禁止超車線","未繪設快慢車道分隔線","有",23,"未使用",121.52252,25.102945,"臺北市","北投區"
"側撞","2021",1,29,16,"晴","日間自然光線",50,"四岔路","交叉路口內","柏油","乾燥","良好","正常","中央分向島","快慢車道分隔線","有",61,"未使用",120.487496,22.606213,"屏東縣","萬丹鄉"
"側撞","2021",1,29,16,"晴","日間自然光線",50,"四岔路","交叉路口內","柏油","乾燥","良好","正常","中央分向島","快慢車道分隔線","有",32,"未使用",120.487496,22.606213,"屏東縣","萬丹鄉"
"追撞","2021",1,29,18,"晴","夜間(或隧道、地下道、涵洞)有照明",40,"直路","慢車道","柏油","乾燥","良好","無號誌","中央分向島","快慢車道分隔線","有",18,"未使用",120.867431,24.704208,"苗栗縣","竹南鎮"
"追撞","2021",1,29,18,"晴","夜間(或隧道、地下道、涵洞)有照明",40,"直路","慢車道","柏油","乾燥","良好","無號誌","中央分向島","快慢車道分隔線","有",64,"未使用",120.867431,24.704208,"苗栗縣","竹南鎮"
"撞交通島","2021",1,30,2,"晴","夜間(或隧道、地下道、涵洞)有照明",60,"直路","一般車道(未劃分快慢車道)","柏油","乾燥","良好","無號誌","中央分向島","快慢車道分隔線","有",31,"不明",121.502434,25.259345,"新北市","三芝區"
"撞交通島","2021",1,30,2,"晴","夜間(或隧道、地下道、涵洞)有照明",60,"直路","一般車道(未劃分快慢車道)","柏油","乾燥","良好","無號誌","中央分向島","快慢車道分隔線","有",59,"非駕駛人",121.502434,25.259345,"新北市","三芝區"
"撞交通島","2021",1,30,2,"晴","夜間(或隧道、地下道、涵洞)有照明",60,"直路","一般車道(未劃分快慢車道)","柏油","乾燥","良好","無號誌","中央分向島","快慢車道分隔線","有",18,"非駕駛人",121.502434,25.259345,"新北市","三芝區"
"撞交通島","2021",1,30,2,"晴","夜間(或隧道、地下道、涵洞)有照明",60,"直路","一般車道(未劃分快慢車道)","柏油","乾燥","良好","無號誌","中央分向島","快慢車道分隔線","有",27,"未使用",121.502434,25.259345,"新北市","三芝區"
"撞交通島","2021",1,30,2,"晴","夜間(或隧道、地下道、涵洞)有照明",60,"直路","一般車道(未劃分快慢車道)","柏油","乾燥","良好","無號誌","中央分向島","快慢車道分隔線","有",27,"未使用",121.502434,25.259345,"新北市","三芝區"
"撞交通島","2021",1,30,2,"晴","夜間(或隧道、地下道、涵洞)有照明",60,"直路","一般車道(未劃分快慢車道)","柏油","乾燥","良好","無號誌","中央分向島","快慢車道分隔線","有",63,"未使用",121.502434,25.259345,"新北市","三芝區"
"路口交岔撞","2021",1,30,11,"晴","日間自然光線",30,"四岔路","交叉路口內","柏油","乾燥","良好","無號誌","無","未繪設快慢車道分隔線","有",44,"不明",120.640096,24.43315,"苗栗縣","苑裡鎮"
"路口交岔撞","2021",1,30,11,"晴","日間自然光線",30,"四岔路","交叉路口內","柏油","乾燥","良好","無號誌","無","未繪設快慢車道分隔線","有",74,"不明",120.640096,24.43315,"苗栗縣","苑裡鎮"
"其他","2021",1,30,19,"晴","夜間(或隧道、地下道、涵洞)有照明",50,"直路","一般車道(未劃分快慢車道)","柏油","乾燥","良好","無號誌","雙向禁止超車線","未繪設快慢車道分隔線","有",36,"不明",121.38978,25.06567,"新北市","泰山區"
"其他","2021",1,30,19,"晴","夜間(或隧道、地下道、涵洞)有照明",50,"直路","一般車道(未劃分快慢車道)","柏油","乾燥","良好","無號誌","雙向禁止超車線","未繪設快慢車道分隔線","有",75,"未使用",121.38978,25.06567,"新北市","泰山區"
"其他","2021",1,30,19,"晴","夜間(或隧道、地下道、涵洞)有照明",50,"直路","一般車道(未劃分快慢車道)","柏油","乾燥","良好","無號誌","雙向禁止超車線","未繪設快慢車道分隔線","有",63,"未使用",121.38978,25.06567,"新北市","泰山區"
"同向通行中","2021",1,31,0,"晴","夜間(或隧道、地下道、涵洞)有照明",50,"直路","一般車道(未劃分快慢車道)","柏油","乾燥","良好","無號誌","雙向禁止超車線","未繪設快慢車道分隔線","有",29,"未使用",120.924441,24.306601,"臺中市","和平區"
"同向通行中","2021",1,31,0,"晴","夜間(或隧道、地下道、涵洞)有照明",50,"直路","一般車道(未劃分快慢車道)","柏油","乾燥","良好","無號誌","雙向禁止超車線","未繪設快慢車道分隔線","有",23,"未使用",120.924441,24.306601,"臺中市","和平區"
"側撞","2021",1,31,9,"晴","日間自然光線",50,"四岔路","交叉路口內","柏油","乾燥","良好","正常","無","未繪設快慢車道分隔線","無",40,"未使用",121.426237,25.002193,"新北市","樹林區"
"側撞","2021",1,31,9,"晴","日間自然光線",50,"四岔路","交叉路口內","柏油","乾燥","良好","正常","無","未繪設快慢車道分隔線","無",79,"未使用",121.426237,25.002193,"新北市","樹林區"
"衝出路外","2021",1,31,13,"晴","日間自然光線",50,"坡路","路肩、路緣","柏油","乾燥","良好","無號誌","雙向禁止超車線","未繪設快慢車道分隔線","有",52,"未使用",121.614021,23.982046,"花蓮縣","花蓮市"
"追撞","2021",1,31,14,"晴","日間自然光線",60,"多岔路","交叉口附近","柏油","乾燥","良好","正常","中央分向島","快慢車道分隔線","有",27,"未使用",121.119956,24.736322,"新竹縣","芎林鄉"
"追撞","2021",1,31,14,"晴","日間自然光線",60,"多岔路","交叉口附近","柏油","乾燥","良好","正常","中央分向島","快慢車道分隔線","有",88,"未使用",121.119956,24.736322,"新竹縣","芎林鄉"
"追撞","2021",1,31,14,"晴","日間自然光線",60,"多岔路","交叉口附近","柏油","乾燥","良好","正常","中央分向島","快慢車道分隔線","有",26,"未使用",121.119956,24.736322,"新竹縣","芎林鄉"
"追撞","2021",1,31,14,"晴","日間自然光線",60,"多岔路","交叉口附近","柏油","乾燥","良好","正常","中央分向島","快慢車道分隔線","有",43,"未使用",121.119956,24.736322,"新竹縣","芎林鄉"
"追撞","2021",1,31,14,"晴","日間自然光線",60,"多岔路","交叉口附近","柏油","乾燥","良好","正常","中央分向島","快慢車道分隔線","有",41,"未使用",121.119956,24.736322,"新竹縣","芎林鄉"
"側撞","2021",1,31,22,"晴","夜間(或隧道、地下道、涵洞)有照明",30,"四岔路","交叉路口內","柏油","乾燥","不良","無號誌","無","未繪設快慢車道分隔線","無",63,"未使用",120.399011,22.625047,"高雄市","大寮區"
"側撞","2021",1,31,22,"晴","夜間(或隧道、地下道、涵洞)有照明",30,"四岔路","交叉路口內","柏油","乾燥","不良","無號誌","無","未繪設快慢車道分隔線","無",29,"未使用",120.399011,22.625047,"高雄市","大寮區"
"撞路樹、電桿","2021",2,1,5,"晴","夜間(或隧道、地下道、涵洞)有照明",50,"直路","其他","柏油","乾燥","良好","無號誌","無","快慢車道分隔線","有",17,"不明",120.938357,23.965194,"南投縣","埔里鎮"
"側撞","2021",2,1,13,"晴","日間自然光線",50,"四岔路","交叉路口內","柏油","乾燥","良好","正常","無","未繪設快慢車道分隔線","無",38,"未使用",121.419688,25.016484,"新北市","樹林區"
"側撞","2021",2,1,13,"晴","日間自然光線",50,"四岔路","交叉路口內","柏油","乾燥","良好","正常","無","未繪設快慢車道分隔線","無",52,"未使用",121.419688,25.016484,"新北市","樹林區"
"同向擦撞","2021",2,1,16,"晴","晨或暮光",40,"直路","一般車道(未劃分快慢車道)","柏油","乾燥","良好","無號誌","雙向禁止超車線","未繪設快慢車道分隔線","有",52,"未使用",120.464806,23.506232,"嘉義縣","民雄鄉"
"同向擦撞","2021",2,1,16,"晴","晨或暮光",40,"直路","一般車道(未劃分快慢車道)","柏油","乾燥","良好","無號誌","雙向禁止超車線","未繪設快慢車道分隔線","有",60,"未使用",120.464806,23.506232,"嘉義縣","民雄鄉"
"撞非固定設施","2021",2,1,20,"晴","夜間(或隧道、地下道、涵洞)有照明",50,"直路","路肩、路緣","柏油","乾燥","良好","無號誌","行車分向線","未繪設快慢車道分隔線","有",36,"未使用",120.251336,22.984211,"臺南市","仁德區"
"撞橋樑、建築物","2021",2,1,23,"晴","夜間(或隧道、地下道、涵洞)有照明",50,"直路","快車道","柏油","乾燥","良好","無號誌","雙向禁止超車線","快慢車道分隔線","有",21,"不明",120.207324,23.05742,"臺南市","南區"
"撞橋樑、建築物","2021",2,1,23,"晴","夜間(或隧道、地下道、涵洞)有照明",50,"直路","快車道","柏油","乾燥","良好","無號誌","雙向禁止超車線","快慢車道分隔線","有",20,"非駕駛人",120.207324,23.05742,"臺南市","南區"
"撞橋樑、建築物","2021",2,1,23,"晴","夜間(或隧道、地下道、涵洞)有照明",50,"直路","快車道","柏油","乾燥","良好","無號誌","雙向禁止超車線","快慢車道分隔線","有",19,"非駕駛人",120.207324,23.05742,"臺南市","南區"
"撞橋樑、建築物","2021",2,1,23,"晴","夜間(或隧道、地下道、涵洞)有照明",50,"直路","快車道","柏油","乾燥","良好","無號誌","雙向禁止超車線","快慢車道分隔線","有",16,"非駕駛人",120.207324,23.05742,"臺南市","南區"
"撞橋樑、建築物","2021",2,1,23,"晴","夜間(或隧道、地下道、涵洞)有照明",50,"直路","快車道","柏油","乾燥","良好","無號誌","雙向禁止超車線","快慢車道分隔線","有",17,"非駕駛人",120.207324,23.05742,"臺南市","南區"
"撞橋樑、建築物","2021",2,1,23,"晴","夜間(或隧道、地下道、涵洞)有照明",50,"直路","快車道","柏油","乾燥","良好","無號誌","雙向禁止超車線","快慢車道分隔線","有",15,"非駕駛人",120.207324,23.05742,"臺南市","南區"
"路口交岔撞","2021",2,2,0,"陰","夜間(或隧道、地下道、涵洞)有照明",40,"四岔路","交叉路口內","柏油","乾燥","良好","無號誌","無","未繪設快慢車道分隔線","無",20,"未使用",121.57083,23.97542,"花蓮縣","吉安鄉"
"路口交岔撞","2021",2,2,0,"陰","夜間(或隧道、地下道、涵洞)有照明",40,"四岔路","交叉路口內","柏油","乾燥","良好","無號誌","無","未繪設快慢車道分隔線","無",43,"未使用",121.57083,23.97542,"花蓮縣","吉安鄉"
"路口交岔撞","2021",2,2,7,"晴","日間自然光線",50,"四岔路","交叉路口內","柏油","乾燥","良好","正常","無","未繪設快慢車道分隔線","無",61,"未使用",120.475931,23.670112,"雲林縣","斗南鎮"
"路口交岔撞","2021",2,2,7,"晴","日間自然光線",50,"四岔路","交叉路口內","柏油","乾燥","良好","正常","無","未繪設快慢車道分隔線","無",40,"不明",120.475931,23.670112,"雲林縣","斗南鎮"
"側撞","2021",2,2,8,"晴","日間自然光線",50,"四岔路","交叉路口內","柏油","乾燥","良好","正常","行車分向線","未繪設快慢車道分隔線","有",27,"未使用",120.680642,24.419439,"苗栗縣","苑裡鎮"
"側撞","2021",2,2,8,"晴","日間自然光線",50,"四岔路","交叉路口內","柏油","乾燥","良好","正常","行車分向線","未繪設快慢車道分隔線","有",65,"未使用",120.680642,24.419439,"苗栗縣","苑裡鎮"
"穿越道路中","2021",2,2,8,"陰","日間自然光線",40,"直路","一般車道(未劃分快慢車道)","柏油","乾燥","良好","正常","雙向禁止超車線","未繪設快慢車道分隔線","有",31,"未使用",121.52636,25.087075,"臺北市","士林區"
"穿越道路中","2021",2,2,8,"陰","日間自然光線",40,"直路","一般車道(未劃分快慢車道)","柏油","乾燥","良好","正常","雙向禁止超車線","未繪設快慢車道分隔線","有",76,"非駕駛人",121.52636,25.087075,"臺北市","士林區"
"穿越道路中","2021",2,2,12,"晴","日間自然光線",40,"三岔路","交叉路口內","柏油","乾燥","良好","無號誌","雙向禁止超車線","寛式快慢車道分隔島(50公分以上)","無",27,"未使用",120.298872,22.723846,"高雄市","楠梓區"
"穿越道路中","2021",2,2,12,"晴","日間自然光線",40,"三岔路","交叉路口內","柏油","乾燥","良好","無號誌","雙向禁止超車線","寛式快慢車道分隔島(50公分以上)","無",75,"非駕駛人",120.298872,22.723846,"高雄市","楠梓區"
"追撞","2021",2,3,1,"晴","夜間(或隧道、地下道、涵洞)無照明",50,"直路","慢車道","柏油","乾燥","良好","無號誌","中央分向島","寛式快慢車道分隔島(50公分以上)","有",50,"不明",120.842473,24.676225,"苗栗縣","竹南鎮"
"追撞","2021",2,3,1,"晴","夜間(或隧道、地下道、涵洞)無照明",50,"直路","慢車道","柏油","乾燥","良好","無號誌","中央分向島","寛式快慢車道分隔島(50公分以上)","有",22,"不明",120.842473,24.676225,"苗栗縣","竹南鎮"
"撞路樹、電桿","2021",2,3,2,"晴","夜間(或隧道、地下道、涵洞)有照明",50,"直路","路肩、路緣","柏油","乾燥","良好","無號誌","行車分向線","快慢車道分隔線","有",28,"不明",120.272123,23.189311,"臺南市","麻豆區"
"穿越道路中","2021",2,3,8,"晴","日間自然光線",50,"直路","一般車道(未劃分快慢車道)","柏油","乾燥","良好","正常","中央分向島","快慢車道分隔線","無",67,"未使用",121.519832,25.089617,"臺北市","士林區"
"穿越道路中","2021",2,3,8,"晴","日間自然光線",50,"直路","一般車道(未劃分快慢車道)","柏油","乾燥","良好","正常","中央分向島","快慢車道分隔線","無",60,"非駕駛人",121.519832,25.089617,"臺北市","士林區"
"追撞","2021",2,3,9,"晴","日間自然光線",60,"直路","快車道","柏油","乾燥","良好","無號誌","中央分向島","寛式快慢車道分隔島(50公分以上)","有",58,"未使用",120.57565,24.25177,"臺中市","沙鹿區"
"追撞","2021",2,3,9,"晴","日間自然光線",60,"直路","快車道","柏油","乾燥","良好","無號誌","中央分向島","寛式快慢車道分隔島(50公分以上)","有",50,"未使用",120.57565,24.25177,"臺中市","沙鹿區"
"追撞","2021",2,3,9,"晴","日間自然光線",60,"直路","快車道","柏油","乾燥","良好","無號誌","中央分向島","寛式快慢車道分隔島(50公分以上)","有",44,"未使用",120.57565,24.25177,"臺中市","沙鹿區"
"衝出路外","2021",2,3,18,"晴","夜間(或隧道、地下道、涵洞)有照明",20,"直路","一般車道(未劃分快慢車道)","柏油","乾燥","良好","無號誌","無","未繪設快慢車道分隔線","無",86,"使用免持或未有礙駕駛安全",120.478403,22.516677,"屏東縣","崁頂鄉"
"撞路樹、電桿","2021",2,4,9,"晴","日間自然光線",50,"直路","路肩、路緣","柏油","乾燥","良好","無號誌","雙向禁止超車線","未繪設快慢車道分隔線","有",20,"未使用",120.481528,23.447948,"嘉義縣","中埔鄉"
"側撞","2021",2,4,11,"晴","日間自然光線",50,"三岔路","交叉路口內","柏油","乾燥","良好","正常","雙向禁止超車線","未繪設快慢車道分隔線","有",30,"不明",120.300574,22.810926,"高雄市","岡山區"
"側撞","2021",2,4,11,"晴","日間自然光線",50,"三岔路","交叉路口內","柏油","乾燥","良好","正常","雙向禁止超車線","未繪設快慢車道分隔線","有",32,"未使用",120.300574,22.810926,"高雄市","岡山區"
"撞護欄(樁)","2021",2,4,12,"晴","日間自然光線",70,"直路","路肩、路緣","柏油","乾燥","良好","無號誌","中央分向島","寛式快慢車道分隔島(50公分以上)","有",55,"不明",120.24542,23.398974,"嘉義縣","義竹鄉"
"路上翻車、摔倒","2021",2,4,14,"晴","日間自然光線",110,"直路","快車道","柏油","乾燥","良好","無號誌","中央分向島","未繪設快慢車道分隔線","有",19,"非駕駛人",120.432739,23.591355,"嘉義縣","大林鎮"
"路上翻車、摔倒","2021",2,4,14,"晴","日間自然光線",110,"直路","快車道","柏油","乾燥","良好","無號誌","中央分向島","未繪設快慢車道分隔線","有",51,"未使用",120.432739,23.591355,"嘉義縣","大林鎮"
"路上翻車、摔倒","2021",2,4,14,"晴","日間自然光線",110,"直路","快車道","柏油","乾燥","良好","無號誌","中央分向島","未繪設快慢車道分隔線","有",19,"非駕駛人",120.432739,23.591355,"嘉義縣","大林鎮"
"路上翻車、摔倒","2021",2,4,14,"晴","日間自然光線",110,"直路","快車道","柏油","乾燥","良好","無號誌","中央分向島","未繪設快慢車道分隔線","有",19,"非駕駛人",120.432739,23.591355,"嘉義縣","大林鎮"
"穿越道路中","2021",2,4,18,"晴","夜間(或隧道、地下道、涵洞)有照明",40,"四岔路","交叉路口內","柏油","乾燥","良好","正常","無","未繪設快慢車道分隔線","無",66,"非駕駛人",120.477655,23.135629,"臺南市","玉井區"
"穿越道路中","2021",2,4,18,"晴","夜間(或隧道、地下道、涵洞)有照明",40,"四岔路","交叉路口內","柏油","乾燥","良好","正常","無","未繪設快慢車道分隔線","無",66,"未使用",120.477655,23.135629,"臺南市","玉井區"
"穿越道路中","2021",2,4,18,"晴","夜間(或隧道、地下道、涵洞)有照明",100,"直路","快車道","柏油","乾燥","良好","無號誌","中央分向島","未繪設快慢車道分隔線","有",41,"非駕駛人",121.064183,24.876976,"新竹縣","湖口鄉"
"穿越道路中","2021",2,4,18,"晴","夜間(或隧道、地下道、涵洞)有照明",100,"直路","快車道","柏油","乾燥","良好","無號誌","中央分向島","未繪設快慢車道分隔線","有",49,"未使用",121.064183,24.876976,"新竹縣","湖口鄉"
"同向通行中","2021",2,4,19,"晴","夜間(或隧道、地下道、涵洞)有照明",50,"直路","一般車道(未劃分快慢車道)","柏油","乾燥","良好","無號誌","行車分向線","未繪設快慢車道分隔線","有",60,"未使用",121.283737,24.946916,"桃園市","八德區"
"同向通行中","2021",2,4,19,"晴","夜間(或隧道、地下道、涵洞)有照明",50,"直路","一般車道(未劃分快慢車道)","柏油","乾燥","良好","無號誌","行車分向線","未繪設快慢車道分隔線","有",82,"非駕駛人",121.283737,24.946916,"桃園市","八德區"
"撞路樹、電桿","2021",2,5,7,"晴","日間自然光線",30,"彎曲路及附近","路肩、路緣","柏油","乾燥","良好","無號誌","無","未繪設快慢車道分隔線","有",65,"未使用",120.210043,23.173928,"臺南市","佳里區"
"路口交岔撞","2021",2,5,7,"晴","日間自然光線",50,"四岔路","交叉路口內","柏油","乾燥","良好","正常","雙向禁止超車線","未繪設快慢車道分隔線","有",78,"未使用",120.524454,24.014461,"彰化縣","秀水鄉"
"路口交岔撞","2021",2,5,7,"晴","日間自然光線",50,"四岔路","交叉路口內","柏油","乾燥","良好","正常","雙向禁止超車線","未繪設快慢車道分隔線","有",73,"非駕駛人",120.524454,24.014461,"彰化縣","秀水鄉"
"路口交岔撞","2021",2,5,7,"晴","日間自然光線",50,"四岔路","交叉路口內","柏油","乾燥","良好","正常","雙向禁止超車線","未繪設快慢車道分隔線","有",36,"未使用",120.524454,24.014461,"彰化縣","秀水鄉"
"路口交岔撞","2021",2,5,9,"晴","日間自然光線",30,"四岔路","交叉路口內","柏油","乾燥","良好","無號誌","無","未繪設快慢車道分隔線","無",58,"未使用",120.288198,23.595787,"雲林縣","北港鎮"
"路口交岔撞","2021",2,5,9,"晴","日間自然光線",30,"四岔路","交叉路口內","柏油","乾燥","良好","無號誌","無","未繪設快慢車道分隔線","無",37,"未使用",120.288198,23.595787,"雲林縣","北港鎮"
"撞路樹、電桿","2021",2,5,11,"晴","日間自然光線",30,"直路","路肩、路緣","柏油","乾燥","良好","無號誌","無","未繪設快慢車道分隔線","有",51,"不明",120.247094,23.726362,"雲林縣","東勢鄉"
"其他","2021",2,5,13,"晴","日間自然光線",30,"直路","機車優先道","柏油","乾燥","良好","無號誌","無","未繪設快慢車道分隔線","無",51,"未使用",120.40622,23.815579,"雲林縣","二崙鄉"
"其他","2021",2,5,13,"晴","日間自然光線",30,"直路","機車優先道","柏油","乾燥","良好","無號誌","無","未繪設快慢車道分隔線","無",65,"未使用",120.40622,23.815579,"雲林縣","二崙鄉"
"其他","2021",2,5,13,"晴","日間自然光線",30,"直路","機車優先道","柏油","乾燥","良好","無號誌","無","未繪設快慢車道分隔線","無",65,"未使用",120.40622,23.815579,"雲林縣","二崙鄉"
"側撞","2021",2,5,13,"晴","日間自然光線",70,"三岔路","交叉口附近","柏油","乾燥","良好","無號誌","雙向禁止超車線","未繪設快慢車道分隔線","有",47,"未使用",120.447937,24.090128,"彰化縣","鹿港鎮"
"側撞","2021",2,5,13,"晴","日間自然光線",70,"三岔路","交叉口附近","柏油","乾燥","良好","無號誌","雙向禁止超車線","未繪設快慢車道分隔線","有",42,"未使用",120.447937,24.090128,"彰化縣","鹿港鎮"
"同向通行中","2021",2,5,18,"晴","夜間(或隧道、地下道、涵洞)有照明",50,"直路","一般車道(未劃分快慢車道)","柏油","乾燥","良好","無號誌","行車分向線","未繪設快慢車道分隔線","有",78,"非駕駛人",121.817545,24.859386,"宜蘭縣","頭城鎮"
"同向通行中","2021",2,5,18,"晴","夜間(或隧道、地下道、涵洞)有照明",50,"直路","一般車道(未劃分快慢車道)","柏油","乾燥","良好","無號誌","行車分向線","未繪設快慢車道分隔線","有",79,"非駕駛人",121.817545,24.859386,"宜蘭縣","頭城鎮"
"同向通行中","2021",2,5,18,"晴","夜間(或隧道、地下道、涵洞)有照明",50,"直路","一般車道(未劃分快慢車道)","柏油","乾燥","良好","無號誌","行車分向線","未繪設快慢車道分隔線","有",25,"未使用",121.817545,24.859386,"宜蘭縣","頭城鎮"
"其他","2021",2,5,18,"晴","夜間(或隧道、地下道、涵洞)有照明",40,"直路","一般車道(未劃分快慢車道)","柏油","乾燥","良好","無號誌","中央分向島","寛式快慢車道分隔島(50公分以上)","有",25,"未使用",121.467479,25.024923,"新北市","板橋區"
"其他","2021",2,5,18,"晴","夜間(或隧道、地下道、涵洞)有照明",40,"直路","一般車道(未劃分快慢車道)","柏油","乾燥","良好","無號誌","中央分向島","寛式快慢車道分隔島(50公分以上)","有",12,"非駕駛人",121.467479,25.024923,"新北市","板橋區"
"其他","2021",2,5,18,"晴","夜間(或隧道、地下道、涵洞)有照明",40,"直路","一般車道(未劃分快慢車道)","柏油","乾燥","良好","無號誌","中央分向島","寛式快慢車道分隔島(50公分以上)","有",60,"未使用",121.467479,25.024923,"新北市","板橋區"
"其他","2021",2,5,18,"晴","夜間(或隧道、地下道、涵洞)有照明",40,"直路","一般車道(未劃分快慢車道)","柏油","乾燥","良好","無號誌","中央分向島","寛式快慢車道分隔島(50公分以上)","有",52,"未使用",121.467479,25.024923,"新北市","板橋區"
"側撞","2021",2,5,18,"晴","日間自然光線",50,"三岔路","交叉路口內","柏油","乾燥","良好","無號誌","無","未繪設快慢車道分隔線","無",44,"未使用",120.302375,22.792739,"高雄市","岡山區"
"側撞","2021",2,5,18,"晴","日間自然光線",50,"三岔路","交叉路口內","柏油","乾燥","良好","無號誌","無","未繪設快慢車道分隔線","無",71,"未使用",120.302375,22.792739,"高雄市","岡山區"
"側撞","2021",2,5,18,"晴","日間自然光線",50,"三岔路","交叉路口內","柏油","乾燥","良好","無號誌","無","未繪設快慢車道分隔線","無",49,"未使用",120.302375,22.792739,"高雄市","岡山區"
"其他","2021",2,5,18,"晴","夜間(或隧道、地下道、涵洞)有照明",50,"四岔路","交叉路口內","柏油","乾燥","良好","無號誌","中央分向島","未繪設快慢車道分隔線","無",81,"不明",120.741628,24.263455,"臺中市","豐原區"
"其他","2021",2,5,18,"晴","夜間(或隧道、地下道、涵洞)有照明",50,"四岔路","交叉路口內","柏油","乾燥","良好","無號誌","中央分向島","未繪設快慢車道分隔線","無",16,"未使用",120.741628,24.263455,"臺中市","豐原區"
"路口交岔撞","2021",2,5,19,"陰","夜間(或隧道、地下道、涵洞)有照明",50,"三岔路","交叉路口內","柏油","乾燥","良好","正常","無","未繪設快慢車道分隔線","有",16,"未使用",121.459465,25.029749,"新北市","板橋區"
"路口交岔撞","2021",2,5,19,"陰","夜間(或隧道、地下道、涵洞)有照明",50,"三岔路","交叉路口內","柏油","乾燥","良好","正常","無","未繪設快慢車道分隔線","有",44,"未使用",121.459465,25.029749,"新北市","板橋區"
"側撞","2021",2,6,6,"霧或煙","日間自然光線",50,"直路","一般車道(未劃分快慢車道)","柏油","乾燥","不良","無號誌","行車分向線","快慢車道分隔線","有",56,"未使用",121.106436,25.052765,"桃園市","觀音區"
"側撞","2021",2,6,6,"霧或煙","日間自然光線",50,"直路","一般車道(未劃分快慢車道)","柏油","乾燥","不良","無號誌","行車分向線","快慢車道分隔線","有",28,"不明",121.106436,25.052765,"桃園市","觀音區"
"穿越道路中","2021",2,6,7,"晴","日間自然光線",50,"三岔路","交叉口附近","柏油","乾燥","良好","無號誌","雙向禁止超車線","未繪設快慢車道分隔線","無",89,"未使用",121.493091,25.03227,"臺北市","萬華區"
"穿越道路中","2021",2,6,7,"晴","日間自然光線",50,"三岔路","交叉口附近","柏油","乾燥","良好","無號誌","雙向禁止超車線","未繪設快慢車道分隔線","無",30,"未使用",121.493091,25.03227,"臺北市","萬華區"
"側撞","2021",2,6,8,"晴","日間自然光線",50,"三岔路","交叉口附近","柏油","乾燥","良好","正常","雙向禁止超車線","未繪設快慢車道分隔線","有",87,"不明",120.155169,23.201761,"臺南市","將軍區"
"側撞","2021",2,6,8,"晴","日間自然光線",50,"三岔路","交叉口附近","柏油","乾燥","良好","正常","雙向禁止超車線","未繪設快慢車道分隔線","有",51,"未使用",120.155169,23.201761,"臺南市","將軍區"
"側撞","2021",2,6,9,"晴","日間自然光線",50,"多岔路","交叉路口內","柏油","乾燥","良好","正常","無","未繪設快慢車道分隔線","無",42,"未使用",120.315436,22.596791,"高雄市","前鎮區"
"側撞","2021",2,6,9,"晴","日間自然光線",50,"多岔路","交叉路口內","柏油","乾燥","良好","正常","無","未繪設快慢車道分隔線","無",59,"未使用",120.315436,22.596791,"高雄市","前鎮區"
"撞路樹、電桿","2021",2,6,10,"晴","日間自然光線",40,"直路","路肩、路緣","柏油","乾燥","良好","無號誌","行車分向線","未繪設快慢車道分隔線","有",68,"未使用",120.238128,22.920915,"臺南市","仁德區"
"撞路樹、電桿","2021",2,6,10,"晴","日間自然光線",40,"直路","路肩、路緣","柏油","乾燥","良好","無號誌","行車分向線","未繪設快慢車道分隔線","有",42,"未使用",120.238128,22.920915,"臺南市","仁德區"
"撞路樹、電桿","2021",2,6,10,"晴","日間自然光線",40,"直路","路肩、路緣","柏油","乾燥","良好","無號誌","行車分向線","未繪設快慢車道分隔線","有",61,"非駕駛人",120.238128,22.920915,"臺南市","仁德區"
"撞路樹、電桿","2021",2,6,10,"晴","日間自然光線",40,"直路","路肩、路緣","柏油","乾燥","良好","無號誌","行車分向線","未繪設快慢車道分隔線","有",1,"非駕駛人",120.238128,22.920915,"臺南市","仁德區"
"路口交岔撞","2021",2,6,11,"晴","日間自然光線",30,"四岔路","交叉路口內","柏油","乾燥","良好","無號誌","無","未繪設快慢車道分隔線","無",57,"未使用",121.172724,25.007968,"桃園市","中壢區"
"路口交岔撞","2021",2,6,11,"晴","日間自然光線",30,"四岔路","交叉路口內","柏油","乾燥","良好","無號誌","無","未繪設快慢車道分隔線","無",71,"未使用",121.172724,25.007968,"桃園市","中壢區"
"路口交岔撞","2021",2,6,11,"晴","日間自然光線",30,"四岔路","交叉路口內","柏油","乾燥","良好","無號誌","無","未繪設快慢車道分隔線","無",72,"非駕駛人",121.172724,25.007968,"桃園市","中壢區"