"事故類型及型態子類別名稱","發生年度","發生月份","發生日期","發生時間","天候名稱","光線名稱","速限.第1當事者","道路型態子類別名稱","事故位置子類別名稱","路面狀況.路面鋪裝名稱","路面狀況.路面狀態名稱","道路障礙.視距品質名稱","號誌.號誌動作名稱","車道劃分設施.分向設施大類別名稱","車道劃分設施.分道設施.快慢車道間名稱","車道劃分設施.分道設施.路面邊線名稱","當事者事故發生時年齡","行動電話或電腦或其他相類功能裝置名稱","經度","緯度","縣市","鄉鎮"
"同向擦撞","2021",2,6,16,"晴","日間自然光線",50,"直路","一般車道(未劃分快慢車道)","柏油","乾燥","良好","無號誌","雙向禁止超車線","快慢車道分隔線","有",25,"不明",121.35,24.95,"新北市","鶯歌區"
"同向擦撞","2021",2,6,16,"晴","日間自然光線",50,"直路","一般車道(未劃分快慢車道)","柏油","乾燥","良好","無號誌","雙向禁止超車線","快慢車道分隔線","有",34,"不明",121.35,24.95,"新北市","鶯歌區"
"衝出路外","2021",2,7,2,"陰","夜間(或隧道、地下道、涵洞)有照明",60,"彎曲路及附近","路肩、路緣","柏油","乾燥","良好","無號誌","雙向禁止超車線","快慢車道分隔線","有",32,"不明",121.529255,23.617886,"花蓮縣","豐濱鄉"
"其他","2021",2,7,13,"晴","日間自然光線",40,"坡路","一般車道(未劃分快慢車道)","柏油","乾燥","良好","無號誌","無","未繪設快慢車道分隔線","無",71,"不明",120.782616,23.720794,"南投縣","鹿谷鄉"
"追撞","2021",2,7,18,"晴","夜間(或隧道、地下道、涵洞)有照明",50,"橋樑","快車道","柏油","乾燥","良好","無號誌","中央分向島","快慢車道分隔線","有",45,"不明",120.263852,22.909759,"臺南市","仁德區"
"追撞","2021",2,7,18,"晴","夜間(或隧道、地下道、涵洞)有照明",50,"橋樑","快車道","柏油","乾燥","良好","無號誌","中央分向島","快慢車道分隔線","有",50,"未使用",120.263852,22.909759,"臺南市","仁德區"
"穿越道路中","2021",2,7,19,"晴","夜間(或隧道、地下道、涵洞)有照明",50,"直路","慢車道","柏油","乾燥","良好","無號誌","雙向禁止超車線","未繪設快慢車道分隔線","有",59,"未使用",120.274093,23.052105,"臺南市","永康區"
"穿越道路中","2021",2,7,19,"晴","夜間(或隧道、地下道、涵洞)有照明",50,"直路","慢車道","柏油","乾燥","良好","無號誌","雙向禁止超車線","未繪設快慢車道分隔線","有",60,"非駕駛人",120.274093,23.052105,"臺南市","永康區"
"穿越道路中","2021",2,7,19,"晴","夜間(或隧道、地下道、涵洞)有照明",50,"直路","慢車道","柏油","乾燥","良好","無號誌","雙向禁止超車線","未繪設快慢車道分隔線","有",65,"未使用",120.274093,23.052105,"臺南市","永康區"
"追撞","2021",2,7,22,"晴","夜間(或隧道、地下道、涵洞)無照明",110,"直路","快車道","柏油","乾燥","良好","無號誌","中央分向島","未繪設快慢車道分隔線","有",22,"未使用",120.553436,24.099005,"彰化縣","彰化市"
"追撞","2021",2,7,22,"晴","夜間(或隧道、地下道、涵洞)無照明",110,"直路","快車道","柏油","乾燥","良好","無號誌","中央分向島","未繪設快慢車道分隔線","有",59,"未使用",120.553436,24.099005,"彰化縣","彰化市"
"追撞","2021",2,7,22,"晴","夜間(或隧道、地下道、涵洞)無照明",110,"直路","快車道","柏油","乾燥","良好","無號誌","中央分向島","未繪設快慢車道分隔線","有",25,"未使用",120.553436,24.099005,"彰化縣","彰化市"
"追撞","2021",2,7,22,"晴","夜間(或隧道、地下道、涵洞)無照明",110,"直路","快車道","柏油","乾燥","良好","無號誌","中央分向島","未繪設快慢車道分隔線","有",28,"未使用",120.553436,24.099005,"彰化縣","彰化市"
"追撞","2021",2,7,22,"晴","夜間(或隧道、地下道、涵洞)無照明",110,"直路","快車道","柏油","乾燥","良好","無號誌","中央分向島","未繪設快慢車道分隔線","有",31,"未使用",120.553436,24.099005,"彰化縣","彰化市"
"追撞","2021",2,7,22,"晴","夜間(或隧道、地下道、涵洞)無照明",110,"直路","快車道","柏油","乾燥","良好","無號誌","中央分向島","未繪設快慢車道分隔線","有",27,"未使用",120.553436,24.099005,"彰化縣","彰化市"
"側撞","2021",2,8,7,"晴","日間自然光線",50,"三岔路","交叉路口內","柏油","乾燥","良好","無號誌","行車分向線","未繪設快慢車道分隔線","有",26,"未使用",121.02004,24.816348,"新竹縣","竹北市"
"側撞","2021",2,8,7,"晴","日間自然光線",50,"三岔路","交叉路口內","柏油","乾燥","良好","無號誌","行車分向線","未繪設快慢車道分隔線","有",83,"未使用",121.02004,24.816348,"新竹縣","竹北市"
"追撞","2021",2,8,7,"晴","日間自然光線",40,"直路","慢車道","柏油","乾燥","不良","無號誌","雙向禁止超車線","快慢車道分隔線","無",53,"不明",120.405849,22.487654,"高雄市","林園區"
"追撞","2021",2,8,7,"晴","日間自然光線",40,"直路","慢車道","柏油","乾燥","不良","無號誌","雙向禁止超車線","快慢車道分隔線","無",29,"未使用",120.405849,22.487654,"高雄市","林園區"
"穿越道路中","2021",2,8,10,"晴","日間自然光線",50,"三岔路","交叉口附近","柏油","乾燥","良好","無號誌","中央分向島","未繪設快慢車道分隔線","有",40,"未使用",121.51251,23.875915,"花蓮縣","壽豐鄉"
"穿越道路中","2021",2,8,10,"晴","日間自然光線",50,"三岔路","交叉口附近","柏油","乾燥","良好","無號誌","中央分向島","未繪設快慢車道分隔線","有",68,"未使用",121.51251,23.875915,"花蓮縣","壽豐鄉"
"追撞","2021",2,8,11,"晴","日間自然光線",90,"直路","快車道","柏油","乾燥","良好","無號誌","中央分向島","未繪設快慢車道分隔線","有",57,"非駕駛人",120.351552,22.68503,"高雄市","仁武區"
"追撞","2021",2,8,11,"晴","日間自然光線",90,"直路","快車道","柏油","乾燥","良好","無號誌","中央分向島","未繪設快慢車道分隔線","有",27,"未使用",120.351552,22.68503,"高雄市","仁武區"
"追撞","2021",2,8,11,"晴","日間自然光線",90,"直路","快車道","柏油","乾燥","良好","無號誌","中央分向島","未繪設快慢車道分隔線","有",28,"未使用",120.351552,22.68503,"高雄市","仁武區"
"追撞","2021",2,8,11,"晴","日間自然光線",90,"直路","快車道","柏油","乾燥","良好","無號誌","中央分向島","未繪設快慢車道分隔線","有",40,"未使用",120.351552,22.68503,"高雄市","仁武區"
"追撞","2021",2,8,11,"晴","日間自然光線",90,"直路","快車道","柏油","乾燥","良好","無號誌","中央分向島","未繪設快慢車道分隔線","有",62,"未使用",120.351552,22.68503,"高雄市","仁武區"
"同向擦撞","2021",2,8,12,"晴","日間自然光線",40,"其他","其他","柏油","乾燥","良好","無號誌","中央分向島","未繪設快慢車道分隔線","有",80,"未使用",121.491043,25.029496,"臺北市","萬華區"
"同向擦撞","2021",2,8,12,"晴","日間自然光線",40,"其他","其他","柏油","乾燥","良好","無號誌","中央分向島","未繪設快慢車道分隔線","有",40,"未使用",121.491043,25.029496,"臺北市","萬華區"
"側撞","2021",2,8,14,"晴","日間自然光線",30,"四岔路","交叉路口內","柏油","乾燥","良好","無號誌","無","未繪設快慢車道分隔線","無",38,"未使用",120.3331,22.88069,"高雄市","阿蓮區"
"側撞","2021",2,8,14,"晴","日間自然光線",30,"四岔路","交叉路口內","柏油","乾燥","良好","無號誌","無","未繪設快慢車道分隔線","無",72,"未使用",120.3331,22.88069,"高雄市","阿蓮區"
"同向擦撞","2021",2,8,15,"晴","日間自然光線",50,"四岔路","交叉口附近","柏油","乾燥","良好","正常","中央分向島","快慢車道分隔線","無",22,"未使用",120.277277,22.723132,"高雄市","楠梓區"
"同向擦撞","2021",2,8,15,"晴","日間自然光線",50,"四岔路","交叉口附近","柏油","乾燥","良好","正常","中央分向島","快慢車道分隔線","無",37,"未使用",120.277277,22.723132,"高雄市","楠梓區"
"其他","2021",2,9,17,"晴","日間自然光線",60,"三岔路","交叉口附近","柏油","乾燥","良好","無號誌","雙向禁止超車線","快慢車道分隔線","有",21,"未使用",120.333128,22.945183,"臺南市","關廟區"
"其他","2021",2,9,17,"晴","日間自然光線",60,"三岔路","交叉口附近","柏油","乾燥","良好","無號誌","雙向禁止超車線","快慢車道分隔線","有",22,"未使用",120.333128,22.945183,"臺南市","關廟區"
"其他","2021",2,9,17,"晴","日間自然光線",60,"三岔路","交叉口附近","柏油","乾燥","良好","無號誌","雙向禁止超車線","快慢車道分隔線","有",64,"未使用",120.333128,22.945183,"臺南市","關廟區"
"其他","2021",2,9,17,"晴","日間自然光線",60,"三岔路","交叉口附近","柏油","乾燥","良好","無號誌","雙向禁止超車線","快慢車道分隔線","有",20,"未使用",120.333128,22.945183,"臺南市","關廟區"
"穿越道路中","2021",2,9,18,"陰","夜間(或隧道、地下道、涵洞)有照明",40,"直路","一般車道(未劃分快慢車道)","柏油","乾燥","良好","無號誌","雙向禁止超車線","未繪設快慢車道分隔線","有",71,"未使用",120.758129,23.830873,"南投縣","集集鎮"
"穿越道路中","2021",2,9,18,"陰","夜間(或隧道、地下道、涵洞)有照明",40,"直路","一般車道(未劃分快慢車道)","柏油","乾燥","良好","無號誌","雙向禁止超車線","未繪設快慢車道分隔線","有",81,"非駕駛人",120.758129,23.830873,"南投縣","集集鎮"
"撞路樹、電桿","2021",2,9,19,"陰","夜間(或隧道、地下道、涵洞)無照明",30,"直路","一般車道(未劃分快慢車道)","柏油","乾燥","良好","無號誌","無","未繪設快慢車道分隔線","無",59,"未使用",120.454415,24.08676,"彰化縣","鹿港鎮"
"側撞","2021",2,10,6,"晴","夜間(或隧道、地下道、涵洞)有照明",60,"直路","一般車道(未劃分快慢車道)","柏油","乾燥","良好","無號誌","雙向禁止超車線","未繪設快慢車道分隔線","有",86,"非駕駛人",120.489818,24.13178,"彰化縣","和美鎮"
"側撞","2021",2,10,6,"晴","夜間(或隧道、地下道、涵洞)有照明",60,"直路","一般車道(未劃分快慢車道)","柏油","乾燥","良好","無號誌","雙向禁止超車線","未繪設快慢車道分隔線","有",36,"未使用",120.489818,24.13178,"彰化縣","和美鎮"
"其他","2021",2,10,7,"晴","日間自然光線",30,"三岔路","交叉路口內","柏油","乾燥","良好","無號誌","無","未繪設快慢車道分隔線","有",77,"不明",120.480905,22.485999,"屏東縣","東港鎮"
"其他","2021",2,10,7,"晴","日間自然光線",30,"三岔路","交叉路口內","柏油","乾燥","良好","無號誌","無","未繪設快慢車道分隔線","有",32,"不明",120.480905,22.485999,"屏東縣","東港鎮"
"路口交岔撞","2021",2,10,10,"晴","日間自然光線",50,"四岔路","交叉路口內","柏油","乾燥","良好","無號誌","雙向禁止超車線","未繪設快慢車道分隔線","無",30,"未使用",120.515782,22.615991,"屏東縣","竹田鄉"
"路口交岔撞","2021",2,10,10,"晴","日間自然光線",50,"四岔路","交叉路口內","柏油","乾燥","良好","無號誌","雙向禁止超車線","未繪設快慢車道分隔線","無",40,"未使用",120.515782,22.615991,"屏東縣","竹田鄉"
"撞路樹、電桿","2021",2,10,12,"晴","日間自然光線",40,"直路","一般車道(未劃分快慢車道)","柏油","乾燥","良好","無號誌","雙向禁止超車線","未繪設快慢車道分隔線","有",20,"不明",120.595087,24.028328,"彰化縣","芬園鄉"
"撞號誌、標誌桿","2021",2,10,13,"晴","日間自然光線",50,"四岔路","交叉口附近","柏油","乾燥","良好","正常","無","未繪設快慢車道分隔線","有",63,"未使用",120.661814,24.244196,"臺中市","大雅區"
"路口交岔撞","2021",2,10,16,"陰","日間自然光線",50,"四岔路","交叉路口內","柏油","乾燥","良好","正常","無","未繪設快慢車道分隔線","無",89,"未使用",120.2963,23.555674,"嘉義縣","六腳鄉"
"路口交岔撞","2021",2,10,16,"陰","日間自然光線",50,"四岔路","交叉路口內","柏油","乾燥","良好","正常","無","未繪設快慢車道分隔線","無",43,"未使用",120.2963,23.555674,"嘉義縣","六腳鄉"
"穿越道路中","2021",2,10,19,"雨","夜間(或隧道、地下道、涵洞)有照明",50,"三岔路","交叉口附近","柏油","濕潤","良好","無號誌","行車分向線","快慢車道分隔線","有",53,"未使用",120.183495,23.225389,"臺南市","學甲區"
"穿越道路中","2021",2,10,19,"雨","夜間(或隧道、地下道、涵洞)有照明",50,"三岔路","交叉口附近","柏油","濕潤","良好","無號誌","行車分向線","快慢車道分隔線","有",65,"非駕駛人",120.183495,23.225389,"臺南市","學甲區"
"穿越道路中","2021",2,10,19,"雨","夜間(或隧道、地下道、涵洞)有照明",50,"三岔路","交叉口附近","柏油","濕潤","良好","無號誌","行車分向線","快慢車道分隔線","有",27,"未使用",120.183495,23.225389,"臺南市","學甲區"
"穿越道路中","2021",2,10,19,"雨","夜間(或隧道、地下道、涵洞)有照明",50,"三岔路","交叉路口內","柏油","濕潤","良好","無號誌","雙向禁止超車線","快慢車道分隔線","無",50,"未使用",120.655996,24.127821,"臺中市","南區"
"穿越道路中","2021",2,10,19,"雨","夜間(或隧道、地下道、涵洞)有照明",50,"三岔路","交叉路口內","柏油","濕潤","良好","無號誌","雙向禁止超車線","快慢車道分隔線","無",59,"非駕駛人",120.655996,24.127821,"臺中市","南區"
"側撞","2021",2,10,19,"晴","夜間(或隧道、地下道、涵洞)有照明",50,"四岔路","交叉路口內","柏油","乾燥","良好","正常","雙向禁止超車線","快慢車道分隔線","無",28,"未使用",120.285336,22.64377,"高雄市","三民區"
"側撞","2021",2,10,19,"晴","夜間(或隧道、地下道、涵洞)有照明",50,"四岔路","交叉路口內","柏油","乾燥","良好","正常","雙向禁止超車線","快慢車道分隔線","無",44,"未使用",120.285336,22.64377,"高雄市","三民區"
"側撞","2021",2,10,19,"晴","夜間(或隧道、地下道、涵洞)有照明",50,"四岔路","交叉路口內","柏油","乾燥","良好","正常","雙向禁止超車線","快慢車道分隔線","無",58,"未使用",120.285336,22.64377,"高雄市","三民區"
"側撞","2021",2,10,19,"晴","夜間(或隧道、地下道、涵洞)有照明",50,"四岔路","交叉路口內","柏油","乾燥","良好","正常","雙向禁止超車線","快慢車道分隔線","無",69,"未使用",120.285336,22.64377,"高雄市","三民區"
"撞護欄(樁)","2021",2,11,0,"晴","夜間(或隧道、地下道、涵洞)無照明",110,"直路","快車道","柏油","乾燥","良好","無號誌","中央分向島","未繪設快慢車道分隔線","有",40,"未使用",120.381735,22.851159,"高雄市","田寮區"
"撞護欄(樁)","2021",2,11,0,"晴","夜間(或隧道、地下道、涵洞)無照明",110,"直路","快車道","柏油","乾燥","良好","無號誌","中央分向島","未繪設快慢車道分隔線","有",31,"未使用",120.381735,22.851159,"高雄市","田寮區"
"撞護欄(樁)","2021",2,11,0,"晴","夜間(或隧道、地下道、涵洞)無照明",110,"直路","快車道","柏油","乾燥","良好","無號誌","中央分向島","未繪設快慢車道分隔線","有",30,"不明",120.381735,22.851159,"高雄市","田寮區"
"側撞","2021",2,11,4,"雨","夜間(或隧道、地下道、涵洞)有照明",60,"直路","慢車道","柏油","濕潤","良好","無號誌","中央分向島","快慢車道分隔線","有",109,"",120.2595,22.85559,"高雄市","路竹區"
"側撞","2021",2,11,4,"雨","夜間(或隧道、地下道、涵洞)有照明",60,"直路","慢車道","柏油","濕潤","良好","無號誌","中央分向島","快慢車道分隔線","有",45,"不明",120.2595,22.85559,"高雄市","路竹區"
"側撞","2021",2,11,4,"雨","夜間(或隧道、地下道、涵洞)有照明",60,"直路","慢車道","柏油","濕潤","良好","無號誌","中央分向島","快慢車道分隔線","有",23,"未使用",120.2595,22.85559,"高雄市","路竹區"
"側撞","2021",2,11,4,"雨","夜間(或隧道、地下道、涵洞)有照明",60,"直路","慢車道","柏油","濕潤","良好","無號誌","中央分向島","快慢車道分隔線","有",37,"未使用",120.2595,22.85559,"高雄市","路竹區"
"側撞","2021",2,11,4,"雨","夜間(或隧道、地下道、涵洞)有照明",60,"直路","慢車道","柏油","濕潤","良好","無號誌","中央分向島","快慢車道分隔線","有",58,"未使用",120.2595,22.85559,"高雄市","路竹區"
"同向通行中","2021",2,11,6,"雨","晨或暮光",50,"直路","一般車道(未劃分快慢車道)","柏油","濕潤","良好","無號誌","雙向禁止超車線","未繪設快慢車道分隔線","有",67,"未使用",121.398532,25.058785,"新北市","泰山區"
"同向通行中","2021",2,11,6,"雨","晨或暮光",50,"直路","一般車道(未劃分快慢車道)","柏油","濕潤","良好","無號誌","雙向禁止超車線","未繪設快慢車道分隔線","有",20,"未使用",121.398532,25.058785,"新北市","泰山區"
"穿越道路中","2021",2,11,6,"雨","日間自然光線",50,"四岔路","交叉口附近","柏油","濕潤","良好","正常","無","未繪設快慢車道分隔線","無",54,"非駕駛人",120.353701,22.731153,"高雄市","大社區"
"穿越道路中","2021",2,11,6,"雨","日間自然光線",50,"四岔路","交叉口附近","柏油","濕潤","良好","正常","無","未繪設快慢車道分隔線","無",21,"未使用",120.353701,22.731153,"高雄市","大社區"
"撞路樹、電桿","2021",2,11,8,"雨","日間自然光線",70,"彎曲路及附近","其他","柏油","濕潤","良好","無號誌","中央分向島","未繪設快慢車道分隔線","有",45,"未使用",121.377562,23.534391,"花蓮縣","瑞穗鄉"
"撞路樹、電桿","2021",2,11,8,"雨","日間自然光線",70,"彎曲路及附近","其他","柏油","濕潤","良好","無號誌","中央分向島","未繪設快慢車道分隔線","有",45,"非駕駛人",121.377562,23.534391,"花蓮縣","瑞穗鄉"
"撞路樹、電桿","2021",2,11,8,"雨","日間自然光線",70,"彎曲路及附近","其他","柏油","濕潤","良好","無號誌","中央分向島","未繪設快慢車道分隔線","有",16,"非駕駛人",121.377562,23.534391,"花蓮縣","瑞穗鄉"
"側撞","2021",2,11,11,"晴","日間自然光線",60,"直路","路肩、路緣","柏油","乾燥","良好","無號誌","中央分向島","快慢車道分隔線","有",23,"未使用",120.48058,22.652803,"屏東縣","屏東市"
"側撞","2021",2,11,11,"晴","日間自然光線",60,"直路","路肩、路緣","柏油","乾燥","良好","無號誌","中央分向島","快慢車道分隔線","有",69,"未使用",120.48058,22.652803,"屏東縣","屏東市"
"路上翻車、摔倒","2021",2,11,15,"晴","日間自然光線",30,"直路","一般車道(未劃分快慢車道)","柏油","乾燥","良好","無號誌","無","未繪設快慢車道分隔線","無",67,"不明",121.047116,23.91457,"南投縣","仁愛鄉"
"撞護欄(樁)","2021",2,11,16,"雨","日間自然光線",40,"彎曲路及附近","路肩、路緣","柏油","濕潤","良好","無號誌","雙向禁止超車線","未繪設快慢車道分隔線","有",44,"未使用",121.713216,24.808378,"宜蘭縣","礁溪鄉"
"撞護欄(樁)","2021",2,11,16,"雨","日間自然光線",40,"彎曲路及附近","路肩、路緣","柏油","濕潤","良好","無號誌","雙向禁止超車線","未繪設快慢車道分隔線","有",29,"非駕駛人",121.713216,24.808378,"宜蘭縣","礁溪鄉"
"路上翻車、摔倒","2021",2,11,20,"雨","夜間(或隧道、地下道、涵洞)有照明",50,"三岔路","交叉路口內","柏油","濕潤","良好","無號誌","無","未繪設快慢車道分隔線","無",62,"未使用",121.235279,24.955487,"桃園市","中壢區"
"側撞","2021",2,12,2,"雨","夜間(或隧道、地下道、涵洞)有照明",50,"四岔路","交叉路口內","柏油","濕潤","良好","正常","無","未繪設快慢車道分隔線","無",23,"非駕駛人",120.285313,23.309081,"臺南市","新營區"
"側撞","2021",2,12,2,"雨","夜間(或隧道、地下道、涵洞)有照明",50,"四岔路","交叉路口內","柏油","濕潤","良好","正常","無","未繪設快慢車道分隔線","無",64,"未使用",120.285313,23.309081,"臺南市","新營區"
"側撞","2021",2,12,2,"雨","夜間(或隧道、地下道、涵洞)有照明",50,"四岔路","交叉路口內","柏油","濕潤","良好","正常","無","未繪設快慢車道分隔線","無",22,"未使用",120.285313,23.309081,"臺南市","新營區"
"撞路樹、電桿","2021",2,12,4,"晴","夜間(或隧道、地下道、涵洞)有照明",30,"直路","一般車道(未劃分快慢車道)","柏油","乾燥","良好","無號誌","無","未繪設快慢車道分隔線","無",62,"不明",120.561492,22.614317,"屏東縣","內埔鄉"
"撞路樹、電桿","2021",2,12,8,"雨","日間自然光線",50,"彎曲路及附近","一般車道(未劃分快慢車道)","柏油","濕潤","良好","無號誌","行車分向線","寛式快慢車道分隔島(50公分以上)","有",32,"未使用",121.165369,24.881085,"桃園市","楊梅區"
"撞路樹、電桿","2021",2,12,14,"晴","日間自然光線",30,"直路","路肩、路緣","柏油","乾燥","良好","無號誌","無","未繪設快慢車道分隔線","有",110,"",120.3103,22.85011,"高雄市","阿蓮區"
"撞路樹、電桿","2021",2,12,14,"晴","日間自然光線",30,"直路","路肩、路緣","柏油","乾燥","良好","無號誌","無","未繪設快慢車道分隔線","有",28,"未使用",120.3103,22.85011,"高雄市","阿蓮區"
"撞路樹、電桿","2021",2,12,14,"晴","日間自然光線",30,"直路","路肩、路緣","柏油","乾燥","良好","無號誌","無","未繪設快慢車道分隔線","有",1,"非駕駛人",120.3103,22.85011,"高雄市","阿蓮區"
"路口交岔撞","2021",2,12,15,"晴","日間自然光線",50,"四岔路","交叉路口內","柏油","乾燥","良好","無號誌","雙向禁止超車線","未繪設快慢車道分隔線","有",88,"不明",120.318026,23.840901,"彰化縣","大城鄉"
"路口交岔撞","2021",2,12,15,"晴","日間自然光線",50,"四岔路","交叉路口內","柏油","乾燥","良好","無號誌","雙向禁止超車線","未繪設快慢車道分隔線","有",38,"不明",120.318026,23.840901,"彰化縣","大城鄉"
"其他","2021",2,12,15,"晴","日間自然光線",40,"直路","慢車道","柏油","乾燥","良好","正常","中央分向島","寛式快慢車道分隔島(50公分以上)","有",68,"非駕駛人",120.45493,23.481443,"嘉義市","西區"
"其他","2021",2,12,15,"晴","日間自然光線",40,"直路","慢車道","柏油","乾燥","良好","正常","中央分向島","寛式快慢車道分隔島(50公分以上)","有",26,"未使用",120.45493,23.481443,"嘉義市","西區"
"對撞","2021",2,12,17,"晴","日間自然光線",60,"直路","快車道","柏油","乾燥","良好","無號誌","雙向禁止超車線","快慢車道分隔線","有",59,"非駕駛人",120.702129,22.206985,"屏東縣","枋山鄉"
"對撞","2021",2,12,17,"晴","日間自然光線",60,"直路","快車道","柏油","乾燥","良好","無號誌","雙向禁止超車線","快慢車道分隔線","有",65,"非駕駛人",120.702129,22.206985,"屏東縣","枋山鄉"
"對撞","2021",2,12,17,"晴","日間自然光線",60,"直路","快車道","柏油","乾燥","良好","無號誌","雙向禁止超車線","快慢車道分隔線","有",30,"非駕駛人",120.702129,22.206985,"屏東縣","枋山鄉"
"對撞","2021",2,12,17,"晴","日間自然光線",60,"直路","快車道","柏油","乾燥","良好","無號誌","雙向禁止超車線","快慢車道分隔線","有",31,"未使用",120.702129,22.206985,"屏東縣","枋山鄉"
"對撞","2021",2,12,17,"晴","日間自然光線",60,"直路","快車道","柏油","乾燥","良好","無號誌","雙向禁止超車線","快慢車道分隔線","有",66,"非駕駛人",120.702129,22.206985,"屏東縣","枋山鄉"
"對撞","2021",2,12,17,"晴","日間自然光線",60,"直路","快車道","柏油","乾燥","良好","無號誌","雙向禁止超車線","快慢車道分隔線","有",55,"非駕駛人",120.702129,22.206985,"屏東縣","枋山鄉"
"對撞","2021",2,12,17,"晴","日間自然光線",60,"直路","快車道","柏油","乾燥","良好","無號誌","雙向禁止超車線","快慢車道分隔線","有",31,"非駕駛人",120.702129,22.206985,"屏東縣","枋山鄉"
"對撞","2021",2,12,17,"晴","日間自然光線",60,"直路","快車道","柏油","乾燥","良好","無號誌","雙向禁止超車線","快慢車道分隔線","有",29,"未使用",120.702129,22.206985,"屏東縣","枋山鄉"
"路上翻車、摔倒","2021",2,12,22,"晴","夜間(或隧道、地下道、涵洞)有照明",60,"彎曲路及附近","一般車道(未劃分快慢車道)","柏油","乾燥","良好","無號誌","中央分向島","未繪設快慢車道分隔線","有",18,"未使用",120.425372,24.035457,"彰化縣","福興鄉"
"佇立路邊(外)","2021",2,12,22,"雨","夜間(或隧道、地下道、涵洞)有照明",50,"直路","一般車道(未劃分快慢車道)","柏油","濕潤","良好","無號誌","行車分向線","未繪設快慢車道分隔線","無",41,"未使用",121.508073,25.029433,"臺北市","中正區"
"佇立路邊(外)","2021",2,12,22,"雨","夜間(或隧道、地下道、涵洞)有照明",50,"直路","一般車道(未劃分快慢車道)","柏油","濕潤","良好","無號誌","行車分向線","未繪設快慢車道分隔線","無",54,"未使用",121.508073,25.029433,"臺北市","中正區"
"佇立路邊(外)","2021",2,12,22,"雨","夜間(或隧道、地下道、涵洞)有照明",50,"直路","一般車道(未劃分快慢車道)","柏油","濕潤","良好","無號誌","行車分向線","未繪設快慢車道分隔線","無",58,"非駕駛人",121.508073,25.029433,"臺北市","中正區"
"同向通行中","2021",2,13,4,"雨","夜間(或隧道、地下道、涵洞)有照明",50,"三岔路","交叉路口內","柏油","濕潤","良好","無號誌","中央分向島","寛式快慢車道分隔島(50公分以上)","無",67,"未使用",121.496965,25.036721,"臺北市","萬華區"
"同向通行中","2021",2,13,4,"雨","夜間(或隧道、地下道、涵洞)有照明",50,"三岔路","交叉路口內","柏油","濕潤","良好","無號誌","中央分向島","寛式快慢車道分隔島(50公分以上)","無",59,"非駕駛人",121.496965,25.036721,"臺北市","萬華區"
"撞交通島","2021",2,13,6,"晴","夜間(或隧道、地下道、涵洞)有照明",50,"直路","直線匝道","柏油","乾燥","良好","無號誌","中央分向島","未繪設快慢車道分隔線","無",42,"未使用",120.977131,24.803769,"新竹市","東區"
"對向擦撞","2021",2,13,13,"晴","日間自然光線",50,"三岔路","交叉路口內","柏油","乾燥","良好","正常","中央分向島","快慢車道分隔線","有",46,"不明",120.478224,23.683628,"雲林縣","斗南鎮"
"對向擦撞","2021",2,13,13,"晴","日間自然光線",50,"三岔路","交叉路口內","柏油","乾燥","良好","正常","中央分向島","快慢車道分隔線","有",28,"不明",120.478224,23.683628,"雲林縣","斗南鎮"
"撞路樹、電桿","2021",2,13,16,"晴","日間自然光線",50,"直路","一般車道(未劃分快慢車道)","柏油","乾燥","良好","無號誌","行車分向線","未繪設快慢車道分隔線","無",35,"不明",120.588791,24.348886,"臺中市","大安區"
"撞路樹、電桿","2021",2,14,1,"陰","夜間(或隧道、地下道、涵洞)有照明",60,"彎曲路及附近","一般車道(未劃分快慢車道)","柏油","乾燥","良好","無號誌","雙向禁止超車線","未繪設快慢車道分隔線","有",13,"不明",120.300878,23.39699,"嘉義縣","鹿草鄉"
"側撞","2021",2,14,15,"晴","日間自然光線",50,"四岔路","交叉路口內","柏油","乾燥","良好","無號誌","無","未繪設快慢車道分隔線","無",68,"未使用",121.231895,25.107666,"桃園市","大園區"
"側撞","2021",2,14,15,"晴","日間自然光線",50,"四岔路","交叉路口內","柏油","乾燥","良好","無號誌","無","未繪設快慢車道分隔線","無",41,"未使用",121.231895,25.107666,"桃園市","大園區"
"側撞","2021",2,14,17,"晴","日間自然光線",70,"三岔路","交叉路口內","柏油","乾燥","良好","無號誌","中央分向島","快慢車道分隔線","有",40,"未使用",120.65182,22.270348,"屏東縣","枋山鄉"
"側撞","2021",2,14,17,"晴","日間自然光線",70,"三岔路","交叉路口內","柏油","乾燥","良好","無號誌","中央分向島","快慢車道分隔線","有",50,"未使用",120.65182,22.270348,"屏東縣","枋山鄉"
"路口交岔撞","2021",2,14,22,"晴","夜間(或隧道、地下道、涵洞)有照明",50,"四岔路","交叉路口內","柏油","乾燥","良好","正常","無","未繪設快慢車道分隔線","無",19,"未使用",121.138048,25.039155,"桃園市","觀音區"
"路口交岔撞","2021",2,14,22,"晴","夜間(或隧道、地下道、涵洞)有照明",50,"四岔路","交叉路口內","柏油","乾燥","良好","正常","無","未繪設快慢車道分隔線","無",25,"未使用",121.138048,25.039155,"桃園市","觀音區"