"事故類型及型態子類別名稱","發生年度","發生月份","發生日期","發生時間","天候名稱","光線名稱","速限.第1當事者","道路型態子類別名稱","事故位置子類別名稱","路面狀況.路面鋪裝名稱","路面狀況.路面狀態名稱","道路障礙.視距品質名稱","號誌.號誌動作名稱","車道劃分設施.分向設施大類別名稱","車道劃分設施.分道設施.快慢車道間名稱","車道劃分設施.分道設施.路面邊線名稱","當事者事故發生時年齡","行動電話或電腦或其他相類功能裝置名稱","經度","緯度","縣市","鄉鎮"
"撞號誌、標誌桿","2021",2,15,0,"晴","日間自然光線",50,"直路","一般車道(未劃分快慢車道)","柏油","乾燥","良好","無號誌","行車分向線","未繪設快慢車道分隔線","有",110,"",120.396907,22.525924,"高雄市","林園區"
"撞號誌、標誌桿","2021",2,15,0,"晴","日間自然光線",50,"直路","一般車道(未劃分快慢車道)","柏油","乾燥","良好","無號誌","行車分向線","未繪設快慢車道分隔線","有",49,"未使用",120.396907,22.525924,"高雄市","林園區"
"撞護欄(樁)","2021",2,15,1,"晴","夜間(或隧道、地下道、涵洞)有照明",60,"彎曲路及附近","一般車道(未劃分快慢車道)","柏油","乾燥","良好","無號誌","中央分向島","未繪設快慢車道分隔線","有",21,"不明",120.518783,24.13715,"彰化縣","和美鎮"
"撞護欄(樁)","2021",2,15,1,"晴","夜間(或隧道、地下道、涵洞)有照明",60,"彎曲路及附近","一般車道(未劃分快慢車道)","柏油","乾燥","良好","無號誌","中央分向島","未繪設快慢車道分隔線","有",22,"不明",120.518783,24.13715,"彰化縣","和美鎮"
"撞護欄(樁)","2021",2,15,1,"晴","夜間(或隧道、地下道、涵洞)有照明",60,"彎曲路及附近","一般車道(未劃分快慢車道)","柏油","乾燥","良好","無號誌","中央分向島","未繪設快慢車道分隔線","有",26,"不明",120.518783,24.13715,"彰化縣","和美鎮"
"衝出路外","2021",2,15,7,"晴","日間自然光線",30,"直路","一般車道(未劃分快慢車道)","柏油","乾燥","良好","無號誌","無","未繪設快慢車道分隔線","無",58,"未使用",120.316002,23.148073,"臺南市","善化區"
"撞路樹、電桿","2021",2,15,7,"晴","日間自然光線",60,"直路","一般車道(未劃分快慢車道)","柏油","乾燥","良好","無號誌","雙向禁止超車線","未繪設快慢車道分隔線","有",61,"不明",120.306717,23.608855,"雲林縣","北港鎮"
"同向擦撞","2021",2,15,12,"晴","日間自然光線",70,"直路","一般車道(未劃分快慢車道)","柏油","乾燥","良好","無號誌","雙向禁止超車線","未繪設快慢車道分隔線","有",76,"不明",119.506271,23.587352,"澎湖縣","西嶼鄉"
"同向擦撞","2021",2,15,12,"晴","日間自然光線",70,"直路","一般車道(未劃分快慢車道)","柏油","乾燥","良好","無號誌","雙向禁止超車線","未繪設快慢車道分隔線","有",18,"未使用",119.506271,23.587352,"澎湖縣","西嶼鄉"
"同向擦撞","2021",2,15,12,"晴","日間自然光線",70,"直路","一般車道(未劃分快慢車道)","柏油","乾燥","良好","無號誌","雙向禁止超車線","未繪設快慢車道分隔線","有",22,"非駕駛人",119.506271,23.587352,"澎湖縣","西嶼鄉"
"其他","2021",2,15,13,"晴","日間自然光線",40,"三岔路","交叉路口內","柏油","乾燥","良好","正常","雙向禁止超車線","快慢車道分隔線","有",24,"未使用",120.227854,22.977174,"臺南市","東區"
"其他","2021",2,15,13,"晴","日間自然光線",40,"三岔路","交叉路口內","柏油","乾燥","良好","正常","雙向禁止超車線","快慢車道分隔線","有",63,"未使用",120.227854,22.977174,"臺南市","東區"
"撞路樹、電桿","2021",2,15,16,"晴","日間自然光線",50,"直路","一般車道(未劃分快慢車道)","柏油","乾燥","良好","無號誌","行車分向線","未繪設快慢車道分隔線","有",110,"",120.398532,22.494401,"高雄市","林園區"
"撞路樹、電桿","2021",2,15,16,"晴","日間自然光線",50,"直路","一般車道(未劃分快慢車道)","柏油","乾燥","良好","無號誌","行車分向線","未繪設快慢車道分隔線","有",110,"",120.398532,22.494401,"高雄市","林園區"
"撞路樹、電桿","2021",2,15,16,"晴","日間自然光線",50,"直路","一般車道(未劃分快慢車道)","柏油","乾燥","良好","無號誌","行車分向線","未繪設快慢車道分隔線","有",110,"",120.398532,22.494401,"高雄市","林園區"
"撞路樹、電桿","2021",2,15,16,"晴","日間自然光線",50,"直路","一般車道(未劃分快慢車道)","柏油","乾燥","良好","無號誌","行車分向線","未繪設快慢車道分隔線","有",110,"",120.398532,22.494401,"高雄市","林園區"
"撞路樹、電桿","2021",2,15,16,"晴","日間自然光線",50,"直路","一般車道(未劃分快慢車道)","柏油","乾燥","良好","無號誌","行車分向線","未繪設快慢車道分隔線","有",50,"不明",120.398532,22.494401,"高雄市","林園區"
"撞路樹、電桿","2021",2,15,16,"晴","日間自然光線",50,"直路","一般車道(未劃分快慢車道)","柏油","乾燥","良好","無號誌","行車分向線","未繪設快慢車道分隔線","有",45,"不明",120.398532,22.494401,"高雄市","林園區"
"撞路樹、電桿","2021",2,15,16,"晴","日間自然光線",50,"直路","一般車道(未劃分快慢車道)","柏油","乾燥","良好","無號誌","行車分向線","未繪設快慢車道分隔線","有",45,"不明",120.398532,22.494401,"高雄市","林園區"
"撞路樹、電桿","2021",2,15,16,"晴","日間自然光線",50,"直路","一般車道(未劃分快慢車道)","柏油","乾燥","良好","無號誌","行車分向線","未繪設快慢車道分隔線","有",40,"未使用",120.398532,22.494401,"高雄市","林園區"
"撞路樹、電桿","2021",2,15,21,"晴","夜間(或隧道、地下道、涵洞)有照明",40,"直路","一般車道(未劃分快慢車道)","柏油","乾燥","良好","無號誌","行車分向線","未繪設快慢車道分隔線","有",110,"",120.5362,22.87365,"高雄市","美濃區"
"撞路樹、電桿","2021",2,15,21,"晴","夜間(或隧道、地下道、涵洞)有照明",40,"直路","一般車道(未劃分快慢車道)","柏油","乾燥","良好","無號誌","行車分向線","未繪設快慢車道分隔線","有",23,"未使用",120.5362,22.87365,"高雄市","美濃區"
"側撞","2021",2,16,7,"晴","日間自然光線",70,"三岔路","交叉路口內","柏油","乾燥","良好","正常","中央分向島","寛式快慢車道分隔島(50公分以上)","有",57,"未使用",120.412847,24.077578,"彰化縣","鹿港鎮"
"側撞","2021",2,16,7,"晴","日間自然光線",70,"三岔路","交叉路口內","柏油","乾燥","良好","正常","中央分向島","寛式快慢車道分隔島(50公分以上)","有",29,"未使用",120.412847,24.077578,"彰化縣","鹿港鎮"
"路上翻車、摔倒","2021",2,16,10,"晴","日間自然光線",60,"彎曲路及附近","一般車道(未劃分快慢車道)","柏油","乾燥","良好","無號誌","雙向禁止超車線","未繪設快慢車道分隔線","有",26,"未使用",121.012094,24.691701,"新竹縣","峨眉鄉"
"撞號誌、標誌桿","2021",2,16,15,"晴","日間自然光線",50,"直路","路肩、路緣","柏油","乾燥","良好","正常","雙向禁止超車線","快慢車道分隔線","有",60,"未使用",120.656476,24.415549,"苗栗縣","苑裡鎮"
"撞號誌、標誌桿","2021",2,16,15,"晴","日間自然光線",50,"直路","路肩、路緣","柏油","乾燥","良好","正常","雙向禁止超車線","快慢車道分隔線","有",76,"非駕駛人",120.656476,24.415549,"苗栗縣","苑裡鎮"
"其他","2021",2,16,17,"晴","晨或暮光",30,"直路","其他","柏油","乾燥","良好","無號誌","無","未繪設快慢車道分隔線","無",68,"不明",120.227571,23.51824,"雲林縣","水林鄉"
"撞護欄(樁)","2021",2,17,4,"雨","夜間(或隧道、地下道、涵洞)有照明",90,"直路","交通島(含槽化線)","柏油","濕潤","良好","無號誌","中央分向島","未繪設快慢車道分隔線","有",36,"不明",121.790787,24.700426,"宜蘭縣","五結鄉"
"其他","2021",2,17,7,"晴","日間自然光線",50,"四岔路","交叉路口內","柏油","乾燥","良好","正常","中央分向島","寛式快慢車道分隔島(50公分以上)","無",45,"未使用",120.556821,23.7128,"雲林縣","斗六市"
"其他","2021",2,17,7,"晴","日間自然光線",50,"四岔路","交叉路口內","柏油","乾燥","良好","正常","中央分向島","寛式快慢車道分隔島(50公分以上)","無",39,"未使用",120.556821,23.7128,"雲林縣","斗六市"
"其他","2021",2,17,7,"晴","日間自然光線",50,"四岔路","交叉路口內","柏油","乾燥","良好","正常","中央分向島","寛式快慢車道分隔島(50公分以上)","無",33,"未使用",120.556821,23.7128,"雲林縣","斗六市"
"撞橋樑、建築物","2021",2,17,22,"晴","夜間(或隧道、地下道、涵洞)有照明",50,"多岔路","交叉路口內","柏油","乾燥","良好","無號誌","雙向禁止超車線","未繪設快慢車道分隔線","有",46,"不明",120.318171,23.622583,"雲林縣","元長鄉"
"側撞","2021",2,18,12,"晴","日間自然光線",50,"直路","一般車道(未劃分快慢車道)","柏油","乾燥","良好","無號誌","雙向禁止超車線","未繪設快慢車道分隔線","有",34,"不明",121.087108,24.831138,"新竹縣","新埔鎮"
"側撞","2021",2,18,12,"晴","日間自然光線",50,"直路","一般車道(未劃分快慢車道)","柏油","乾燥","良好","無號誌","雙向禁止超車線","未繪設快慢車道分隔線","有",69,"未使用",121.087108,24.831138,"新竹縣","新埔鎮"
"側撞","2021",2,19,4,"晴","夜間(或隧道、地下道、涵洞)有照明",50,"四岔路","交叉口附近","柏油","乾燥","良好","正常","無","未繪設快慢車道分隔線","有",17,"不明",121.441968,25.081495,"新北市","五股區"
"側撞","2021",2,19,4,"晴","夜間(或隧道、地下道、涵洞)有照明",50,"四岔路","交叉口附近","柏油","乾燥","良好","正常","無","未繪設快慢車道分隔線","有",52,"不明",121.441968,25.081495,"新北市","五股區"
"側撞","2021",2,19,8,"晴","日間自然光線",50,"四岔路","交叉路口內","柏油","乾燥","良好","正常","無","未繪設快慢車道分隔線","無",27,"未使用",120.364568,22.639307,"高雄市","鳳山區"
"側撞","2021",2,19,8,"晴","日間自然光線",50,"四岔路","交叉路口內","柏油","乾燥","良好","正常","無","未繪設快慢車道分隔線","無",24,"不明",120.364568,22.639307,"高雄市","鳳山區"
"側撞","2021",2,19,8,"晴","日間自然光線",50,"四岔路","交叉路口內","柏油","乾燥","良好","正常","無","未繪設快慢車道分隔線","無",28,"非駕駛人",120.364568,22.639307,"高雄市","鳳山區"
"側撞","2021",2,19,10,"晴","日間自然光線",70,"四岔路","交叉路口內","柏油","乾燥","良好","正常","中央分向島","未繪設快慢車道分隔線","有",24,"未使用",120.646815,24.328071,"臺中市","外埔區"
"側撞","2021",2,19,10,"晴","日間自然光線",70,"四岔路","交叉路口內","柏油","乾燥","良好","正常","中央分向島","未繪設快慢車道分隔線","有",85,"未使用",120.646815,24.328071,"臺中市","外埔區"
"同向通行中","2021",2,19,13,"晴","日間自然光線",50,"直路","一般車道(未劃分快慢車道)","柏油","乾燥","良好","無號誌","行車分向線","未繪設快慢車道分隔線","有",45,"不明",121.701291,24.779152,"宜蘭縣","員山鄉"
"同向通行中","2021",2,19,13,"晴","日間自然光線",50,"直路","一般車道(未劃分快慢車道)","柏油","乾燥","良好","無號誌","行車分向線","未繪設快慢車道分隔線","有",36,"未使用",121.701291,24.779152,"宜蘭縣","員山鄉"
"同向通行中","2021",2,19,13,"晴","日間自然光線",50,"直路","一般車道(未劃分快慢車道)","柏油","乾燥","良好","無號誌","行車分向線","未繪設快慢車道分隔線","有",59,"非駕駛人",121.701291,24.779152,"宜蘭縣","員山鄉"
"同向通行中","2021",2,19,13,"晴","日間自然光線",50,"直路","一般車道(未劃分快慢車道)","柏油","乾燥","良好","無號誌","行車分向線","未繪設快慢車道分隔線","有",62,"非駕駛人",121.701291,24.779152,"宜蘭縣","員山鄉"
"路上翻車、摔倒","2021",2,19,15,"晴","日間自然光線",60,"彎曲路及附近","一般車道(未劃分快慢車道)","柏油","乾燥","良好","無號誌","雙向禁止超車線","未繪設快慢車道分隔線","有",64,"未使用",121.944716,25.01589,"新北市","貢寮區"
"其他","2021",2,19,18,"晴","夜間(或隧道、地下道、涵洞)有照明",40,"直路","慢車道","柏油","乾燥","良好","無號誌","中央分向島","寛式快慢車道分隔島(50公分以上)","無",46,"不明",120.647665,24.164183,"臺中市","西屯區"
"其他","2021",2,19,18,"晴","夜間(或隧道、地下道、涵洞)有照明",40,"直路","慢車道","柏油","乾燥","良好","無號誌","中央分向島","寛式快慢車道分隔島(50公分以上)","無",27,"不明",120.647665,24.164183,"臺中市","西屯區"
"其他","2021",2,19,19,"晴","夜間(或隧道、地下道、涵洞)有照明",60,"直路","慢車道","柏油","乾燥","良好","無號誌","行車分向線","快慢車道分隔線","有",55,"不明",120.443936,23.774492,"雲林縣","西螺鎮"
"其他","2021",2,19,19,"晴","夜間(或隧道、地下道、涵洞)有照明",60,"直路","慢車道","柏油","乾燥","良好","無號誌","行車分向線","快慢車道分隔線","有",24,"不明",120.443936,23.774492,"雲林縣","西螺鎮"
"路口交岔撞","2021",2,20,3,"晴","夜間(或隧道、地下道、涵洞)有照明",50,"四岔路","交叉路口內","柏油","乾燥","良好","正常","無","未繪設快慢車道分隔線","無",27,"未使用",120.196093,23.001476,"臺南市","北區"
"路口交岔撞","2021",2,20,3,"晴","夜間(或隧道、地下道、涵洞)有照明",50,"四岔路","交叉路口內","柏油","乾燥","良好","正常","無","未繪設快慢車道分隔線","無",49,"未使用",120.196093,23.001476,"臺南市","北區"
"撞護欄(樁)","2021",2,20,4,"晴","夜間(或隧道、地下道、涵洞)有照明",40,"直路","路肩、路緣","柏油","乾燥","良好","無號誌","雙向禁止超車線","快慢車道分隔線","有",20,"不明",120.645783,22.437344,"屏東縣","春日鄉"
"撞護欄(樁)","2021",2,20,4,"晴","夜間(或隧道、地下道、涵洞)有照明",40,"直路","路肩、路緣","柏油","乾燥","良好","無號誌","雙向禁止超車線","快慢車道分隔線","有",19,"不明",120.645783,22.437344,"屏東縣","春日鄉"
"撞工程施工","2021",2,20,9,"晴","日間自然光線",60,"直路","一般車道(未劃分快慢車道)","柏油","乾燥","良好","無號誌","中央分向島","未繪設快慢車道分隔線","有",74,"不明",121.247996,24.843865,"桃園市","龍潭區"
"側撞","2021",2,20,12,"晴","日間自然光線",50,"直路","一般車道(未劃分快慢車道)","柏油","乾燥","良好","無號誌","雙向禁止超車線","未繪設快慢車道分隔線","有",49,"未使用",120.676017,24.422765,"苗栗縣","苑裡鎮"
"側撞","2021",2,20,12,"晴","日間自然光線",50,"直路","一般車道(未劃分快慢車道)","柏油","乾燥","良好","無號誌","雙向禁止超車線","未繪設快慢車道分隔線","有",18,"非駕駛人",120.676017,24.422765,"苗栗縣","苑裡鎮"
"側撞","2021",2,20,12,"晴","日間自然光線",50,"直路","一般車道(未劃分快慢車道)","柏油","乾燥","良好","無號誌","雙向禁止超車線","未繪設快慢車道分隔線","有",27,"未使用",120.676017,24.422765,"苗栗縣","苑裡鎮"
"同向擦撞","2021",2,20,13,"晴","日間自然光線",50,"三岔路","交叉路口內","柏油","乾燥","良好","正常","無","未繪設快慢車道分隔線","無",40,"不明",121.781361,25.14991,"基隆市","中正區"
"同向擦撞","2021",2,20,13,"晴","日間自然光線",50,"三岔路","交叉路口內","柏油","乾燥","良好","正常","無","未繪設快慢車道分隔線","無",21,"未使用",121.781361,25.14991,"基隆市","中正區"
"同向擦撞","2021",2,20,13,"晴","日間自然光線",50,"三岔路","交叉路口內","柏油","乾燥","良好","正常","無","未繪設快慢車道分隔線","無",17,"未使用",121.781361,25.14991,"基隆市","中正區"
"側撞","2021",2,20,18,"晴","夜間(或隧道、地下道、涵洞)有照明",60,"三岔路","交叉口附近","柏油","乾燥","良好","無號誌","行車分向線","未繪設快慢車道分隔線","有",32,"未使用",120.387849,23.314019,"臺南市","東山區"
"側撞","2021",2,20,18,"晴","夜間(或隧道、地下道、涵洞)有照明",60,"三岔路","交叉口附近","柏油","乾燥","良好","無號誌","行車分向線","未繪設快慢車道分隔線","有",37,"未使用",120.387849,23.314019,"臺南市","東山區"
"穿越道路中","2021",2,20,18,"晴","夜間(或隧道、地下道、涵洞)有照明",50,"直路","一般車道(未劃分快慢車道)","柏油","乾燥","良好","無號誌","雙向禁止超車線","未繪設快慢車道分隔線","有",63,"非駕駛人",120.312335,22.828214,"高雄市","岡山區"
"穿越道路中","2021",2,20,18,"晴","夜間(或隧道、地下道、涵洞)有照明",50,"直路","一般車道(未劃分快慢車道)","柏油","乾燥","良好","無號誌","雙向禁止超車線","未繪設快慢車道分隔線","有",22,"未使用",120.312335,22.828214,"高雄市","岡山區"
"側撞","2021",2,20,23,"晴","夜間(或隧道、地下道、涵洞)有照明",50,"三岔路","交叉路口內","柏油","乾燥","良好","正常","無","快慢車道分隔線","無",20,"未使用",121.435191,24.995727,"新北市","樹林區"
"側撞","2021",2,20,23,"晴","夜間(或隧道、地下道、涵洞)有照明",50,"三岔路","交叉路口內","柏油","乾燥","良好","正常","無","快慢車道分隔線","無",59,"未使用",121.435191,24.995727,"新北市","樹林區"
"撞交通島","2021",2,21,2,"晴","夜間(或隧道、地下道、涵洞)有照明",50,"彎曲路及附近","快車道","柏油","乾燥","良好","無號誌","中央分向島","快慢車道分隔線","有",81,"未使用",120.223928,22.992099,"臺南市","東區"
"側撞","2021",2,21,6,"晴","日間自然光線",50,"三岔路","交叉路口內","柏油","乾燥","良好","正常","無","未繪設快慢車道分隔線","無",35,"未使用",121.295625,25.041164,"桃園市","蘆竹區"
"側撞","2021",2,21,6,"晴","日間自然光線",50,"三岔路","交叉路口內","柏油","乾燥","良好","正常","無","未繪設快慢車道分隔線","無",39,"未使用",121.295625,25.041164,"桃園市","蘆竹區"
"追撞","2021",2,21,7,"霧或煙","日間自然光線",90,"直路","一般車道(未劃分快慢車道)","柏油","乾燥","不良","無號誌","中央分向島","未繪設快慢車道分隔線","有",26,"不明",120.18136,23.518469,"雲林縣","口湖鄉"
"追撞","2021",2,21,7,"霧或煙","日間自然光線",90,"直路","一般車道(未劃分快慢車道)","柏油","乾燥","不良","無號誌","中央分向島","未繪設快慢車道分隔線","有",29,"不明",120.18136,23.518469,"雲林縣","口湖鄉"
"追撞","2021",2,21,7,"霧或煙","日間自然光線",90,"直路","一般車道(未劃分快慢車道)","柏油","乾燥","不良","無號誌","中央分向島","未繪設快慢車道分隔線","有",56,"不明",120.18136,23.518469,"雲林縣","口湖鄉"
"追撞","2021",2,21,7,"霧或煙","日間自然光線",90,"直路","一般車道(未劃分快慢車道)","柏油","乾燥","不良","無號誌","中央分向島","未繪設快慢車道分隔線","有",20,"不明",120.18136,23.518469,"雲林縣","口湖鄉"
"追撞","2021",2,21,7,"霧或煙","日間自然光線",90,"直路","一般車道(未劃分快慢車道)","柏油","乾燥","不良","無號誌","中央分向島","未繪設快慢車道分隔線","有",38,"不明",120.18136,23.518469,"雲林縣","口湖鄉"
"追撞","2021",2,21,7,"霧或煙","日間自然光線",90,"直路","一般車道(未劃分快慢車道)","柏油","乾燥","不良","無號誌","中央分向島","未繪設快慢車道分隔線","有",65,"不明",120.18136,23.518469,"雲林縣","口湖鄉"
"追撞","2021",2,21,7,"霧或煙","日間自然光線",90,"直路","一般車道(未劃分快慢車道)","柏油","乾燥","不良","無號誌","中央分向島","未繪設快慢車道分隔線","有",49,"不明",120.18136,23.518469,"雲林縣","口湖鄉"
"追撞","2021",2,21,7,"霧或煙","日間自然光線",90,"直路","一般車道(未劃分快慢車道)","柏油","乾燥","不良","無號誌","中央分向島","未繪設快慢車道分隔線","有",30,"不明",120.18136,23.518469,"雲林縣","口湖鄉"
"追撞","2021",2,21,7,"霧或煙","日間自然光線",90,"直路","一般車道(未劃分快慢車道)","柏油","乾燥","不良","無號誌","中央分向島","未繪設快慢車道分隔線","有",63,"不明",120.18136,23.518469,"雲林縣","口湖鄉"
"追撞","2021",2,21,7,"霧或煙","日間自然光線",90,"直路","一般車道(未劃分快慢車道)","柏油","乾燥","不良","無號誌","中央分向島","未繪設快慢車道分隔線","有",29,"不明",120.18136,23.518469,"雲林縣","口湖鄉"
"追撞","2021",2,21,7,"霧或煙","日間自然光線",90,"直路","一般車道(未劃分快慢車道)","柏油","乾燥","不良","無號誌","中央分向島","未繪設快慢車道分隔線","有",52,"不明",120.18136,23.518469,"雲林縣","口湖鄉"
"追撞","2021",2,21,7,"霧或煙","日間自然光線",90,"直路","一般車道(未劃分快慢車道)","柏油","乾燥","不良","無號誌","中央分向島","未繪設快慢車道分隔線","有",38,"不明",120.18136,23.518469,"雲林縣","口湖鄉"
"追撞","2021",2,21,7,"霧或煙","日間自然光線",90,"直路","一般車道(未劃分快慢車道)","柏油","乾燥","不良","無號誌","中央分向島","未繪設快慢車道分隔線","有",26,"不明",120.18136,23.518469,"雲林縣","口湖鄉"
"追撞","2021",2,21,7,"霧或煙","日間自然光線",90,"直路","一般車道(未劃分快慢車道)","柏油","乾燥","不良","無號誌","中央分向島","未繪設快慢車道分隔線","有",36,"不明",120.18136,23.518469,"雲林縣","口湖鄉"
"追撞","2021",2,21,7,"霧或煙","日間自然光線",90,"直路","一般車道(未劃分快慢車道)","柏油","乾燥","不良","無號誌","中央分向島","未繪設快慢車道分隔線","有",41,"不明",120.18136,23.518469,"雲林縣","口湖鄉"
"追撞","2021",2,21,7,"霧或煙","日間自然光線",90,"直路","一般車道(未劃分快慢車道)","柏油","乾燥","不良","無號誌","中央分向島","未繪設快慢車道分隔線","有",64,"不明",120.18136,23.518469,"雲林縣","口湖鄉"
"追撞","2021",2,21,7,"霧或煙","日間自然光線",90,"直路","一般車道(未劃分快慢車道)","柏油","乾燥","不良","無號誌","中央分向島","未繪設快慢車道分隔線","有",65,"不明",120.18136,23.518469,"雲林縣","口湖鄉"
"追撞","2021",2,21,7,"霧或煙","日間自然光線",90,"直路","一般車道(未劃分快慢車道)","柏油","乾燥","不良","無號誌","中央分向島","未繪設快慢車道分隔線","有",19,"非駕駛人",120.18136,23.518469,"雲林縣","口湖鄉"
"追撞","2021",2,21,7,"霧或煙","日間自然光線",90,"直路","一般車道(未劃分快慢車道)","柏油","乾燥","不良","無號誌","中央分向島","未繪設快慢車道分隔線","有",9,"非駕駛人",120.18136,23.518469,"雲林縣","口湖鄉"
"追撞","2021",2,21,7,"霧或煙","日間自然光線",90,"直路","一般車道(未劃分快慢車道)","柏油","乾燥","不良","無號誌","中央分向島","未繪設快慢車道分隔線","有",8,"非駕駛人",120.18136,23.518469,"雲林縣","口湖鄉"
"追撞","2021",2,21,7,"霧或煙","日間自然光線",90,"直路","一般車道(未劃分快慢車道)","柏油","乾燥","不良","無號誌","中央分向島","未繪設快慢車道分隔線","有",6,"非駕駛人",120.18136,23.518469,"雲林縣","口湖鄉"
"追撞","2021",2,21,7,"霧或煙","日間自然光線",90,"直路","一般車道(未劃分快慢車道)","柏油","乾燥","不良","無號誌","中央分向島","未繪設快慢車道分隔線","有",67,"不明",120.18136,23.518469,"雲林縣","口湖鄉"
"追撞","2021",2,21,7,"霧或煙","日間自然光線",90,"直路","一般車道(未劃分快慢車道)","柏油","乾燥","不良","無號誌","中央分向島","未繪設快慢車道分隔線","有",71,"不明",120.18136,23.518469,"雲林縣","口湖鄉"
"追撞","2021",2,21,7,"霧或煙","日間自然光線",90,"直路","一般車道(未劃分快慢車道)","柏油","乾燥","不良","無號誌","中央分向島","未繪設快慢車道分隔線","有",40,"不明",120.18136,23.518469,"雲林縣","口湖鄉"
"追撞","2021",2,21,7,"霧或煙","日間自然光線",90,"直路","一般車道(未劃分快慢車道)","柏油","乾燥","不良","無號誌","中央分向島","未繪設快慢車道分隔線","有",11,"非駕駛人",120.18136,23.518469,"雲林縣","口湖鄉"
"其他","2021",2,21,14,"晴","日間自然光線",40,"三岔路","交叉口附近","柏油","乾燥","良好","無號誌","行車分向線","未繪設快慢車道分隔線","有",18,"不明",121.590221,24.951395,"新北市","新店區"
"其他","2021",2,21,14,"晴","日間自然光線",40,"三岔路","交叉口附近","柏油","乾燥","良好","無號誌","行車分向線","未繪設快慢車道分隔線","有",23,"不明",121.590221,24.951395,"新北市","新店區"
"路口交岔撞","2021",2,21,16,"晴","日間自然光線",30,"四岔路","交叉路口內","柏油","乾燥","良好","正常","雙向禁止超車線","未繪設快慢車道分隔線","有",42,"未使用",120.485722,22.555368,"屏東縣","萬丹鄉"
"路口交岔撞","2021",2,21,16,"晴","日間自然光線",30,"四岔路","交叉路口內","柏油","乾燥","良好","正常","雙向禁止超車線","未繪設快慢車道分隔線","有",37,"未使用",120.485722,22.555368,"屏東縣","萬丹鄉"
"路口交岔撞","2021",2,21,16,"晴","日間自然光線",30,"四岔路","交叉路口內","柏油","乾燥","良好","正常","雙向禁止超車線","未繪設快慢車道分隔線","有",34,"未使用",120.485722,22.555368,"屏東縣","萬丹鄉"
"其他","2021",2,21,18,"晴","夜間(或隧道、地下道、涵洞)有照明",50,"直路","一般車道(未劃分快慢車道)","柏油","乾燥","良好","無號誌","行車分向線","未繪設快慢車道分隔線","有",58,"不明",120.271758,23.720417,"雲林縣","東勢鄉"
"其他","2021",2,21,18,"晴","夜間(或隧道、地下道、涵洞)有照明",50,"直路","一般車道(未劃分快慢車道)","柏油","乾燥","良好","無號誌","行車分向線","未繪設快慢車道分隔線","有",39,"不明",120.271758,23.720417,"雲林縣","東勢鄉"
"其他","2021",2,21,18,"晴","夜間(或隧道、地下道、涵洞)有照明",50,"直路","一般車道(未劃分快慢車道)","柏油","乾燥","良好","無號誌","行車分向線","未繪設快慢車道分隔線","有",69,"不明",120.271758,23.720417,"雲林縣","東勢鄉"
"其他","2021",2,21,18,"晴","夜間(或隧道、地下道、涵洞)有照明",50,"直路","一般車道(未劃分快慢車道)","柏油","乾燥","良好","無號誌","行車分向線","未繪設快慢車道分隔線","有",51,"不明",120.271758,23.720417,"雲林縣","東勢鄉"
"撞路樹、電桿","2021",2,21,20,"晴","夜間(或隧道、地下道、涵洞)有照明",60,"三岔路","交叉路口內","柏油","乾燥","良好","正常","雙向禁止超車線","未繪設快慢車道分隔線","有",51,"未使用",120.567973,23.716914,"雲林縣","斗六市"
"路口交岔撞","2021",2,22,4,"晴","夜間(或隧道、地下道、涵洞)有照明",30,"四岔路","交叉路口內","柏油","乾燥","良好","正常","無","未繪設快慢車道分隔線","無",27,"未使用",120.552338,24.270722,"臺中市","清水區"
"路口交岔撞","2021",2,22,4,"晴","夜間(或隧道、地下道、涵洞)有照明",30,"四岔路","交叉路口內","柏油","乾燥","良好","正常","無","未繪設快慢車道分隔線","無",72,"未使用",120.552338,24.270722,"臺中市","清水區"
"側撞","2021",2,22,11,"晴","日間自然光線",50,"直路","快車道","柏油","乾燥","良好","無號誌","單向禁止超車線","快慢車道分隔線","有",35,"不明",120.266273,23.054024,"臺南市","永康區"
"側撞","2021",2,22,11,"晴","日間自然光線",50,"直路","快車道","柏油","乾燥","良好","無號誌","單向禁止超車線","快慢車道分隔線","有",35,"未使用",120.266273,23.054024,"臺南市","永康區"
"側撞","2021",2,22,11,"晴","日間自然光線",50,"直路","快車道","柏油","乾燥","良好","無號誌","單向禁止超車線","快慢車道分隔線","有",22,"未使用",120.266273,23.054024,"臺南市","永康區"
"追撞","2021",2,23,8,"晴","日間自然光線",50,"直路","路肩、路緣","柏油","乾燥","良好","無號誌","雙向禁止超車線","未繪設快慢車道分隔線","有",34,"未使用",120.779234,24.448526,"苗栗縣","銅鑼鄉"
"追撞","2021",2,23,8,"晴","日間自然光線",50,"直路","路肩、路緣","柏油","乾燥","良好","無號誌","雙向禁止超車線","未繪設快慢車道分隔線","有",67,"未使用",120.779234,24.448526,"苗栗縣","銅鑼鄉"
"其他","2021",2,23,9,"晴","日間自然光線",50,"直路","路肩、路緣","柏油","乾燥","良好","無號誌","雙向禁止超車線","未繪設快慢車道分隔線","有",27,"未使用",121.014969,24.906912,"新竹縣","新豐鄉"