"事故類型及型態子類別名稱","發生年度","發生月份","發生日期","發生時間","天候名稱","光線名稱","速限.第1當事者","道路型態子類別名稱","事故位置子類別名稱","路面狀況.路面鋪裝名稱","路面狀況.路面狀態名稱","道路障礙.視距品質名稱","號誌.號誌動作名稱","車道劃分設施.分向設施大類別名稱","車道劃分設施.分道設施.快慢車道間名稱","車道劃分設施.分道設施.路面邊線名稱","當事者事故發生時年齡","行動電話或電腦或其他相類功能裝置名稱","經度","緯度","縣市","鄉鎮"
"其他","2021",2,23,9,"晴","日間自然光線",50,"直路","路肩、路緣","柏油","乾燥","良好","無號誌","雙向禁止超車線","未繪設快慢車道分隔線","有",5,"未使用",121.014969,24.906912,"新竹縣","新豐鄉"
"其他","2021",2,23,9,"晴","日間自然光線",50,"直路","路肩、路緣","柏油","乾燥","良好","無號誌","雙向禁止超車線","未繪設快慢車道分隔線","有",6,"未使用",121.014969,24.906912,"新竹縣","新豐鄉"
"其他","2021",2,23,9,"晴","日間自然光線",50,"直路","路肩、路緣","柏油","乾燥","良好","無號誌","雙向禁止超車線","未繪設快慢車道分隔線","有",46,"未使用",121.014969,24.906912,"新竹縣","新豐鄉"
"側撞","2021",2,23,9,"晴","日間自然光線",50,"多岔路","交叉路口內","柏油","乾燥","良好","正常","無","未繪設快慢車道分隔線","有",53,"未使用",120.484779,22.882211,"高雄市","旗山區"
"側撞","2021",2,23,9,"晴","日間自然光線",50,"多岔路","交叉路口內","柏油","乾燥","良好","正常","無","未繪設快慢車道分隔線","有",70,"未使用",120.484779,22.882211,"高雄市","旗山區"
"側撞","2021",2,23,11,"晴","日間自然光線",50,"四岔路","交叉路口內","柏油","乾燥","良好","正常","無","未繪設快慢車道分隔線","無",46,"未使用",120.21353,23.003935,"臺南市","北區"
"側撞","2021",2,23,11,"晴","日間自然光線",50,"四岔路","交叉路口內","柏油","乾燥","良好","正常","無","未繪設快慢車道分隔線","無",86,"未使用",120.21353,23.003935,"臺南市","北區"
"側撞","2021",2,23,18,"晴","夜間(或隧道、地下道、涵洞)有照明",50,"四岔路","交叉路口內","柏油","乾燥","良好","正常","無","未繪設快慢車道分隔線","有",47,"未使用",121.366667,24.933333,"新北市","三峽區"
"側撞","2021",2,23,18,"晴","夜間(或隧道、地下道、涵洞)有照明",50,"四岔路","交叉路口內","柏油","乾燥","良好","正常","無","未繪設快慢車道分隔線","有",27,"未使用",121.366667,24.933333,"新北市","三峽區"
"穿越道路中","2021",2,23,19,"晴","日間自然光線",50,"直路","快車道","柏油","乾燥","不良","無號誌","行車分向線","快慢車道分隔線","有",63,"非駕駛人",120.5077,22.94183,"高雄市","旗山區"
"穿越道路中","2021",2,23,19,"晴","日間自然光線",50,"直路","快車道","柏油","乾燥","不良","無號誌","行車分向線","快慢車道分隔線","有",23,"未使用",120.5077,22.94183,"高雄市","旗山區"
"側撞","2021",2,23,21,"晴","夜間(或隧道、地下道、涵洞)有照明",40,"三岔路","交叉路口內","柏油","乾燥","良好","無號誌","無","未繪設快慢車道分隔線","無",37,"未使用",121.261962,25.013106,"桃園市","蘆竹區"
"側撞","2021",2,23,21,"晴","夜間(或隧道、地下道、涵洞)有照明",40,"三岔路","交叉路口內","柏油","乾燥","良好","無號誌","無","未繪設快慢車道分隔線","無",37,"未使用",121.261962,25.013106,"桃園市","蘆竹區"
"其他","2021",2,24,3,"晴","夜間(或隧道、地下道、涵洞)有照明",50,"直路","一般車道(未劃分快慢車道)","柏油","乾燥","良好","無號誌","無","未繪設快慢車道分隔線","無",58,"未使用",121.491111,25.059126,"新北市","新莊區"
"其他","2021",2,24,3,"晴","夜間(或隧道、地下道、涵洞)有照明",50,"直路","一般車道(未劃分快慢車道)","柏油","乾燥","良好","無號誌","無","未繪設快慢車道分隔線","無",30,"未使用",121.491111,25.059126,"新北市","新莊區"
"其他","2021",2,24,3,"晴","夜間(或隧道、地下道、涵洞)有照明",50,"直路","一般車道(未劃分快慢車道)","柏油","乾燥","良好","無號誌","無","未繪設快慢車道分隔線","無",57,"未使用",121.491111,25.059126,"新北市","新莊區"
"側撞","2021",2,24,8,"晴","日間自然光線",50,"四岔路","交叉路口內","柏油","乾燥","良好","無號誌","雙向禁止超車線","未繪設快慢車道分隔線","有",73,"未使用",121.010533,24.91316,"新竹縣","新豐鄉"
"側撞","2021",2,24,8,"晴","日間自然光線",50,"四岔路","交叉路口內","柏油","乾燥","良好","無號誌","雙向禁止超車線","未繪設快慢車道分隔線","有",26,"未使用",121.010533,24.91316,"新竹縣","新豐鄉"
"側撞","2021",2,24,8,"晴","日間自然光線",50,"四岔路","交叉路口內","柏油","乾燥","良好","無號誌","雙向禁止超車線","未繪設快慢車道分隔線","有",28,"未使用",121.010533,24.91316,"新竹縣","新豐鄉"
"同向擦撞","2021",2,24,10,"晴","日間自然光線",50,"彎曲路及附近","一般車道(未劃分快慢車道)","柏油","乾燥","良好","無號誌","雙向禁止超車線","未繪設快慢車道分隔線","有",36,"不明",121.205174,25.056205,"桃園市","大園區"
"同向擦撞","2021",2,24,10,"晴","日間自然光線",50,"彎曲路及附近","一般車道(未劃分快慢車道)","柏油","乾燥","良好","無號誌","雙向禁止超車線","未繪設快慢車道分隔線","有",30,"未使用",121.205174,25.056205,"桃園市","大園區"
"同向擦撞","2021",2,24,10,"晴","日間自然光線",50,"彎曲路及附近","一般車道(未劃分快慢車道)","柏油","乾燥","良好","無號誌","雙向禁止超車線","未繪設快慢車道分隔線","有",70,"未使用",121.205174,25.056205,"桃園市","大園區"
"側撞","2021",2,24,11,"晴","日間自然光線",30,"三岔路","交叉路口內","柏油","乾燥","良好","正常","中央分向島","寛式快慢車道分隔島(50公分以上)","有",80,"不明",120.219349,23.794209,"雲林縣","麥寮鄉"
"側撞","2021",2,24,11,"晴","日間自然光線",30,"三岔路","交叉路口內","柏油","乾燥","良好","正常","中央分向島","寛式快慢車道分隔島(50公分以上)","有",52,"不明",120.219349,23.794209,"雲林縣","麥寮鄉"
"對撞","2021",2,24,14,"晴","日間自然光線",50,"直路","快車道","柏油","乾燥","良好","無號誌","行車分向線","快慢車道分隔線","有",26,"不明",120.970384,24.643013,"苗栗縣","三灣鄉"
"對撞","2021",2,24,14,"晴","日間自然光線",50,"直路","快車道","柏油","乾燥","良好","無號誌","行車分向線","快慢車道分隔線","有",18,"非駕駛人",120.970384,24.643013,"苗栗縣","三灣鄉"
"對撞","2021",2,24,14,"晴","日間自然光線",50,"直路","快車道","柏油","乾燥","良好","無號誌","行車分向線","快慢車道分隔線","有",55,"未使用",120.970384,24.643013,"苗栗縣","三灣鄉"
"對撞","2021",2,24,14,"晴","日間自然光線",50,"直路","快車道","柏油","乾燥","良好","無號誌","行車分向線","快慢車道分隔線","有",63,"未使用",120.970384,24.643013,"苗栗縣","三灣鄉"
"側撞","2021",2,24,17,"晴","日間自然光線",50,"四岔路","交叉路口內","柏油","乾燥","良好","正常","無","未繪設快慢車道分隔線","無",43,"未使用",121.314388,24.985619,"桃園市","桃園區"
"側撞","2021",2,24,17,"晴","日間自然光線",50,"四岔路","交叉路口內","柏油","乾燥","良好","正常","無","未繪設快慢車道分隔線","無",39,"未使用",121.314388,24.985619,"桃園市","桃園區"
"路口交岔撞","2021",2,24,18,"陰","夜間(或隧道、地下道、涵洞)有照明",60,"四岔路","交叉路口內","柏油","乾燥","良好","無號誌","無","未繪設快慢車道分隔線","無",32,"未使用",121.597223,23.994353,"花蓮縣","吉安鄉"
"路口交岔撞","2021",2,24,18,"陰","夜間(或隧道、地下道、涵洞)有照明",60,"四岔路","交叉路口內","柏油","乾燥","良好","無號誌","無","未繪設快慢車道分隔線","無",75,"非駕駛人",121.597223,23.994353,"花蓮縣","吉安鄉"
"路口交岔撞","2021",2,24,18,"陰","夜間(或隧道、地下道、涵洞)有照明",60,"四岔路","交叉路口內","柏油","乾燥","良好","無號誌","無","未繪設快慢車道分隔線","無",76,"未使用",121.597223,23.994353,"花蓮縣","吉安鄉"
"其他","2021",2,24,21,"晴","夜間(或隧道、地下道、涵洞)有照明",50,"四岔路","交叉路口內","柏油","乾燥","良好","正常","無","未繪設快慢車道分隔線","有",55,"不明",121.069675,24.911472,"桃園市","楊梅區"
"其他","2021",2,24,21,"晴","夜間(或隧道、地下道、涵洞)有照明",50,"四岔路","交叉路口內","柏油","乾燥","良好","正常","無","未繪設快慢車道分隔線","有",34,"非駕駛人",121.069675,24.911472,"桃園市","楊梅區"
"其他","2021",2,25,6,"晴","日間自然光線",50,"直路","一般車道(未劃分快慢車道)","柏油","乾燥","良好","無號誌","行車分向線","未繪設快慢車道分隔線","無",78,"非駕駛人",120.246252,23.568296,"雲林縣","水林鄉"
"其他","2021",2,25,6,"晴","日間自然光線",50,"直路","一般車道(未劃分快慢車道)","柏油","乾燥","良好","無號誌","行車分向線","未繪設快慢車道分隔線","無",32,"未使用",120.246252,23.568296,"雲林縣","水林鄉"
"側撞","2021",2,25,7,"晴","日間自然光線",70,"四岔路","交叉路口內","柏油","乾燥","良好","正常","中央分向島","未繪設快慢車道分隔線","有",51,"未使用",120.466123,22.84845,"高雄市","旗山區"
"側撞","2021",2,25,7,"晴","日間自然光線",70,"四岔路","交叉路口內","柏油","乾燥","良好","正常","中央分向島","未繪設快慢車道分隔線","有",20,"未使用",120.466123,22.84845,"高雄市","旗山區"
"其他","2021",2,25,15,"晴","日間自然光線",50,"四岔路","交叉路口內","柏油","乾燥","良好","正常","雙向禁止超車線","未繪設快慢車道分隔線","有",56,"未使用",121.018059,24.866034,"新竹縣","湖口鄉"
"其他","2021",2,25,15,"晴","日間自然光線",50,"四岔路","交叉路口內","柏油","乾燥","良好","正常","雙向禁止超車線","未繪設快慢車道分隔線","有",64,"非駕駛人",121.018059,24.866034,"新竹縣","湖口鄉"
"側撞","2021",2,26,8,"晴","日間自然光線",70,"四岔路","交叉路口內","柏油","乾燥","良好","正常","無","未繪設快慢車道分隔線","無",36,"未使用",120.133111,23.185111,"臺南市","七股區"
"側撞","2021",2,26,8,"晴","日間自然光線",70,"四岔路","交叉路口內","柏油","乾燥","良好","正常","無","未繪設快慢車道分隔線","無",19,"未使用",120.133111,23.185111,"臺南市","七股區"
"撞路樹、電桿","2021",2,26,12,"晴","日間自然光線",50,"直路","路肩、路緣","柏油","乾燥","良好","無號誌","雙向禁止超車線","未繪設快慢車道分隔線","有",86,"非駕駛人",121.263319,25.097408,"桃園市","蘆竹區"
"撞路樹、電桿","2021",2,26,12,"晴","日間自然光線",50,"直路","路肩、路緣","柏油","乾燥","良好","無號誌","雙向禁止超車線","未繪設快慢車道分隔線","有",40,"非駕駛人",121.263319,25.097408,"桃園市","蘆竹區"
"撞路樹、電桿","2021",2,26,12,"晴","日間自然光線",50,"直路","路肩、路緣","柏油","乾燥","良好","無號誌","雙向禁止超車線","未繪設快慢車道分隔線","有",60,"未使用",121.263319,25.097408,"桃園市","蘆竹區"
"同向通行中","2021",2,27,4,"雨","夜間(或隧道、地下道、涵洞)有照明",50,"直路","一般車道(未劃分快慢車道)","柏油","濕潤","不良","無號誌","中央分向島","未繪設快慢車道分隔線","無",24,"不明",121.288277,24.98966,"桃園市","桃園區"
"同向通行中","2021",2,27,4,"雨","夜間(或隧道、地下道、涵洞)有照明",50,"直路","一般車道(未劃分快慢車道)","柏油","濕潤","不良","無號誌","中央分向島","未繪設快慢車道分隔線","無",44,"不明",121.288277,24.98966,"桃園市","桃園區"
"同向通行中","2021",2,27,4,"雨","夜間(或隧道、地下道、涵洞)有照明",50,"直路","一般車道(未劃分快慢車道)","柏油","濕潤","不良","無號誌","中央分向島","未繪設快慢車道分隔線","無",88,"非駕駛人",121.288277,24.98966,"桃園市","桃園區"
"穿越道路中","2021",2,27,4,"晴","夜間(或隧道、地下道、涵洞)有照明",50,"三岔路","交叉口附近","柏油","乾燥","良好","無號誌","雙向禁止超車線","未繪設快慢車道分隔線","有",60,"非駕駛人",120.289446,23.710711,"雲林縣","褒忠鄉"
"穿越道路中","2021",2,27,4,"晴","夜間(或隧道、地下道、涵洞)有照明",50,"三岔路","交叉口附近","柏油","乾燥","良好","無號誌","雙向禁止超車線","未繪設快慢車道分隔線","有",54,"未使用",120.289446,23.710711,"雲林縣","褒忠鄉"
"穿越道路中","2021",2,27,5,"雨","夜間(或隧道、地下道、涵洞)無照明",70,"四岔路","交叉路口內","柏油","濕潤","良好","正常","無","未繪設快慢車道分隔線","無",65,"未使用",121.633498,24.113543,"花蓮縣","新城鄉"
"穿越道路中","2021",2,27,5,"雨","夜間(或隧道、地下道、涵洞)無照明",70,"四岔路","交叉路口內","柏油","濕潤","良好","正常","無","未繪設快慢車道分隔線","無",89,"未使用",121.633498,24.113543,"花蓮縣","新城鄉"
"其他","2021",2,27,8,"晴","日間自然光線",90,"直路","快車道","柏油","乾燥","良好","無號誌","中央分向島","未繪設快慢車道分隔線","有",53,"未使用",120.335437,22.650917,"高雄市","鳥松區"
"其他","2021",2,27,8,"晴","日間自然光線",90,"直路","快車道","柏油","乾燥","良好","無號誌","中央分向島","未繪設快慢車道分隔線","有",47,"非駕駛人",120.335437,22.650917,"高雄市","鳥松區"
"其他","2021",2,27,8,"晴","日間自然光線",90,"直路","快車道","柏油","乾燥","良好","無號誌","中央分向島","未繪設快慢車道分隔線","有",15,"非駕駛人",120.335437,22.650917,"高雄市","鳥松區"
"其他","2021",2,27,8,"晴","日間自然光線",90,"直路","快車道","柏油","乾燥","良好","無號誌","中央分向島","未繪設快慢車道分隔線","有",16,"非駕駛人",120.335437,22.650917,"高雄市","鳥松區"
"其他","2021",2,27,8,"晴","日間自然光線",90,"直路","快車道","柏油","乾燥","良好","無號誌","中央分向島","未繪設快慢車道分隔線","有",48,"未使用",120.335437,22.650917,"高雄市","鳥松區"
"其他","2021",2,27,8,"晴","日間自然光線",90,"直路","快車道","柏油","乾燥","良好","無號誌","中央分向島","未繪設快慢車道分隔線","有",50,"未使用",120.335437,22.650917,"高雄市","鳥松區"
"側撞","2021",2,27,12,"陰","日間自然光線",50,"四岔路","交叉路口內","柏油","乾燥","良好","正常","無","未繪設快慢車道分隔線","無",37,"未使用",121.49021,25.071872,"新北市","三重區"
"側撞","2021",2,27,12,"陰","日間自然光線",50,"四岔路","交叉路口內","柏油","乾燥","良好","正常","無","未繪設快慢車道分隔線","無",72,"未使用",121.49021,25.071872,"新北市","三重區"
"衝出路外","2021",2,27,17,"陰","日間自然光線",30,"三岔路","交叉路口內","柏油","乾燥","良好","無號誌","無","未繪設快慢車道分隔線","無",79,"未使用",121.100259,22.779518,"臺東縣","卑南鄉"
"衝出路外","2021",2,27,17,"陰","日間自然光線",30,"三岔路","交叉路口內","柏油","乾燥","良好","無號誌","無","未繪設快慢車道分隔線","無",76,"非駕駛人",121.100259,22.779518,"臺東縣","卑南鄉"
"側撞","2021",2,27,23,"晴","夜間(或隧道、地下道、涵洞)有照明",50,"直路","一般車道(未劃分快慢車道)","柏油","乾燥","良好","無號誌","行車分向線","未繪設快慢車道分隔線","有",56,"不明",120.5702,22.91753,"高雄市","美濃區"
"側撞","2021",2,27,23,"晴","夜間(或隧道、地下道、涵洞)有照明",50,"直路","一般車道(未劃分快慢車道)","柏油","乾燥","良好","無號誌","行車分向線","未繪設快慢車道分隔線","有",23,"未使用",120.5702,22.91753,"高雄市","美濃區"
"側撞","2021",2,27,23,"晴","夜間(或隧道、地下道、涵洞)有照明",50,"直路","一般車道(未劃分快慢車道)","柏油","乾燥","良好","無號誌","行車分向線","未繪設快慢車道分隔線","有",33,"非駕駛人",120.5702,22.91753,"高雄市","美濃區"
"側撞","2021",2,27,23,"晴","夜間(或隧道、地下道、涵洞)有照明",50,"直路","一般車道(未劃分快慢車道)","柏油","乾燥","良好","無號誌","行車分向線","未繪設快慢車道分隔線","有",29,"非駕駛人",120.5702,22.91753,"高雄市","美濃區"
"側撞","2021",2,27,23,"晴","夜間(或隧道、地下道、涵洞)有照明",50,"直路","一般車道(未劃分快慢車道)","柏油","乾燥","良好","無號誌","行車分向線","未繪設快慢車道分隔線","有",29,"非駕駛人",120.5702,22.91753,"高雄市","美濃區"
"撞路樹、電桿","2021",2,28,0,"晴","夜間(或隧道、地下道、涵洞)有照明",50,"彎曲路及附近","快車道","柏油","乾燥","良好","無號誌","雙向禁止超車線","快慢車道分隔線","無",20,"不明",120.672238,24.255238,"臺中市","神岡區"
"撞路樹、電桿","2021",2,28,0,"晴","夜間(或隧道、地下道、涵洞)有照明",50,"彎曲路及附近","快車道","柏油","乾燥","良好","無號誌","雙向禁止超車線","快慢車道分隔線","無",20,"不明",120.672238,24.255238,"臺中市","神岡區"
"撞路樹、電桿","2021",2,28,0,"晴","夜間(或隧道、地下道、涵洞)有照明",50,"彎曲路及附近","快車道","柏油","乾燥","良好","無號誌","雙向禁止超車線","快慢車道分隔線","無",19,"非駕駛人",120.672238,24.255238,"臺中市","神岡區"
"撞路樹、電桿","2021",2,28,0,"晴","夜間(或隧道、地下道、涵洞)有照明",50,"彎曲路及附近","快車道","柏油","乾燥","良好","無號誌","雙向禁止超車線","快慢車道分隔線","無",19,"非駕駛人",120.672238,24.255238,"臺中市","神岡區"
"撞路樹、電桿","2021",2,28,0,"晴","夜間(或隧道、地下道、涵洞)有照明",50,"彎曲路及附近","快車道","柏油","乾燥","良好","無號誌","雙向禁止超車線","快慢車道分隔線","無",20,"非駕駛人",120.672238,24.255238,"臺中市","神岡區"
"側撞","2021",2,28,10,"晴","日間自然光線",50,"三岔路","交叉路口內","柏油","乾燥","良好","無號誌","無","未繪設快慢車道分隔線","無",67,"未使用",120.834061,24.172808,"臺中市","新社區"
"側撞","2021",2,28,10,"晴","日間自然光線",50,"三岔路","交叉路口內","柏油","乾燥","良好","無號誌","無","未繪設快慢車道分隔線","無",43,"未使用",120.834061,24.172808,"臺中市","新社區"
"撞護欄(樁)","2021",2,28,13,"陰","日間自然光線",60,"彎曲路及附近","快車道","柏油","乾燥","良好","無號誌","中央分向島","窄式快慢車道分隔島(附柵欄)","有",21,"未使用",121.250129,23.184132,"花蓮縣","富里鄉"
"路口交岔撞","2021",2,28,13,"晴","日間自然光線",40,"四岔路","交叉路口內","柏油","乾燥","良好","正常","無","未繪設快慢車道分隔線","無",38,"未使用",120.344219,23.479904,"嘉義縣","太保市"
"路口交岔撞","2021",2,28,13,"晴","日間自然光線",40,"四岔路","交叉路口內","柏油","乾燥","良好","正常","無","未繪設快慢車道分隔線","無",52,"未使用",120.344219,23.479904,"嘉義縣","太保市"
"側撞","2021",2,28,14,"陰","日間自然光線",50,"四岔路","交叉路口內","柏油","乾燥","良好","正常","無","未繪設快慢車道分隔線","無",61,"不明",121.16533,24.963705,"桃園市","中壢區"
"側撞","2021",2,28,14,"陰","日間自然光線",50,"四岔路","交叉路口內","柏油","乾燥","良好","正常","無","未繪設快慢車道分隔線","無",37,"未使用",121.16533,24.963705,"桃園市","中壢區"
"其他","2021",2,28,21,"晴","夜間(或隧道、地下道、涵洞)有照明",50,"直路","一般車道(未劃分快慢車道)","柏油","乾燥","良好","無號誌","無","未繪設快慢車道分隔線","有",62,"未使用",120.848546,24.684443,"苗栗縣","竹南鎮"
"路口交岔撞","2021",3,1,1,"陰","夜間(或隧道、地下道、涵洞)有照明",50,"四岔路","交叉路口內","柏油","乾燥","良好","正常","行車分向線","快慢車道分隔線","有",25,"不明",121.534777,25.026071,"臺北市","大安區"
"路口交岔撞","2021",3,1,1,"陰","夜間(或隧道、地下道、涵洞)有照明",50,"四岔路","交叉路口內","柏油","乾燥","良好","正常","行車分向線","快慢車道分隔線","有",37,"不明",121.534777,25.026071,"臺北市","大安區"
"其他","2021",3,1,18,"晴","夜間(或隧道、地下道、涵洞)有照明",50,"直路","一般車道(未劃分快慢車道)","柏油","乾燥","良好","正常","雙向禁止超車線","未繪設快慢車道分隔線","有",79,"未使用",121.629768,24.024055,"花蓮縣","花蓮市"
"其他","2021",3,1,18,"晴","夜間(或隧道、地下道、涵洞)有照明",50,"直路","一般車道(未劃分快慢車道)","柏油","乾燥","良好","正常","雙向禁止超車線","未繪設快慢車道分隔線","有",23,"未使用",121.629768,24.024055,"花蓮縣","花蓮市"
"穿越道路中","2021",3,2,5,"晴","夜間(或隧道、地下道、涵洞)有照明",50,"直路","一般車道(未劃分快慢車道)","柏油","乾燥","良好","無號誌","雙向禁止超車線","未繪設快慢車道分隔線","有",23,"未使用",120.675865,24.114946,"臺中市","大里區"
"穿越道路中","2021",3,2,5,"晴","夜間(或隧道、地下道、涵洞)有照明",50,"直路","一般車道(未劃分快慢車道)","柏油","乾燥","良好","無號誌","雙向禁止超車線","未繪設快慢車道分隔線","有",45,"非駕駛人",120.675865,24.114946,"臺中市","大里區"
"穿越道路中","2021",3,2,6,"晴","日間自然光線",50,"直路","快車道","柏油","乾燥","良好","無號誌","行車分向線","快慢車道分隔線","有",73,"未使用",120.530339,24.254969,"臺中市","梧棲區"
"穿越道路中","2021",3,2,6,"晴","日間自然光線",50,"直路","快車道","柏油","乾燥","良好","無號誌","行車分向線","快慢車道分隔線","有",34,"未使用",120.530339,24.254969,"臺中市","梧棲區"
"追撞","2021",3,2,10,"晴","日間自然光線",50,"直路","一般車道(未劃分快慢車道)","柏油","乾燥","良好","無號誌","雙向禁止超車線","未繪設快慢車道分隔線","無",57,"不明",120.717372,24.167241,"臺中市","北屯區"
"追撞","2021",3,2,10,"晴","日間自然光線",50,"直路","一般車道(未劃分快慢車道)","柏油","乾燥","良好","無號誌","雙向禁止超車線","未繪設快慢車道分隔線","無",56,"非駕駛人",120.717372,24.167241,"臺中市","北屯區"
"追撞","2021",3,2,10,"晴","日間自然光線",50,"直路","一般車道(未劃分快慢車道)","柏油","乾燥","良好","無號誌","雙向禁止超車線","未繪設快慢車道分隔線","無",66,"不明",120.717372,24.167241,"臺中市","北屯區"
"追撞","2021",3,2,10,"晴","日間自然光線",50,"直路","一般車道(未劃分快慢車道)","柏油","乾燥","良好","無號誌","雙向禁止超車線","未繪設快慢車道分隔線","無",43,"不明",120.717372,24.167241,"臺中市","北屯區"
"撞橋樑、建築物","2021",3,2,12,"晴","日間自然光線",60,"三岔路","交叉口附近","柏油","乾燥","良好","無號誌","雙向禁止超車線","快慢車道分隔線","有",49,"未使用",120.150974,23.149554,"臺南市","七股區"
"撞護欄(樁)","2021",3,2,14,"晴","日間自然光線",50,"直路","一般車道(未劃分快慢車道)","柏油","乾燥","良好","無號誌","行車分向線","未繪設快慢車道分隔線","有",64,"未使用",120.732865,22.015166,"屏東縣","恆春鎮"
"撞護欄(樁)","2021",3,2,14,"晴","日間自然光線",50,"直路","一般車道(未劃分快慢車道)","柏油","乾燥","良好","無號誌","行車分向線","未繪設快慢車道分隔線","有",59,"未使用",120.732865,22.015166,"屏東縣","恆春鎮"
"側撞","2021",3,2,16,"晴","日間自然光線",50,"四岔路","交叉路口內","柏油","乾燥","良好","正常","無","未繪設快慢車道分隔線","無",42,"未使用",120.318832,22.64009,"高雄市","三民區"
"側撞","2021",3,2,16,"晴","日間自然光線",50,"四岔路","交叉路口內","柏油","乾燥","良好","正常","無","未繪設快慢車道分隔線","無",49,"未使用",120.318832,22.64009,"高雄市","三民區"
"側撞","2021",3,2,17,"晴","日間自然光線",50,"三岔路","交叉路口內","柏油","乾燥","良好","正常","無","未繪設快慢車道分隔線","無",34,"不明",120.365414,23.555628,"嘉義縣","新港鄉"
"側撞","2021",3,2,17,"晴","日間自然光線",50,"三岔路","交叉路口內","柏油","乾燥","良好","正常","無","未繪設快慢車道分隔線","無",69,"未使用",120.365414,23.555628,"嘉義縣","新港鄉"
"穿越道路中","2021",3,2,22,"晴","夜間(或隧道、地下道、涵洞)有照明",60,"直路","快車道","柏油","乾燥","良好","無號誌","中央分向島","快慢車道分隔線","有",58,"未使用",120.676383,24.103138,"臺中市","大里區"
"穿越道路中","2021",3,2,22,"晴","夜間(或隧道、地下道、涵洞)有照明",60,"直路","快車道","柏油","乾燥","良好","無號誌","中央分向島","快慢車道分隔線","有",43,"非駕駛人",120.676383,24.103138,"臺中市","大里區"
"對撞","2021",3,2,23,"晴","夜間(或隧道、地下道、涵洞)有照明",50,"直路","一般車道(未劃分快慢車道)","柏油","乾燥","良好","無號誌","雙向禁止超車線","未繪設快慢車道分隔線","有",36,"未使用",120.987113,24.897153,"新竹縣","新豐鄉"
"對撞","2021",3,2,23,"晴","夜間(或隧道、地下道、涵洞)有照明",50,"直路","一般車道(未劃分快慢車道)","柏油","乾燥","良好","無號誌","雙向禁止超車線","未繪設快慢車道分隔線","有",53,"未使用",120.987113,24.897153,"新竹縣","新豐鄉"
"對撞","2021",3,2,23,"晴","夜間(或隧道、地下道、涵洞)有照明",50,"直路","一般車道(未劃分快慢車道)","柏油","乾燥","良好","無號誌","雙向禁止超車線","未繪設快慢車道分隔線","有",32,"未使用",120.987113,24.897153,"新竹縣","新豐鄉"
"對撞","2021",3,2,23,"晴","夜間(或隧道、地下道、涵洞)有照明",50,"直路","一般車道(未劃分快慢車道)","柏油","乾燥","良好","無號誌","雙向禁止超車線","未繪設快慢車道分隔線","有",35,"未使用",120.987113,24.897153,"新竹縣","新豐鄉"
"側撞","2021",3,3,7,"晴","日間自然光線",70,"直路","慢車道","柏油","乾燥","良好","無號誌","中央分向島","快慢車道分隔線","有",82,"非駕駛人",120.58914,24.113335,"臺中市","烏日區"
"側撞","2021",3,3,7,"晴","日間自然光線",70,"直路","慢車道","柏油","乾燥","良好","無號誌","中央分向島","快慢車道分隔線","有",21,"未使用",120.58914,24.113335,"臺中市","烏日區"
"其他","2021",3,3,9,"晴","日間自然光線",60,"直路","快車道","柏油","乾燥","良好","無號誌","中央分向島","快慢車道分隔線","有",78,"不明",120.544928,23.915293,"彰化縣","永靖鄉"
"其他","2021",3,3,9,"晴","日間自然光線",60,"直路","快車道","柏油","乾燥","良好","無號誌","中央分向島","快慢車道分隔線","有",49,"未使用",120.544928,23.915293,"彰化縣","永靖鄉"
"側撞","2021",3,3,17,"陰","日間自然光線",50,"直路","一般車道(未劃分快慢車道)","柏油","乾燥","良好","無號誌","行車分向線","未繪設快慢車道分隔線","有",77,"未使用",120.319442,23.360567,"臺南市","後壁區"
"側撞","2021",3,3,17,"陰","日間自然光線",50,"直路","一般車道(未劃分快慢車道)","柏油","乾燥","良好","無號誌","行車分向線","未繪設快慢車道分隔線","有",42,"未使用",120.319442,23.360567,"臺南市","後壁區"
"側撞","2021",3,3,17,"晴","日間自然光線",50,"四岔路","交叉路口內","柏油","乾燥","良好","正常","行車分向線","快慢車道分隔線","無",88,"未使用",120.322184,22.666947,"高雄市","三民區"
"側撞","2021",3,3,17,"晴","日間自然光線",50,"四岔路","交叉路口內","柏油","乾燥","良好","正常","行車分向線","快慢車道分隔線","無",60,"未使用",120.322184,22.666947,"高雄市","三民區"
"同向擦撞","2021",3,3,20,"晴","夜間(或隧道、地下道、涵洞)有照明",50,"四岔路","交叉路口內","柏油","乾燥","良好","正常","無","未繪設快慢車道分隔線","有",42,"未使用",121.46737,25.073427,"新北市","五股區"
"同向擦撞","2021",3,3,20,"晴","夜間(或隧道、地下道、涵洞)有照明",50,"四岔路","交叉路口內","柏油","乾燥","良好","正常","無","未繪設快慢車道分隔線","有",63,"非駕駛人",121.46737,25.073427,"新北市","五股區"