"事故類型及型態子類別名稱","發生年度","發生月份","發生日期","發生時間","天候名稱","光線名稱","速限.第1當事者","道路型態子類別名稱","事故位置子類別名稱","路面狀況.路面鋪裝名稱","路面狀況.路面狀態名稱","道路障礙.視距品質名稱","號誌.號誌動作名稱","車道劃分設施.分向設施大類別名稱","車道劃分設施.分道設施.快慢車道間名稱","車道劃分設施.分道設施.路面邊線名稱","當事者事故發生時年齡","行動電話或電腦或其他相類功能裝置名稱","經度","緯度","縣市","鄉鎮"
"側撞","2021",3,4,7,"雨","日間自然光線",50,"三岔路","交叉路口內","柏油","濕潤","良好","正常","無","未繪設快慢車道分隔線","無",50,"未使用",121.170082,25.077525,"桃園市","大園區"
"側撞","2021",3,4,7,"雨","日間自然光線",50,"三岔路","交叉路口內","柏油","濕潤","良好","正常","無","未繪設快慢車道分隔線","無",46,"未使用",121.170082,25.077525,"桃園市","大園區"
"側撞","2021",3,4,17,"晴","日間自然光線",50,"多岔路","交叉路口內","柏油","乾燥","良好","正常","無","快慢車道分隔線","無",39,"未使用",120.331817,22.628148,"高雄市","苓雅區"
"側撞","2021",3,4,17,"晴","日間自然光線",50,"多岔路","交叉路口內","柏油","乾燥","良好","正常","無","快慢車道分隔線","無",60,"未使用",120.331817,22.628148,"高雄市","苓雅區"
"側撞","2021",3,4,18,"晴","夜間(或隧道、地下道、涵洞)有照明",50,"三岔路","交叉路口內","柏油","乾燥","良好","正常","無","未繪設快慢車道分隔線","無",21,"未使用",121.133513,22.742034,"臺東縣","臺東市"
"側撞","2021",3,4,18,"晴","夜間(或隧道、地下道、涵洞)有照明",50,"三岔路","交叉路口內","柏油","乾燥","良好","正常","無","未繪設快慢車道分隔線","無",42,"未使用",121.133513,22.742034,"臺東縣","臺東市"
"路口交岔撞","2021",3,4,23,"陰","夜間(或隧道、地下道、涵洞)有照明",50,"四岔路","交叉路口內","柏油","濕潤","良好","正常","雙向禁止超車線","未繪設快慢車道分隔線","有",20,"未使用",121.83123,24.864267,"宜蘭縣","頭城鎮"
"路口交岔撞","2021",3,4,23,"陰","夜間(或隧道、地下道、涵洞)有照明",50,"四岔路","交叉路口內","柏油","濕潤","良好","正常","雙向禁止超車線","未繪設快慢車道分隔線","有",21,"未使用",121.83123,24.864267,"宜蘭縣","頭城鎮"
"路口交岔撞","2021",3,4,23,"陰","夜間(或隧道、地下道、涵洞)有照明",50,"四岔路","交叉路口內","柏油","濕潤","良好","正常","雙向禁止超車線","未繪設快慢車道分隔線","有",32,"未使用",121.83123,24.864267,"宜蘭縣","頭城鎮"
"穿越道路中","2021",3,5,3,"雨","夜間(或隧道、地下道、涵洞)有照明",50,"四岔路","交叉路口內","柏油","濕潤","良好","正常","中央分向島","未繪設快慢車道分隔線","無",30,"不明",121.51122,25.062788,"臺北市","大同區"
"穿越道路中","2021",3,5,3,"雨","夜間(或隧道、地下道、涵洞)有照明",50,"四岔路","交叉路口內","柏油","濕潤","良好","正常","中央分向島","未繪設快慢車道分隔線","無",74,"非駕駛人",121.51122,25.062788,"臺北市","大同區"
"穿越道路中","2021",3,5,4,"陰","夜間(或隧道、地下道、涵洞)有照明",50,"四岔路","交叉路口內","柏油","濕潤","良好","正常","中央分向島","未繪設快慢車道分隔線","無",65,"未使用",121.5644,25.04124,"臺北市","信義區"
"穿越道路中","2021",3,5,4,"陰","夜間(或隧道、地下道、涵洞)有照明",50,"四岔路","交叉路口內","柏油","濕潤","良好","正常","中央分向島","未繪設快慢車道分隔線","無",64,"非駕駛人",121.5644,25.04124,"臺北市","信義區"
"路口交岔撞","2021",3,5,8,"陰","日間自然光線",30,"四岔路","交叉路口內","柏油","乾燥","良好","無號誌","無","未繪設快慢車道分隔線","有",91,"未使用",121.122181,22.933894,"臺東縣","鹿野鄉"
"路口交岔撞","2021",3,5,8,"陰","日間自然光線",30,"四岔路","交叉路口內","柏油","乾燥","良好","無號誌","無","未繪設快慢車道分隔線","有",49,"未使用",121.122181,22.933894,"臺東縣","鹿野鄉"
"側撞","2021",3,5,9,"晴","日間自然光線",60,"四岔路","交叉路口內","柏油","乾燥","良好","無號誌","中央分向島","未繪設快慢車道分隔線","有",19,"未使用",120.36141,22.735629,"高雄市","大社區"
"側撞","2021",3,5,9,"晴","日間自然光線",60,"四岔路","交叉路口內","柏油","乾燥","良好","無號誌","中央分向島","未繪設快慢車道分隔線","有",34,"未使用",120.36141,22.735629,"高雄市","大社區"
"撞號誌、標誌桿","2021",3,5,15,"晴","日間自然光線",60,"三岔路","交叉口附近","柏油","乾燥","良好","無號誌","雙向禁止超車線","未繪設快慢車道分隔線","有",56,"非駕駛人",121.272334,24.840346,"桃園市","大溪區"
"撞號誌、標誌桿","2021",3,5,15,"晴","日間自然光線",60,"三岔路","交叉口附近","柏油","乾燥","良好","無號誌","雙向禁止超車線","未繪設快慢車道分隔線","有",48,"未使用",121.272334,24.840346,"桃園市","大溪區"
"側撞","2021",3,5,17,"晴","日間自然光線",40,"四岔路","交叉路口內","柏油","乾燥","良好","正常","無","未繪設快慢車道分隔線","無",66,"不明",120.640331,24.116975,"臺中市","南屯區"
"側撞","2021",3,5,17,"晴","日間自然光線",40,"四岔路","交叉路口內","柏油","乾燥","良好","正常","無","未繪設快慢車道分隔線","無",61,"未使用",120.640331,24.116975,"臺中市","南屯區"
"撞交通島","2021",3,6,0,"陰","夜間(或隧道、地下道、涵洞)有照明",30,"直路","一般車道(未劃分快慢車道)","柏油","乾燥","良好","無號誌","中央分向島","寛式快慢車道分隔島(50公分以上)","有",23,"未使用",121.30557,24.936677,"桃園市","八德區"
"路上翻車、摔倒","2021",3,6,4,"晴","夜間(或隧道、地下道、涵洞)有照明",40,"三岔路","一般車道(未劃分快慢車道)","柏油","乾燥","良好","無號誌","無","未繪設快慢車道分隔線","有",60,"非駕駛人",120.987632,23.667976,"南投縣","信義鄉"
"路上翻車、摔倒","2021",3,6,4,"晴","夜間(或隧道、地下道、涵洞)有照明",40,"三岔路","一般車道(未劃分快慢車道)","柏油","乾燥","良好","無號誌","無","未繪設快慢車道分隔線","有",51,"非駕駛人",120.987632,23.667976,"南投縣","信義鄉"
"路上翻車、摔倒","2021",3,6,4,"晴","夜間(或隧道、地下道、涵洞)有照明",40,"三岔路","一般車道(未劃分快慢車道)","柏油","乾燥","良好","無號誌","無","未繪設快慢車道分隔線","有",46,"不明",120.987632,23.667976,"南投縣","信義鄉"
"路上翻車、摔倒","2021",3,6,6,"晴","日間自然光線",40,"直路","一般車道(未劃分快慢車道)","柏油","乾燥","良好","無號誌","無","未繪設快慢車道分隔線","有",46,"未使用",121.69671,24.721733,"宜蘭縣","員山鄉"
"其他","2021",3,6,6,"晴","日間自然光線",50,"直路","路肩、路緣","柏油","乾燥","良好","無號誌","行車分向線","未繪設快慢車道分隔線","有",69,"不明",120.432671,23.533657,"嘉義縣","民雄鄉"
"其他","2021",3,6,6,"晴","日間自然光線",50,"直路","路肩、路緣","柏油","乾燥","良好","無號誌","行車分向線","未繪設快慢車道分隔線","有",74,"非駕駛人",120.432671,23.533657,"嘉義縣","民雄鄉"
"其他","2021",3,6,6,"晴","日間自然光線",50,"直路","路肩、路緣","柏油","乾燥","良好","無號誌","行車分向線","未繪設快慢車道分隔線","有",24,"未使用",120.432671,23.533657,"嘉義縣","民雄鄉"
"路口交岔撞","2021",3,6,10,"晴","日間自然光線",50,"四岔路","交叉路口內","柏油","乾燥","不良","正常","雙向禁止超車線","未繪設快慢車道分隔線","有",26,"不明",120.420029,23.726251,"雲林縣","虎尾鎮"
"路口交岔撞","2021",3,6,10,"晴","日間自然光線",50,"四岔路","交叉路口內","柏油","乾燥","不良","正常","雙向禁止超車線","未繪設快慢車道分隔線","有",45,"未使用",120.420029,23.726251,"雲林縣","虎尾鎮"
"撞路樹、電桿","2021",3,6,11,"晴","日間自然光線",60,"直路","路肩、路緣","柏油","乾燥","良好","無號誌","雙向禁止超車線","未繪設快慢車道分隔線","有",59,"未使用",121.636724,24.136321,"花蓮縣","新城鄉"
"側撞","2021",3,6,13,"晴","日間自然光線",50,"多岔路","交叉路口內","柏油","乾燥","良好","無號誌","無","未繪設快慢車道分隔線","無",15,"未使用",119.513771,23.616312,"澎湖縣","西嶼鄉"
"側撞","2021",3,6,13,"晴","日間自然光線",50,"多岔路","交叉路口內","柏油","乾燥","良好","無號誌","無","未繪設快慢車道分隔線","無",29,"未使用",119.513771,23.616312,"澎湖縣","西嶼鄉"
"側撞","2021",3,6,13,"晴","日間自然光線",50,"多岔路","交叉路口內","柏油","乾燥","良好","無號誌","無","未繪設快慢車道分隔線","無",14,"非駕駛人",119.513771,23.616312,"澎湖縣","西嶼鄉"
"側撞","2021",3,6,13,"晴","日間自然光線",50,"多岔路","交叉路口內","柏油","乾燥","良好","無號誌","無","未繪設快慢車道分隔線","無",34,"非駕駛人",119.513771,23.616312,"澎湖縣","西嶼鄉"
"路口交岔撞","2021",3,7,2,"陰","夜間(或隧道、地下道、涵洞)有照明",50,"四岔路","交叉路口內","柏油","乾燥","良好","正常","無","未繪設快慢車道分隔線","無",30,"未使用",119.587309,23.564898,"澎湖縣","馬公市"
"路口交岔撞","2021",3,7,2,"陰","夜間(或隧道、地下道、涵洞)有照明",50,"四岔路","交叉路口內","柏油","乾燥","良好","正常","無","未繪設快慢車道分隔線","無",63,"未使用",119.587309,23.564898,"澎湖縣","馬公市"
"路口交岔撞","2021",3,7,2,"陰","夜間(或隧道、地下道、涵洞)有照明",50,"四岔路","交叉路口內","柏油","乾燥","良好","正常","無","未繪設快慢車道分隔線","無",30,"非駕駛人",119.587309,23.564898,"澎湖縣","馬公市"
"追撞","2021",3,7,20,"晴","夜間(或隧道、地下道、涵洞)有照明",70,"直路","機車優先道","柏油","乾燥","良好","無號誌","中央分向島","快慢車道分隔線","有",26,"未使用",121.605842,24.055256,"花蓮縣","新城鄉"
"追撞","2021",3,7,20,"晴","夜間(或隧道、地下道、涵洞)有照明",70,"直路","機車優先道","柏油","乾燥","良好","無號誌","中央分向島","快慢車道分隔線","有",42,"未使用",121.605842,24.055256,"花蓮縣","新城鄉"
"追撞","2021",3,7,20,"晴","夜間(或隧道、地下道、涵洞)有照明",70,"直路","機車優先道","柏油","乾燥","良好","無號誌","中央分向島","快慢車道分隔線","有",42,"未使用",121.605842,24.055256,"花蓮縣","新城鄉"
"側撞","2021",3,8,10,"晴","日間自然光線",50,"四岔路","交叉路口內","柏油","乾燥","良好","無號誌","無","未繪設快慢車道分隔線","有",65,"未使用",120.546078,24.057431,"彰化縣","彰化市"
"側撞","2021",3,8,10,"晴","日間自然光線",50,"四岔路","交叉路口內","柏油","乾燥","良好","無號誌","無","未繪設快慢車道分隔線","有",52,"未使用",120.546078,24.057431,"彰化縣","彰化市"
"側撞","2021",3,9,0,"晴","夜間(或隧道、地下道、涵洞)有照明",40,"四岔路","交叉路口內","柏油","乾燥","良好","正常","無","未繪設快慢車道分隔線","無",19,"未使用",120.693021,24.058598,"臺中市","霧峰區"
"側撞","2021",3,9,0,"晴","夜間(或隧道、地下道、涵洞)有照明",40,"四岔路","交叉路口內","柏油","乾燥","良好","正常","無","未繪設快慢車道分隔線","無",21,"未使用",120.693021,24.058598,"臺中市","霧峰區"
"側撞","2021",3,9,8,"晴","日間自然光線",50,"四岔路","交叉路口內","柏油","乾燥","良好","正常","無","未繪設快慢車道分隔線","有",40,"未使用",120.695931,24.065745,"臺中市","霧峰區"
"側撞","2021",3,9,8,"晴","日間自然光線",50,"四岔路","交叉路口內","柏油","乾燥","良好","正常","無","未繪設快慢車道分隔線","有",60,"未使用",120.695931,24.065745,"臺中市","霧峰區"
"撞護欄(樁)","2021",3,9,11,"晴","日間自然光線",60,"直路","路肩、路緣","柏油","乾燥","良好","無號誌","行車分向線","快慢車道分隔線","有",43,"未使用",120.692689,24.373358,"苗栗縣","苑裡鎮"
"路口交岔撞","2021",3,9,11,"晴","日間自然光線",30,"四岔路","交叉路口內","柏油","乾燥","良好","無號誌","無","未繪設快慢車道分隔線","有",59,"未使用",120.385316,23.792957,"雲林縣","二崙鄉"
"路口交岔撞","2021",3,9,11,"晴","日間自然光線",30,"四岔路","交叉路口內","柏油","乾燥","良好","無號誌","無","未繪設快慢車道分隔線","有",81,"未使用",120.385316,23.792957,"雲林縣","二崙鄉"
"路口交岔撞","2021",3,9,11,"晴","日間自然光線",30,"四岔路","交叉路口內","柏油","乾燥","良好","無號誌","無","未繪設快慢車道分隔線","有",66,"未使用",120.385316,23.792957,"雲林縣","二崙鄉"
"撞路樹、電桿","2021",3,9,15,"晴","日間自然光線",50,"直路","一般車道(未劃分快慢車道)","柏油","乾燥","良好","無號誌","行車分向線","未繪設快慢車道分隔線","有",56,"不明",120.540815,22.675335,"屏東縣","長治鄉"
"撞路樹、電桿","2021",3,9,16,"晴","日間自然光線",30,"直路","一般車道(未劃分快慢車道)","柏油","乾燥","良好","無號誌","無","未繪設快慢車道分隔線","無",68,"未使用",120.308472,23.340629,"臺南市","後壁區"
"路上翻車、摔倒","2021",3,9,23,"晴","夜間(或隧道、地下道、涵洞)有照明",40,"直路","慢車道","柏油","乾燥","良好","無號誌","中央分向島","未繪設快慢車道分隔線","無",110,"",120.328873,22.706374,"高雄市","仁武區"
"路上翻車、摔倒","2021",3,9,23,"晴","夜間(或隧道、地下道、涵洞)有照明",40,"直路","慢車道","柏油","乾燥","良好","無號誌","中央分向島","未繪設快慢車道分隔線","無",41,"未使用",120.328873,22.706374,"高雄市","仁武區"
"對撞","2021",3,10,10,"晴","日間自然光線",50,"三岔路","交叉口附近","柏油","乾燥","良好","無號誌","雙向禁止超車線","未繪設快慢車道分隔線","有",67,"未使用",120.406976,23.328906,"臺南市","東山區"
"對撞","2021",3,10,10,"晴","日間自然光線",50,"三岔路","交叉口附近","柏油","乾燥","良好","無號誌","雙向禁止超車線","未繪設快慢車道分隔線","有",63,"未使用",120.406976,23.328906,"臺南市","東山區"
"撞路樹、電桿","2021",3,10,13,"晴","日間自然光線",50,"直路","直線匝道","柏油","乾燥","良好","無號誌","中央分向島","未繪設快慢車道分隔線","有",62,"未使用",120.333961,22.971824,"臺南市","關廟區"
"撞路樹、電桿","2021",3,10,13,"晴","日間自然光線",50,"直路","直線匝道","柏油","乾燥","良好","無號誌","中央分向島","未繪設快慢車道分隔線","有",24,"未使用",120.333961,22.971824,"臺南市","關廟區"
"撞路樹、電桿","2021",3,10,13,"晴","日間自然光線",50,"直路","直線匝道","柏油","乾燥","良好","無號誌","中央分向島","未繪設快慢車道分隔線","有",57,"未使用",120.333961,22.971824,"臺南市","關廟區"
"撞路樹、電桿","2021",3,10,13,"晴","日間自然光線",50,"直路","直線匝道","柏油","乾燥","良好","無號誌","中央分向島","未繪設快慢車道分隔線","有",83,"未使用",120.333961,22.971824,"臺南市","關廟區"
"同向擦撞","2021",3,10,16,"晴","晨或暮光",50,"直路","機車專用道","柏油","乾燥","良好","無號誌","雙向禁止超車線","未繪設快慢車道分隔線","有",20,"未使用",121.453971,25.033547,"新北市","新莊區"
"同向擦撞","2021",3,10,16,"晴","晨或暮光",50,"直路","機車專用道","柏油","乾燥","良好","無號誌","雙向禁止超車線","未繪設快慢車道分隔線","有",34,"未使用",121.453971,25.033547,"新北市","新莊區"
"穿越道路中","2021",3,10,19,"陰","夜間(或隧道、地下道、涵洞)有照明",50,"四岔路","交叉口附近","柏油","乾燥","良好","無號誌","行車分向線","快慢車道分隔線","有",40,"未使用",120.503502,22.810391,"屏東縣","里港鄉"
"穿越道路中","2021",3,10,19,"陰","夜間(或隧道、地下道、涵洞)有照明",50,"四岔路","交叉口附近","柏油","乾燥","良好","無號誌","行車分向線","快慢車道分隔線","有",81,"非駕駛人",120.503502,22.810391,"屏東縣","里港鄉"
"穿越道路中","2021",3,10,19,"陰","夜間(或隧道、地下道、涵洞)有照明",50,"四岔路","交叉口附近","柏油","乾燥","良好","無號誌","行車分向線","快慢車道分隔線","有",80,"非駕駛人",120.503502,22.810391,"屏東縣","里港鄉"
"穿越道路中","2021",3,10,19,"陰","夜間(或隧道、地下道、涵洞)有照明",50,"四岔路","交叉口附近","柏油","乾燥","良好","無號誌","行車分向線","快慢車道分隔線","有",30,"未使用",120.503502,22.810391,"屏東縣","里港鄉"
"其他","2021",3,10,23,"晴","夜間(或隧道、地下道、涵洞)有照明",40,"直路","慢車道","柏油","乾燥","良好","無號誌","中央分向島","快慢車道分隔線","有",67,"未使用",120.487016,22.607177,"屏東縣","萬丹鄉"
"其他","2021",3,10,23,"晴","夜間(或隧道、地下道、涵洞)有照明",40,"直路","慢車道","柏油","乾燥","良好","無號誌","中央分向島","快慢車道分隔線","有",17,"未使用",120.487016,22.607177,"屏東縣","萬丹鄉"
"側撞","2021",3,11,6,"晴","日間自然光線",50,"四岔路","交叉路口內","柏油","乾燥","良好","正常","無","未繪設快慢車道分隔線","無",55,"未使用",120.196822,23.137139,"臺南市","西港區"
"側撞","2021",3,11,6,"晴","日間自然光線",50,"四岔路","交叉路口內","柏油","乾燥","良好","正常","無","未繪設快慢車道分隔線","無",23,"使用手持或有礙駕駛安全",120.196822,23.137139,"臺南市","西港區"
"穿越道路中","2021",3,11,10,"晴","日間自然光線",50,"多岔路","交叉口附近","柏油","乾燥","良好","正常","中央分向島","未繪設快慢車道分隔線","無",62,"未使用",121.537085,25.01075,"臺北市","文山區"
"穿越道路中","2021",3,11,10,"晴","日間自然光線",50,"多岔路","交叉口附近","柏油","乾燥","良好","正常","中央分向島","未繪設快慢車道分隔線","無",54,"非駕駛人",121.537085,25.01075,"臺北市","文山區"
"對向擦撞","2021",3,11,17,"晴","日間自然光線",40,"直路","一般車道(未劃分快慢車道)","柏油","乾燥","良好","無號誌","雙向禁止超車線","未繪設快慢車道分隔線","有",43,"不明",120.770637,23.810669,"南投縣","鹿谷鄉"
"對向擦撞","2021",3,11,17,"晴","日間自然光線",40,"直路","一般車道(未劃分快慢車道)","柏油","乾燥","良好","無號誌","雙向禁止超車線","未繪設快慢車道分隔線","有",47,"未使用",120.770637,23.810669,"南投縣","鹿谷鄉"
"對向擦撞","2021",3,11,17,"晴","日間自然光線",40,"直路","一般車道(未劃分快慢車道)","柏油","乾燥","良好","無號誌","雙向禁止超車線","未繪設快慢車道分隔線","有",64,"未使用",120.770637,23.810669,"南投縣","鹿谷鄉"
"側撞","2021",3,11,20,"晴","日間自然光線",60,"多岔路","交叉路口內","柏油","乾燥","良好","正常","無","未繪設快慢車道分隔線","有",36,"不明",120.547085,24.275491,"臺中市","清水區"
"側撞","2021",3,11,20,"晴","日間自然光線",60,"多岔路","交叉路口內","柏油","乾燥","良好","正常","無","未繪設快慢車道分隔線","有",20,"不明",120.547085,24.275491,"臺中市","清水區"
"其他","2021",3,12,1,"晴","夜間(或隧道、地下道、涵洞)有照明",50,"三岔路","交叉口附近","柏油","乾燥","良好","正常","中央分向島","快慢車道分隔線","無",50,"未使用",120.683316,24.13636,"臺中市","中區"
"同向擦撞","2021",3,12,11,"晴","日間自然光線",50,"直路","一般車道(未劃分快慢車道)","柏油","乾燥","良好","無號誌","行車分向線","未繪設快慢車道分隔線","有",47,"不明",120.442383,23.747926,"雲林縣","西螺鎮"
"同向擦撞","2021",3,12,11,"晴","日間自然光線",50,"直路","一般車道(未劃分快慢車道)","柏油","乾燥","良好","無號誌","行車分向線","未繪設快慢車道分隔線","有",22,"不明",120.442383,23.747926,"雲林縣","西螺鎮"
"路口交岔撞","2021",3,12,12,"晴","日間自然光線",50,"四岔路","交叉路口內","柏油","乾燥","良好","無號誌","中央分向島","未繪設快慢車道分隔線","有",24,"未使用",121.043324,24.896586,"新竹縣","湖口鄉"
"路口交岔撞","2021",3,12,12,"晴","日間自然光線",50,"四岔路","交叉路口內","柏油","乾燥","良好","無號誌","中央分向島","未繪設快慢車道分隔線","有",40,"未使用",121.043324,24.896586,"新竹縣","湖口鄉"
"側撞","2021",3,12,20,"晴","夜間(或隧道、地下道、涵洞)有照明",50,"直路","快車道","柏油","乾燥","良好","無號誌","行車分向線","快慢車道分隔線","有",19,"不明",120.366026,22.730079,"高雄市","大社區"
"側撞","2021",3,12,20,"晴","夜間(或隧道、地下道、涵洞)有照明",50,"直路","快車道","柏油","乾燥","良好","無號誌","行車分向線","快慢車道分隔線","有",28,"未使用",120.366026,22.730079,"高雄市","大社區"
"側撞","2021",3,12,20,"晴","夜間(或隧道、地下道、涵洞)有照明",50,"直路","快車道","柏油","乾燥","良好","無號誌","行車分向線","快慢車道分隔線","有",21,"未使用",120.366026,22.730079,"高雄市","大社區"
"側撞","2021",3,12,20,"晴","夜間(或隧道、地下道、涵洞)有照明",50,"直路","快車道","柏油","乾燥","良好","無號誌","行車分向線","快慢車道分隔線","有",32,"未使用",120.366026,22.730079,"高雄市","大社區"
"撞路樹、電桿","2021",3,13,2,"晴","夜間(或隧道、地下道、涵洞)有照明",50,"直路","一般車道(未劃分快慢車道)","柏油","乾燥","良好","無號誌","單向禁止超車線","未繪設快慢車道分隔線","有",16,"未使用",120.580293,22.726795,"屏東縣","鹽埔鄉"
"撞路樹、電桿","2021",3,13,2,"晴","夜間(或隧道、地下道、涵洞)有照明",50,"彎曲路及附近","一般車道(未劃分快慢車道)","柏油","乾燥","良好","無號誌","雙向禁止超車線","未繪設快慢車道分隔線","有",50,"未使用",121.139371,24.909292,"桃園市","楊梅區"
"撞護欄(樁)","2021",3,13,4,"晴","夜間(或隧道、地下道、涵洞)有照明",50,"彎曲路及附近","路肩、路緣","柏油","乾燥","良好","無號誌","中央分向島","未繪設快慢車道分隔線","有",33,"未使用",120.364167,22.964307,"臺南市","龍崎區"
"衝出路外","2021",3,13,12,"晴","日間自然光線",30,"直路","一般車道(未劃分快慢車道)","柏油","乾燥","良好","無號誌","無","未繪設快慢車道分隔線","無",70,"不明",121.081527,24.964233,"桃園市","新屋區"
"路上翻車、摔倒","2021",3,13,14,"晴","日間自然光線",30,"坡路","一般車道(未劃分快慢車道)","柏油","乾燥","良好","無號誌","雙向禁止超車線","未繪設快慢車道分隔線","有",73,"未使用",121.341571,25.001575,"桃園市","龜山區"
"撞路樹、電桿","2021",3,13,23,"晴","夜間(或隧道、地下道、涵洞)有照明",50,"四岔路","交叉口附近","柏油","乾燥","良好","無號誌","雙向禁止超車線","未繪設快慢車道分隔線","有",45,"不明",120.258018,23.244882,"臺南市","下營區"
"側撞","2021",3,14,2,"晴","夜間(或隧道、地下道、涵洞)有照明",50,"三岔路","交叉路口內","柏油","乾燥","良好","正常","無","未繪設快慢車道分隔線","無",62,"未使用",120.471521,23.45843,"嘉義縣","中埔鄉"
"側撞","2021",3,14,2,"晴","夜間(或隧道、地下道、涵洞)有照明",50,"三岔路","交叉路口內","柏油","乾燥","良好","正常","無","未繪設快慢車道分隔線","無",29,"未使用",120.471521,23.45843,"嘉義縣","中埔鄉"
"其他","2021",3,15,2,"陰","夜間(或隧道、地下道、涵洞)無照明",50,"彎曲路及附近","路肩、路緣","柏油","乾燥","良好","無號誌","雙向禁止超車線","快慢車道分隔線","有",22,"未使用",121.206248,22.864122,"臺東縣","東河鄉"
"其他","2021",3,15,2,"陰","夜間(或隧道、地下道、涵洞)無照明",50,"彎曲路及附近","路肩、路緣","柏油","乾燥","良好","無號誌","雙向禁止超車線","快慢車道分隔線","有",21,"非駕駛人",121.206248,22.864122,"臺東縣","東河鄉"
"其他","2021",3,15,2,"陰","夜間(或隧道、地下道、涵洞)無照明",50,"彎曲路及附近","路肩、路緣","柏油","乾燥","良好","無號誌","雙向禁止超車線","快慢車道分隔線","有",19,"非駕駛人",121.206248,22.864122,"臺東縣","東河鄉"
"其他","2021",3,15,2,"陰","夜間(或隧道、地下道、涵洞)無照明",50,"彎曲路及附近","路肩、路緣","柏油","乾燥","良好","無號誌","雙向禁止超車線","快慢車道分隔線","有",21,"非駕駛人",121.206248,22.864122,"臺東縣","東河鄉"
"其他","2021",3,15,2,"陰","夜間(或隧道、地下道、涵洞)無照明",50,"彎曲路及附近","路肩、路緣","柏油","乾燥","良好","無號誌","雙向禁止超車線","快慢車道分隔線","有",15,"非駕駛人",121.206248,22.864122,"臺東縣","東河鄉"
"其他","2021",3,15,2,"陰","夜間(或隧道、地下道、涵洞)無照明",50,"彎曲路及附近","路肩、路緣","柏油","乾燥","良好","無號誌","雙向禁止超車線","快慢車道分隔線","有",16,"非駕駛人",121.206248,22.864122,"臺東縣","東河鄉"
"側撞","2021",3,15,4,"晴","夜間(或隧道、地下道、涵洞)有照明",40,"三岔路","交叉路口內","柏油","乾燥","良好","無號誌","雙向禁止超車線","未繪設快慢車道分隔線","有",32,"未使用",120.578713,23.99858,"彰化縣","大村鄉"
"側撞","2021",3,15,4,"晴","夜間(或隧道、地下道、涵洞)有照明",40,"三岔路","交叉路口內","柏油","乾燥","良好","無號誌","雙向禁止超車線","未繪設快慢車道分隔線","有",21,"未使用",120.578713,23.99858,"彰化縣","大村鄉"
"側撞","2021",3,15,4,"晴","夜間(或隧道、地下道、涵洞)有照明",40,"三岔路","交叉路口內","柏油","乾燥","良好","無號誌","雙向禁止超車線","未繪設快慢車道分隔線","有",55,"未使用",120.578713,23.99858,"彰化縣","大村鄉"
"穿越道路中","2021",3,15,9,"晴","日間自然光線",50,"直路","穿越道附近","柏油","乾燥","良好","正常","中央分向島","快慢車道分隔線","無",40,"未使用",120.302392,22.709029,"高雄市","楠梓區"
"穿越道路中","2021",3,15,9,"晴","日間自然光線",50,"直路","穿越道附近","柏油","乾燥","良好","正常","中央分向島","快慢車道分隔線","無",80,"非駕駛人",120.302392,22.709029,"高雄市","楠梓區"
"同向擦撞","2021",3,15,11,"晴","日間自然光線",50,"四岔路","交叉口附近","柏油","乾燥","良好","正常","中央分向島","快慢車道分隔線","無",78,"未使用",120.573685,24.264311,"臺中市","清水區"
"同向擦撞","2021",3,15,11,"晴","日間自然光線",50,"四岔路","交叉口附近","柏油","乾燥","良好","正常","中央分向島","快慢車道分隔線","無",74,"未使用",120.573685,24.264311,"臺中市","清水區"
"同向擦撞","2021",3,15,11,"晴","日間自然光線",50,"四岔路","交叉口附近","柏油","乾燥","良好","正常","中央分向島","快慢車道分隔線","無",51,"未使用",120.573685,24.264311,"臺中市","清水區"
"對撞","2021",3,15,12,"晴","日間自然光線",40,"直路","慢車道","柏油","乾燥","良好","無號誌","中央分向島","寛式快慢車道分隔島(50公分以上)","有",23,"未使用",120.670578,24.083935,"臺中市","大里區"
"對撞","2021",3,15,12,"晴","日間自然光線",40,"直路","慢車道","柏油","乾燥","良好","無號誌","中央分向島","寛式快慢車道分隔島(50公分以上)","有",69,"未使用",120.670578,24.083935,"臺中市","大里區"
"其他","2021",3,15,14,"晴","日間自然光線",70,"直路","路肩、路緣","水泥","乾燥","良好","無號誌","行車分向線","快慢車道分隔線","有",51,"不明",120.932747,23.967181,"南投縣","埔里鎮"
"其他","2021",3,15,14,"晴","日間自然光線",70,"直路","路肩、路緣","水泥","乾燥","良好","無號誌","行車分向線","快慢車道分隔線","有",53,"非駕駛人",120.932747,23.967181,"南投縣","埔里鎮"
"倒車撞","2021",3,15,15,"晴","晨或暮光",30,"三岔路","交叉口附近","柏油","乾燥","良好","無號誌","雙向禁止超車線","未繪設快慢車道分隔線","有",63,"不明",120.307118,23.610451,"雲林縣","北港鎮"
"倒車撞","2021",3,15,15,"晴","晨或暮光",30,"三岔路","交叉口附近","柏油","乾燥","良好","無號誌","雙向禁止超車線","未繪設快慢車道分隔線","有",25,"未使用",120.307118,23.610451,"雲林縣","北港鎮"