"事故類型及型態子類別名稱","發生年度","發生月份","發生日期","發生時間","天候名稱","光線名稱","速限.第1當事者","道路型態子類別名稱","事故位置子類別名稱","路面狀況.路面鋪裝名稱","路面狀況.路面狀態名稱","道路障礙.視距品質名稱","號誌.號誌動作名稱","車道劃分設施.分向設施大類別名稱","車道劃分設施.分道設施.快慢車道間名稱","車道劃分設施.分道設施.路面邊線名稱","當事者事故發生時年齡","行動電話或電腦或其他相類功能裝置名稱","經度","緯度","縣市","鄉鎮"
"側撞","2021",3,15,20,"晴","夜間(或隧道、地下道、涵洞)有照明",50,"四岔路","交叉路口內","柏油","乾燥","良好","正常","無","未繪設快慢車道分隔線","無",38,"未使用",120.695365,24.164937,"臺中市","北屯區"
"側撞","2021",3,15,20,"晴","夜間(或隧道、地下道、涵洞)有照明",50,"四岔路","交叉路口內","柏油","乾燥","良好","正常","無","未繪設快慢車道分隔線","無",75,"非駕駛人",120.695365,24.164937,"臺中市","北屯區"
"穿越道路中","2021",3,16,6,"晴","日間自然光線",50,"四岔路","交叉路口內","柏油","乾燥","良好","正常","中央分向島","未繪設快慢車道分隔線","有",81,"未使用",121.034552,24.830958,"新竹縣","新埔鎮"
"穿越道路中","2021",3,16,6,"晴","日間自然光線",50,"四岔路","交叉路口內","柏油","乾燥","良好","正常","中央分向島","未繪設快慢車道分隔線","有",62,"未使用",121.034552,24.830958,"新竹縣","新埔鎮"
"撞護欄(樁)","2021",3,16,7,"晴","日間自然光線",60,"彎曲路及附近","路肩、路緣","柏油","乾燥","良好","無號誌","中央分向島","快慢車道分隔線","有",48,"未使用",120.644628,24.435238,"苗栗縣","苑裡鎮"
"穿越道路中","2021",3,16,9,"晴","日間自然光線",50,"四岔路","交叉路口內","柏油","乾燥","良好","正常","行車分向線","未繪設快慢車道分隔線","無",53,"未使用",121.560044,24.996802,"臺北市","文山區"
"穿越道路中","2021",3,16,9,"晴","日間自然光線",50,"四岔路","交叉路口內","柏油","乾燥","良好","正常","行車分向線","未繪設快慢車道分隔線","無",98,"非駕駛人",121.560044,24.996802,"臺北市","文山區"
"撞路樹、電桿","2021",3,16,10,"晴","日間自然光線",60,"三岔路","交叉口附近","柏油","乾燥","良好","無號誌","雙向禁止超車線","未繪設快慢車道分隔線","有",61,"未使用",120.357309,23.309714,"臺南市","東山區"
"側撞","2021",3,16,11,"晴","日間自然光線",40,"四岔路","交叉路口內","柏油","乾燥","良好","正常","中央分向島","未繪設快慢車道分隔線","有",80,"未使用",120.296055,22.789302,"高雄市","岡山區"
"側撞","2021",3,16,11,"晴","日間自然光線",40,"四岔路","交叉路口內","柏油","乾燥","良好","正常","中央分向島","未繪設快慢車道分隔線","有",62,"未使用",120.296055,22.789302,"高雄市","岡山區"
"撞護欄(樁)","2021",3,16,16,"晴","日間自然光線",40,"彎曲路及附近","一般車道(未劃分快慢車道)","柏油","乾燥","良好","無號誌","雙向禁止超車線","未繪設快慢車道分隔線","有",64,"未使用",121.832546,24.50786,"宜蘭縣","蘇澳鎮"
"撞護欄(樁)","2021",3,16,16,"晴","日間自然光線",40,"彎曲路及附近","一般車道(未劃分快慢車道)","柏油","乾燥","良好","無號誌","雙向禁止超車線","未繪設快慢車道分隔線","有",55,"未使用",121.832546,24.50786,"宜蘭縣","蘇澳鎮"
"撞護欄(樁)","2021",3,16,16,"晴","日間自然光線",40,"彎曲路及附近","一般車道(未劃分快慢車道)","柏油","乾燥","良好","無號誌","雙向禁止超車線","未繪設快慢車道分隔線","有",68,"未使用",121.832546,24.50786,"宜蘭縣","蘇澳鎮"
"撞護欄(樁)","2021",3,16,16,"晴","日間自然光線",40,"彎曲路及附近","一般車道(未劃分快慢車道)","柏油","乾燥","良好","無號誌","雙向禁止超車線","未繪設快慢車道分隔線","有",68,"未使用",121.832546,24.50786,"宜蘭縣","蘇澳鎮"
"撞護欄(樁)","2021",3,16,16,"晴","日間自然光線",40,"彎曲路及附近","一般車道(未劃分快慢車道)","柏油","乾燥","良好","無號誌","雙向禁止超車線","未繪設快慢車道分隔線","有",66,"未使用",121.832546,24.50786,"宜蘭縣","蘇澳鎮"
"撞護欄(樁)","2021",3,16,16,"晴","日間自然光線",40,"彎曲路及附近","一般車道(未劃分快慢車道)","柏油","乾燥","良好","無號誌","雙向禁止超車線","未繪設快慢車道分隔線","有",81,"未使用",121.832546,24.50786,"宜蘭縣","蘇澳鎮"
"撞護欄(樁)","2021",3,16,16,"晴","日間自然光線",40,"彎曲路及附近","一般車道(未劃分快慢車道)","柏油","乾燥","良好","無號誌","雙向禁止超車線","未繪設快慢車道分隔線","有",62,"未使用",121.832546,24.50786,"宜蘭縣","蘇澳鎮"
"撞護欄(樁)","2021",3,16,16,"晴","日間自然光線",40,"彎曲路及附近","一般車道(未劃分快慢車道)","柏油","乾燥","良好","無號誌","雙向禁止超車線","未繪設快慢車道分隔線","有",71,"未使用",121.832546,24.50786,"宜蘭縣","蘇澳鎮"
"撞護欄(樁)","2021",3,16,16,"晴","日間自然光線",40,"彎曲路及附近","一般車道(未劃分快慢車道)","柏油","乾燥","良好","無號誌","雙向禁止超車線","未繪設快慢車道分隔線","有",63,"未使用",121.832546,24.50786,"宜蘭縣","蘇澳鎮"
"撞護欄(樁)","2021",3,16,16,"晴","日間自然光線",40,"彎曲路及附近","一般車道(未劃分快慢車道)","柏油","乾燥","良好","無號誌","雙向禁止超車線","未繪設快慢車道分隔線","有",53,"未使用",121.832546,24.50786,"宜蘭縣","蘇澳鎮"
"撞護欄(樁)","2021",3,16,16,"晴","日間自然光線",40,"彎曲路及附近","一般車道(未劃分快慢車道)","柏油","乾燥","良好","無號誌","雙向禁止超車線","未繪設快慢車道分隔線","有",55,"未使用",121.832546,24.50786,"宜蘭縣","蘇澳鎮"
"撞護欄(樁)","2021",3,16,16,"晴","日間自然光線",40,"彎曲路及附近","一般車道(未劃分快慢車道)","柏油","乾燥","良好","無號誌","雙向禁止超車線","未繪設快慢車道分隔線","有",51,"未使用",121.832546,24.50786,"宜蘭縣","蘇澳鎮"
"撞護欄(樁)","2021",3,16,16,"晴","日間自然光線",40,"彎曲路及附近","一般車道(未劃分快慢車道)","柏油","乾燥","良好","無號誌","雙向禁止超車線","未繪設快慢車道分隔線","有",52,"未使用",121.832546,24.50786,"宜蘭縣","蘇澳鎮"
"撞護欄(樁)","2021",3,16,16,"晴","日間自然光線",40,"彎曲路及附近","一般車道(未劃分快慢車道)","柏油","乾燥","良好","無號誌","雙向禁止超車線","未繪設快慢車道分隔線","有",20,"未使用",121.832546,24.50786,"宜蘭縣","蘇澳鎮"
"撞護欄(樁)","2021",3,16,16,"晴","日間自然光線",40,"彎曲路及附近","一般車道(未劃分快慢車道)","柏油","乾燥","良好","無號誌","雙向禁止超車線","未繪設快慢車道分隔線","有",60,"未使用",121.832546,24.50786,"宜蘭縣","蘇澳鎮"
"撞護欄(樁)","2021",3,16,16,"晴","日間自然光線",40,"彎曲路及附近","一般車道(未劃分快慢車道)","柏油","乾燥","良好","無號誌","雙向禁止超車線","未繪設快慢車道分隔線","有",62,"未使用",121.832546,24.50786,"宜蘭縣","蘇澳鎮"
"撞護欄(樁)","2021",3,16,16,"晴","日間自然光線",40,"彎曲路及附近","一般車道(未劃分快慢車道)","柏油","乾燥","良好","無號誌","雙向禁止超車線","未繪設快慢車道分隔線","有",59,"未使用",121.832546,24.50786,"宜蘭縣","蘇澳鎮"
"撞護欄(樁)","2021",3,16,16,"晴","日間自然光線",40,"彎曲路及附近","一般車道(未劃分快慢車道)","柏油","乾燥","良好","無號誌","雙向禁止超車線","未繪設快慢車道分隔線","有",77,"未使用",121.832546,24.50786,"宜蘭縣","蘇澳鎮"
"撞護欄(樁)","2021",3,16,16,"晴","日間自然光線",40,"彎曲路及附近","一般車道(未劃分快慢車道)","柏油","乾燥","良好","無號誌","雙向禁止超車線","未繪設快慢車道分隔線","有",62,"未使用",121.832546,24.50786,"宜蘭縣","蘇澳鎮"
"撞護欄(樁)","2021",3,16,16,"晴","日間自然光線",40,"彎曲路及附近","一般車道(未劃分快慢車道)","柏油","乾燥","良好","無號誌","雙向禁止超車線","未繪設快慢車道分隔線","有",69,"未使用",121.832546,24.50786,"宜蘭縣","蘇澳鎮"
"撞護欄(樁)","2021",3,16,16,"晴","日間自然光線",40,"彎曲路及附近","一般車道(未劃分快慢車道)","柏油","乾燥","良好","無號誌","雙向禁止超車線","未繪設快慢車道分隔線","有",72,"未使用",121.832546,24.50786,"宜蘭縣","蘇澳鎮"
"撞護欄(樁)","2021",3,16,16,"晴","日間自然光線",40,"彎曲路及附近","一般車道(未劃分快慢車道)","柏油","乾燥","良好","無號誌","雙向禁止超車線","未繪設快慢車道分隔線","有",78,"未使用",121.832546,24.50786,"宜蘭縣","蘇澳鎮"
"撞護欄(樁)","2021",3,16,16,"晴","日間自然光線",40,"彎曲路及附近","一般車道(未劃分快慢車道)","柏油","乾燥","良好","無號誌","雙向禁止超車線","未繪設快慢車道分隔線","有",64,"未使用",121.832546,24.50786,"宜蘭縣","蘇澳鎮"
"撞護欄(樁)","2021",3,16,16,"晴","日間自然光線",40,"彎曲路及附近","一般車道(未劃分快慢車道)","柏油","乾燥","良好","無號誌","雙向禁止超車線","未繪設快慢車道分隔線","有",90,"未使用",121.832546,24.50786,"宜蘭縣","蘇澳鎮"
"撞護欄(樁)","2021",3,16,16,"晴","日間自然光線",40,"彎曲路及附近","一般車道(未劃分快慢車道)","柏油","乾燥","良好","無號誌","雙向禁止超車線","未繪設快慢車道分隔線","有",72,"未使用",121.832546,24.50786,"宜蘭縣","蘇澳鎮"
"撞護欄(樁)","2021",3,16,16,"晴","日間自然光線",40,"彎曲路及附近","一般車道(未劃分快慢車道)","柏油","乾燥","良好","無號誌","雙向禁止超車線","未繪設快慢車道分隔線","有",62,"未使用",121.832546,24.50786,"宜蘭縣","蘇澳鎮"
"撞護欄(樁)","2021",3,16,16,"晴","日間自然光線",40,"彎曲路及附近","一般車道(未劃分快慢車道)","柏油","乾燥","良好","無號誌","雙向禁止超車線","未繪設快慢車道分隔線","有",55,"未使用",121.832546,24.50786,"宜蘭縣","蘇澳鎮"
"撞護欄(樁)","2021",3,16,16,"晴","日間自然光線",40,"彎曲路及附近","一般車道(未劃分快慢車道)","柏油","乾燥","良好","無號誌","雙向禁止超車線","未繪設快慢車道分隔線","有",57,"未使用",121.832546,24.50786,"宜蘭縣","蘇澳鎮"
"撞護欄(樁)","2021",3,16,16,"晴","日間自然光線",40,"彎曲路及附近","一般車道(未劃分快慢車道)","柏油","乾燥","良好","無號誌","雙向禁止超車線","未繪設快慢車道分隔線","有",66,"未使用",121.832546,24.50786,"宜蘭縣","蘇澳鎮"
"撞護欄(樁)","2021",3,16,16,"晴","日間自然光線",40,"彎曲路及附近","一般車道(未劃分快慢車道)","柏油","乾燥","良好","無號誌","雙向禁止超車線","未繪設快慢車道分隔線","有",67,"未使用",121.832546,24.50786,"宜蘭縣","蘇澳鎮"
"撞護欄(樁)","2021",3,16,16,"晴","日間自然光線",40,"彎曲路及附近","一般車道(未劃分快慢車道)","柏油","乾燥","良好","無號誌","雙向禁止超車線","未繪設快慢車道分隔線","有",68,"未使用",121.832546,24.50786,"宜蘭縣","蘇澳鎮"
"撞護欄(樁)","2021",3,16,16,"晴","日間自然光線",40,"彎曲路及附近","一般車道(未劃分快慢車道)","柏油","乾燥","良好","無號誌","雙向禁止超車線","未繪設快慢車道分隔線","有",56,"未使用",121.832546,24.50786,"宜蘭縣","蘇澳鎮"
"撞護欄(樁)","2021",3,16,16,"晴","日間自然光線",40,"彎曲路及附近","一般車道(未劃分快慢車道)","柏油","乾燥","良好","無號誌","雙向禁止超車線","未繪設快慢車道分隔線","有",76,"未使用",121.832546,24.50786,"宜蘭縣","蘇澳鎮"
"撞護欄(樁)","2021",3,16,16,"晴","日間自然光線",40,"彎曲路及附近","一般車道(未劃分快慢車道)","柏油","乾燥","良好","無號誌","雙向禁止超車線","未繪設快慢車道分隔線","有",67,"未使用",121.832546,24.50786,"宜蘭縣","蘇澳鎮"
"撞護欄(樁)","2021",3,16,16,"晴","日間自然光線",40,"彎曲路及附近","一般車道(未劃分快慢車道)","柏油","乾燥","良好","無號誌","雙向禁止超車線","未繪設快慢車道分隔線","有",55,"未使用",121.832546,24.50786,"宜蘭縣","蘇澳鎮"
"撞護欄(樁)","2021",3,16,16,"晴","日間自然光線",40,"彎曲路及附近","一般車道(未劃分快慢車道)","柏油","乾燥","良好","無號誌","雙向禁止超車線","未繪設快慢車道分隔線","有",58,"未使用",121.832546,24.50786,"宜蘭縣","蘇澳鎮"
"撞護欄(樁)","2021",3,16,16,"晴","日間自然光線",40,"彎曲路及附近","一般車道(未劃分快慢車道)","柏油","乾燥","良好","無號誌","雙向禁止超車線","未繪設快慢車道分隔線","有",61,"未使用",121.832546,24.50786,"宜蘭縣","蘇澳鎮"
"撞護欄(樁)","2021",3,16,16,"晴","日間自然光線",40,"彎曲路及附近","一般車道(未劃分快慢車道)","柏油","乾燥","良好","無號誌","雙向禁止超車線","未繪設快慢車道分隔線","有",69,"未使用",121.832546,24.50786,"宜蘭縣","蘇澳鎮"
"撞護欄(樁)","2021",3,16,16,"晴","日間自然光線",40,"彎曲路及附近","一般車道(未劃分快慢車道)","柏油","乾燥","良好","無號誌","雙向禁止超車線","未繪設快慢車道分隔線","有",66,"未使用",121.832546,24.50786,"宜蘭縣","蘇澳鎮"
"撞護欄(樁)","2021",3,16,16,"晴","日間自然光線",40,"彎曲路及附近","一般車道(未劃分快慢車道)","柏油","乾燥","良好","無號誌","雙向禁止超車線","未繪設快慢車道分隔線","有",59,"未使用",121.832546,24.50786,"宜蘭縣","蘇澳鎮"
"撞護欄(樁)","2021",3,16,16,"晴","日間自然光線",40,"彎曲路及附近","一般車道(未劃分快慢車道)","柏油","乾燥","良好","無號誌","雙向禁止超車線","未繪設快慢車道分隔線","有",68,"未使用",121.832546,24.50786,"宜蘭縣","蘇澳鎮"
"撞護欄(樁)","2021",3,16,16,"晴","日間自然光線",40,"彎曲路及附近","一般車道(未劃分快慢車道)","柏油","乾燥","良好","無號誌","雙向禁止超車線","未繪設快慢車道分隔線","有",58,"未使用",121.832546,24.50786,"宜蘭縣","蘇澳鎮"
"撞護欄(樁)","2021",3,16,16,"晴","日間自然光線",40,"彎曲路及附近","一般車道(未劃分快慢車道)","柏油","乾燥","良好","無號誌","雙向禁止超車線","未繪設快慢車道分隔線","有",48,"未使用",121.832546,24.50786,"宜蘭縣","蘇澳鎮"
"撞護欄(樁)","2021",3,16,16,"晴","日間自然光線",40,"彎曲路及附近","一般車道(未劃分快慢車道)","柏油","乾燥","良好","無號誌","雙向禁止超車線","未繪設快慢車道分隔線","有",47,"未使用",121.832546,24.50786,"宜蘭縣","蘇澳鎮"
"撞護欄(樁)","2021",3,16,16,"晴","日間自然光線",40,"彎曲路及附近","一般車道(未劃分快慢車道)","柏油","乾燥","良好","無號誌","雙向禁止超車線","未繪設快慢車道分隔線","有",48,"未使用",121.832546,24.50786,"宜蘭縣","蘇澳鎮"
"側撞","2021",3,16,17,"晴","日間自然光線",30,"四岔路","交叉路口內","柏油","乾燥","良好","無號誌","無","未繪設快慢車道分隔線","無",67,"未使用",120.5275,22.86075,"高雄市","美濃區"
"側撞","2021",3,16,17,"晴","日間自然光線",30,"四岔路","交叉路口內","柏油","乾燥","良好","無號誌","無","未繪設快慢車道分隔線","無",43,"未使用",120.5275,22.86075,"高雄市","美濃區"
"穿越道路中","2021",3,16,17,"晴","日間自然光線",60,"三岔路","交叉路口內","柏油","乾燥","不良","無號誌","無","未繪設快慢車道分隔線","有",72,"非駕駛人",120.247074,23.160886,"臺南市","麻豆區"
"穿越道路中","2021",3,16,17,"晴","日間自然光線",60,"三岔路","交叉路口內","柏油","乾燥","不良","無號誌","無","未繪設快慢車道分隔線","有",29,"未使用",120.247074,23.160886,"臺南市","麻豆區"
"其他","2021",3,16,19,"晴","夜間(或隧道、地下道、涵洞)無照明",30,"直路","一般車道(未劃分快慢車道)","柏油","乾燥","良好","無號誌","無","未繪設快慢車道分隔線","有",50,"不明",121.708792,24.693859,"宜蘭縣","三星鄉"
"其他","2021",3,16,19,"晴","夜間(或隧道、地下道、涵洞)無照明",30,"直路","一般車道(未劃分快慢車道)","柏油","乾燥","良好","無號誌","無","未繪設快慢車道分隔線","有",27,"不明",121.708792,24.693859,"宜蘭縣","三星鄉"
"穿越道路中","2021",3,17,5,"晴","夜間(或隧道、地下道、涵洞)有照明",50,"四岔路","交叉路口內","柏油","乾燥","良好","正常","行車分向線","快慢車道分隔線","有",88,"非駕駛人",120.533334,22.690554,"屏東縣","長治鄉"
"穿越道路中","2021",3,17,5,"晴","夜間(或隧道、地下道、涵洞)有照明",50,"四岔路","交叉路口內","柏油","乾燥","良好","正常","行車分向線","快慢車道分隔線","有",61,"未使用",120.533334,22.690554,"屏東縣","長治鄉"
"其他","2021",3,17,8,"晴","日間自然光線",30,"直路","一般車道(未劃分快慢車道)","柏油","乾燥","良好","無號誌","無","未繪設快慢車道分隔線","有",32,"不明",120.475589,24.039576,"彰化縣","福興鄉"
"其他","2021",3,17,8,"晴","日間自然光線",30,"直路","一般車道(未劃分快慢車道)","柏油","乾燥","良好","無號誌","無","未繪設快慢車道分隔線","有",75,"不明",120.475589,24.039576,"彰化縣","福興鄉"
"其他","2021",3,17,9,"晴","日間自然光線",30,"四岔路","交叉口附近","柏油","乾燥","良好","無號誌","無","未繪設快慢車道分隔線","無",54,"未使用",120.640818,24.100371,"臺中市","烏日區"
"其他","2021",3,17,9,"晴","日間自然光線",30,"四岔路","交叉口附近","柏油","乾燥","良好","無號誌","無","未繪設快慢車道分隔線","無",41,"未使用",120.640818,24.100371,"臺中市","烏日區"
"其他","2021",3,17,9,"晴","日間自然光線",30,"四岔路","交叉口附近","柏油","乾燥","良好","無號誌","無","未繪設快慢車道分隔線","無",41,"未使用",120.640818,24.100371,"臺中市","烏日區"
"路口交岔撞","2021",3,17,11,"晴","日間自然光線",50,"四岔路","交叉路口內","柏油","乾燥","良好","正常","無","未繪設快慢車道分隔線","無",51,"不明",120.413202,23.741815,"雲林縣","虎尾鎮"
"路口交岔撞","2021",3,17,11,"晴","日間自然光線",50,"四岔路","交叉路口內","柏油","乾燥","良好","正常","無","未繪設快慢車道分隔線","無",65,"不明",120.413202,23.741815,"雲林縣","虎尾鎮"
"穿越道路中","2021",3,17,18,"陰","夜間(或隧道、地下道、涵洞)有照明",60,"直路","一般車道(未劃分快慢車道)","柏油","乾燥","良好","無號誌","雙向禁止超車線","未繪設快慢車道分隔線","有",83,"未使用",120.931642,24.562266,"苗栗縣","獅潭鄉"
"穿越道路中","2021",3,17,18,"陰","夜間(或隧道、地下道、涵洞)有照明",60,"直路","一般車道(未劃分快慢車道)","柏油","乾燥","良好","無號誌","雙向禁止超車線","未繪設快慢車道分隔線","有",56,"未使用",120.931642,24.562266,"苗栗縣","獅潭鄉"
"同向擦撞","2021",3,17,19,"晴","夜間(或隧道、地下道、涵洞)有照明",60,"直路","一般車道(未劃分快慢車道)","柏油","乾燥","良好","正常","雙向禁止超車線","未繪設快慢車道分隔線","有",63,"未使用",120.523755,23.949288,"彰化縣","埔心鄉"
"同向擦撞","2021",3,17,19,"晴","夜間(或隧道、地下道、涵洞)有照明",60,"直路","一般車道(未劃分快慢車道)","柏油","乾燥","良好","正常","雙向禁止超車線","未繪設快慢車道分隔線","有",46,"非駕駛人",120.523755,23.949288,"彰化縣","埔心鄉"
"同向擦撞","2021",3,17,19,"晴","夜間(或隧道、地下道、涵洞)有照明",60,"直路","一般車道(未劃分快慢車道)","柏油","乾燥","良好","正常","雙向禁止超車線","未繪設快慢車道分隔線","有",52,"未使用",120.523755,23.949288,"彰化縣","埔心鄉"
"撞路樹、電桿","2021",3,17,20,"晴","夜間(或隧道、地下道、涵洞)有照明",50,"彎曲路及附近","一般車道(未劃分快慢車道)","柏油","乾燥","良好","無號誌","行車分向線","未繪設快慢車道分隔線","有",14,"不明",120.14387,23.565887,"雲林縣","口湖鄉"
"路口交岔撞","2021",3,18,3,"晴","夜間(或隧道、地下道、涵洞)有照明",50,"四岔路","交叉路口內","柏油","乾燥","良好","正常","無","未繪設快慢車道分隔線","無",21,"非駕駛人",120.653263,24.128829,"臺中市","南區"
"路口交岔撞","2021",3,18,3,"晴","夜間(或隧道、地下道、涵洞)有照明",50,"四岔路","交叉路口內","柏油","乾燥","良好","正常","無","未繪設快慢車道分隔線","無",46,"使用免持或未有礙駕駛安全",120.653263,24.128829,"臺中市","南區"
"路口交岔撞","2021",3,18,3,"晴","夜間(或隧道、地下道、涵洞)有照明",50,"四岔路","交叉路口內","柏油","乾燥","良好","正常","無","未繪設快慢車道分隔線","無",44,"未使用",120.653263,24.128829,"臺中市","南區"
"側撞","2021",3,18,11,"晴","日間自然光線",50,"三岔路","交叉口附近","柏油","乾燥","良好","無號誌","雙向禁止超車線","未繪設快慢車道分隔線","有",46,"未使用",121.521187,24.974137,"新北市","新店區"
"側撞","2021",3,18,11,"晴","日間自然光線",50,"三岔路","交叉口附近","柏油","乾燥","良好","無號誌","雙向禁止超車線","未繪設快慢車道分隔線","有",24,"未使用",121.521187,24.974137,"新北市","新店區"
"側撞","2021",3,18,11,"晴","日間自然光線",50,"三岔路","交叉路口內","柏油","乾燥","良好","正常","無","未繪設快慢車道分隔線","無",80,"未使用",120.399771,23.435194,"嘉義縣","水上鄉"
"側撞","2021",3,18,11,"晴","日間自然光線",50,"三岔路","交叉路口內","柏油","乾燥","良好","正常","無","未繪設快慢車道分隔線","無",50,"未使用",120.399771,23.435194,"嘉義縣","水上鄉"
"側撞","2021",3,18,11,"晴","日間自然光線",50,"三岔路","交叉路口內","柏油","乾燥","良好","正常","無","未繪設快慢車道分隔線","無",80,"未使用",120.399771,23.435194,"嘉義縣","水上鄉"
"側撞","2021",3,18,11,"晴","日間自然光線",50,"三岔路","交叉路口內","柏油","乾燥","良好","正常","無","未繪設快慢車道分隔線","無",49,"未使用",120.399771,23.435194,"嘉義縣","水上鄉"
"側撞","2021",3,18,11,"晴","日間自然光線",50,"三岔路","交叉路口內","柏油","乾燥","良好","正常","無","未繪設快慢車道分隔線","無",33,"未使用",120.399771,23.435194,"嘉義縣","水上鄉"
"側撞","2021",3,18,11,"晴","日間自然光線",50,"三岔路","交叉路口內","柏油","乾燥","良好","正常","無","未繪設快慢車道分隔線","無",33,"未使用",120.399771,23.435194,"嘉義縣","水上鄉"
"側撞","2021",3,18,11,"晴","日間自然光線",50,"三岔路","交叉路口內","柏油","乾燥","良好","正常","無","未繪設快慢車道分隔線","無",33,"未使用",120.399771,23.435194,"嘉義縣","水上鄉"
"側撞","2021",3,18,21,"晴","夜間(或隧道、地下道、涵洞)有照明",60,"三岔路","交叉路口內","柏油","乾燥","良好","正常","無","未繪設快慢車道分隔線","有",18,"未使用",121.412075,25.028492,"新北市","新莊區"
"側撞","2021",3,18,21,"晴","夜間(或隧道、地下道、涵洞)有照明",60,"三岔路","交叉路口內","柏油","乾燥","良好","正常","無","未繪設快慢車道分隔線","有",27,"未使用",121.412075,25.028492,"新北市","新莊區"
"穿越道路中","2021",3,19,7,"陰","日間自然光線",50,"四岔路","交叉路口內","柏油","乾燥","良好","無號誌","無","未繪設快慢車道分隔線","無",37,"不明",120.811976,24.573749,"苗栗縣","苗栗市"
"穿越道路中","2021",3,19,7,"陰","日間自然光線",50,"四岔路","交叉路口內","柏油","乾燥","良好","無號誌","無","未繪設快慢車道分隔線","無",78,"非駕駛人",120.811976,24.573749,"苗栗縣","苗栗市"
"同向通行中","2021",3,19,8,"晴","日間自然光線",70,"直路","路肩、路緣","柏油","乾燥","良好","無號誌","中央分向島","快慢車道分隔線","有",32,"未使用",120.30152,22.62716,"高雄市","大樹區"
"同向通行中","2021",3,19,8,"晴","日間自然光線",70,"直路","路肩、路緣","柏油","乾燥","良好","無號誌","中央分向島","快慢車道分隔線","有",85,"非駕駛人",120.30152,22.62716,"高雄市","大樹區"
"路上翻車、摔倒","2021",3,19,12,"晴","日間自然光線",40,"彎曲路及附近","一般車道(未劃分快慢車道)","柏油","乾燥","不良","無號誌","雙向禁止超車線","未繪設快慢車道分隔線","有",20,"未使用",120.613456,23.379417,"嘉義縣","番路鄉"
"路上翻車、摔倒","2021",3,19,12,"晴","日間自然光線",40,"彎曲路及附近","一般車道(未劃分快慢車道)","柏油","乾燥","不良","無號誌","雙向禁止超車線","未繪設快慢車道分隔線","有",37,"未使用",120.613456,23.379417,"嘉義縣","番路鄉"
"路上翻車、摔倒","2021",3,19,12,"晴","日間自然光線",40,"彎曲路及附近","一般車道(未劃分快慢車道)","柏油","乾燥","不良","無號誌","雙向禁止超車線","未繪設快慢車道分隔線","有",39,"非駕駛人",120.613456,23.379417,"嘉義縣","番路鄉"
"路口交岔撞","2021",3,19,15,"晴","日間自然光線",40,"四岔路","交叉路口內","柏油","乾燥","良好","正常","無","未繪設快慢車道分隔線","有",67,"非駕駛人",121.380898,24.951979,"新北市","樹林區"
"路口交岔撞","2021",3,19,15,"晴","日間自然光線",40,"四岔路","交叉路口內","柏油","乾燥","良好","正常","無","未繪設快慢車道分隔線","有",23,"未使用",121.380898,24.951979,"新北市","樹林區"
"撞交通島","2021",3,19,16,"陰","日間自然光線",60,"三岔路","快車道","柏油","乾燥","不良","無號誌","中央分向島","快慢車道分隔線","有",26,"未使用",121.834269,24.603032,"宜蘭縣","蘇澳鎮"
"側撞","2021",3,19,16,"晴","日間自然光線",50,"三岔路","交叉路口內","柏油","乾燥","良好","無號誌","雙向禁止超車線","未繪設快慢車道分隔線","有",85,"未使用",120.347548,22.746606,"高雄市","大社區"
"側撞","2021",3,19,16,"晴","日間自然光線",50,"三岔路","交叉路口內","柏油","乾燥","良好","無號誌","雙向禁止超車線","未繪設快慢車道分隔線","有",22,"未使用",120.347548,22.746606,"高雄市","大社區"
"穿越道路中","2021",3,20,5,"霧或煙","晨或暮光",50,"直路","一般車道(未劃分快慢車道)","柏油","乾燥","不良","無號誌","雙向禁止超車線","快慢車道分隔線","有",53,"不明",120.780618,24.601395,"苗栗縣","後龍鎮"
"穿越道路中","2021",3,20,5,"霧或煙","晨或暮光",50,"直路","一般車道(未劃分快慢車道)","柏油","乾燥","不良","無號誌","雙向禁止超車線","快慢車道分隔線","有",51,"不明",120.780618,24.601395,"苗栗縣","後龍鎮"
"穿越道路中","2021",3,20,5,"霧或煙","晨或暮光",50,"直路","一般車道(未劃分快慢車道)","柏油","乾燥","不良","無號誌","雙向禁止超車線","快慢車道分隔線","有",86,"非駕駛人",120.780618,24.601395,"苗栗縣","後龍鎮"
"側撞","2021",3,20,11,"晴","日間自然光線",50,"四岔路","交叉路口內","柏油","乾燥","良好","正常","無","未繪設快慢車道分隔線","無",52,"不明",120.676246,24.157489,"臺中市","北區"
"側撞","2021",3,20,11,"晴","日間自然光線",50,"四岔路","交叉路口內","柏油","乾燥","良好","正常","無","未繪設快慢車道分隔線","無",19,"不明",120.676246,24.157489,"臺中市","北區"
"其他","2021",3,20,11,"晴","日間自然光線",70,"橋樑","路肩、路緣","柏油","乾燥","良好","無號誌","中央分向島","未繪設快慢車道分隔線","有",38,"未使用",121.047216,25.010155,"桃園市","新屋區"
"其他","2021",3,20,11,"晴","日間自然光線",70,"橋樑","路肩、路緣","柏油","乾燥","良好","無號誌","中央分向島","未繪設快慢車道分隔線","有",60,"未使用",121.047216,25.010155,"桃園市","新屋區"
"追撞","2021",3,20,14,"晴","日間自然光線",90,"高架道路","快車道","柏油","乾燥","良好","無號誌","中央分向島","未繪設快慢車道分隔線","有",53,"未使用",120.538758,24.255833,"臺中市","梧棲區"
"追撞","2021",3,20,14,"晴","日間自然光線",90,"高架道路","快車道","柏油","乾燥","良好","無號誌","中央分向島","未繪設快慢車道分隔線","有",45,"未使用",120.538758,24.255833,"臺中市","梧棲區"
"追撞","2021",3,20,14,"晴","日間自然光線",90,"高架道路","快車道","柏油","乾燥","良好","無號誌","中央分向島","未繪設快慢車道分隔線","有",16,"非駕駛人",120.538758,24.255833,"臺中市","梧棲區"
"追撞","2021",3,20,14,"晴","日間自然光線",90,"高架道路","快車道","柏油","乾燥","良好","無號誌","中央分向島","未繪設快慢車道分隔線","有",1,"非駕駛人",120.538758,24.255833,"臺中市","梧棲區"