"事故類型及型態子類別名稱","發生年度","發生月份","發生日期","發生時間","天候名稱","光線名稱","速限.第1當事者","道路型態子類別名稱","事故位置子類別名稱","路面狀況.路面鋪裝名稱","路面狀況.路面狀態名稱","道路障礙.視距品質名稱","號誌.號誌動作名稱","車道劃分設施.分向設施大類別名稱","車道劃分設施.分道設施.快慢車道間名稱","車道劃分設施.分道設施.路面邊線名稱","當事者事故發生時年齡","行動電話或電腦或其他相類功能裝置名稱","經度","緯度","縣市","鄉鎮"
"同向擦撞","2021",3,20,14,"晴","日間自然光線",50,"直路","一般車道(未劃分快慢車道)","柏油","乾燥","良好","無號誌","行車分向線","未繪設快慢車道分隔線","無",49,"未使用",121.276621,24.931638,"桃園市","八德區"
"同向擦撞","2021",3,20,14,"晴","日間自然光線",50,"直路","一般車道(未劃分快慢車道)","柏油","乾燥","良好","無號誌","行車分向線","未繪設快慢車道分隔線","無",37,"未使用",121.276621,24.931638,"桃園市","八德區"
"撞路樹、電桿","2021",3,20,23,"晴","夜間(或隧道、地下道、涵洞)有照明",50,"直路","路肩、路緣","柏油","乾燥","良好","無號誌","雙向禁止超車線","快慢車道分隔線","有",45,"不明",120.203844,23.05839,"臺南市","南區"
"路上翻車、摔倒","2021",3,21,3,"晴","夜間(或隧道、地下道、涵洞)有照明",40,"直路","慢車道","柏油","乾燥","良好","無號誌","中央分向島","寛式快慢車道分隔島(50公分以上)","有",110,"",120.323793,22.701434,"高雄市","仁武區"
"路上翻車、摔倒","2021",3,21,3,"晴","夜間(或隧道、地下道、涵洞)有照明",40,"直路","慢車道","柏油","乾燥","良好","無號誌","中央分向島","寛式快慢車道分隔島(50公分以上)","有",25,"不明",120.323793,22.701434,"高雄市","仁武區"
"側撞","2021",3,21,6,"晴","日間自然光線",60,"四岔路","交叉路口內","柏油","乾燥","良好","正常","無","未繪設快慢車道分隔線","無",65,"未使用",120.506848,23.444068,"嘉義縣","中埔鄉"
"側撞","2021",3,21,6,"晴","日間自然光線",60,"四岔路","交叉路口內","柏油","乾燥","良好","正常","無","未繪設快慢車道分隔線","無",75,"未使用",120.506848,23.444068,"嘉義縣","中埔鄉"
"撞路樹、電桿","2021",3,21,16,"晴","日間自然光線",60,"直路","路肩、路緣","柏油","乾燥","良好","無號誌","中央分向島","快慢車道分隔線","有",39,"未使用",120.463904,22.512014,"屏東縣","新園鄉"
"側撞","2021",3,21,21,"晴","夜間(或隧道、地下道、涵洞)有照明",50,"三岔路","交叉口附近","柏油","乾燥","良好","正常","中央分向島","未繪設快慢車道分隔線","有",51,"不明",121.43861,25.078531,"新北市","五股區"
"側撞","2021",3,21,21,"晴","夜間(或隧道、地下道、涵洞)有照明",50,"三岔路","交叉口附近","柏油","乾燥","良好","正常","中央分向島","未繪設快慢車道分隔線","有",20,"不明",121.43861,25.078531,"新北市","五股區"
"同向通行中","2021",3,23,6,"晴","日間自然光線",50,"四岔路","交叉路口內","柏油","乾燥","良好","正常","行車分向線","未繪設快慢車道分隔線","無",59,"未使用",121.578536,25.036229,"臺北市","信義區"
"同向通行中","2021",3,23,6,"晴","日間自然光線",50,"四岔路","交叉路口內","柏油","乾燥","良好","正常","行車分向線","未繪設快慢車道分隔線","無",85,"非駕駛人",121.578536,25.036229,"臺北市","信義區"
"其他","2021",3,23,15,"晴","日間自然光線",50,"多岔路","交叉路口內","柏油","乾燥","良好","無號誌","無","未繪設快慢車道分隔線","無",37,"不明",120.828424,24.312061,"苗栗縣","卓蘭鎮"
"其他","2021",3,23,15,"晴","日間自然光線",50,"多岔路","交叉路口內","柏油","乾燥","良好","無號誌","無","未繪設快慢車道分隔線","無",88,"未使用",120.828424,24.312061,"苗栗縣","卓蘭鎮"
"追撞","2021",3,23,16,"陰","日間自然光線",30,"直路","一般車道(未劃分快慢車道)","柏油","乾燥","良好","無號誌","雙向禁止超車線","未繪設快慢車道分隔線","無",59,"未使用",120.238379,23.052107,"臺南市","南區"
"追撞","2021",3,23,16,"陰","日間自然光線",30,"直路","一般車道(未劃分快慢車道)","柏油","乾燥","良好","無號誌","雙向禁止超車線","未繪設快慢車道分隔線","無",29,"未使用",120.238379,23.052107,"臺南市","南區"
"側撞","2021",3,23,17,"陰","日間自然光線",50,"多岔路","交叉路口內","柏油","乾燥","良好","正常","無","未繪設快慢車道分隔線","無",43,"未使用",120.334605,23.475235,"嘉義縣","太保市"
"側撞","2021",3,23,17,"陰","日間自然光線",50,"多岔路","交叉路口內","柏油","乾燥","良好","正常","無","未繪設快慢車道分隔線","無",24,"未使用",120.334605,23.475235,"嘉義縣","太保市"
"側撞","2021",3,23,22,"雨","夜間(或隧道、地下道、涵洞)有照明",40,"四岔路","交叉路口內","柏油","濕潤","良好","正常","行車分向線","未繪設快慢車道分隔線","有",32,"不明",121.508202,25.050605,"臺北市","大同區"
"側撞","2021",3,23,22,"雨","夜間(或隧道、地下道、涵洞)有照明",40,"四岔路","交叉路口內","柏油","濕潤","良好","正常","行車分向線","未繪設快慢車道分隔線","有",29,"不明",121.508202,25.050605,"臺北市","大同區"
"側撞","2021",3,23,23,"雨","夜間(或隧道、地下道、涵洞)有照明",50,"直路","快車道","柏油","濕潤","良好","正常","中央分向島","快慢車道分隔線","有",34,"未使用",121.005827,24.878083,"新竹縣","湖口鄉"
"側撞","2021",3,23,23,"雨","夜間(或隧道、地下道、涵洞)有照明",50,"直路","快車道","柏油","濕潤","良好","正常","中央分向島","快慢車道分隔線","有",19,"不明",121.005827,24.878083,"新竹縣","湖口鄉"
"側撞","2021",3,23,23,"雨","夜間(或隧道、地下道、涵洞)有照明",50,"直路","快車道","柏油","濕潤","良好","正常","中央分向島","快慢車道分隔線","有",48,"未使用",121.005827,24.878083,"新竹縣","湖口鄉"
"側撞","2021",3,24,18,"晴","日間自然光線",60,"三岔路","交叉路口內","柏油","乾燥","良好","無號誌","無","未繪設快慢車道分隔線","無",52,"未使用",120.401191,22.584481,"高雄市","大寮區"
"側撞","2021",3,24,18,"晴","日間自然光線",60,"三岔路","交叉路口內","柏油","乾燥","良好","無號誌","無","未繪設快慢車道分隔線","無",40,"未使用",120.401191,22.584481,"高雄市","大寮區"
"追撞","2021",3,25,4,"晴","夜間(或隧道、地下道、涵洞)有照明",100,"直路","快車道","柏油","乾燥","良好","無號誌","中央分向島","未繪設快慢車道分隔線","有",21,"未使用",120.333205,22.656458,"高雄市","三民區"
"追撞","2021",3,25,4,"晴","夜間(或隧道、地下道、涵洞)有照明",100,"直路","快車道","柏油","乾燥","良好","無號誌","中央分向島","未繪設快慢車道分隔線","有",57,"不明",120.333205,22.656458,"高雄市","三民區"
"追撞","2021",3,25,5,"晴","夜間(或隧道、地下道、涵洞)無照明",30,"三岔路","交叉口附近","柏油","乾燥","良好","無號誌","無","未繪設快慢車道分隔線","有",49,"未使用",120.664852,24.064608,"臺中市","霧峰區"
"追撞","2021",3,25,5,"晴","夜間(或隧道、地下道、涵洞)無照明",30,"三岔路","交叉口附近","柏油","乾燥","良好","無號誌","無","未繪設快慢車道分隔線","有",81,"未使用",120.664852,24.064608,"臺中市","霧峰區"
"其他","2021",3,25,16,"晴","日間自然光線",70,"直路","一般車道(未劃分快慢車道)","柏油","乾燥","良好","無號誌","中央分向島","未繪設快慢車道分隔線","有",74,"未使用",120.480675,23.945903,"彰化縣","溪湖鎮"
"其他","2021",3,25,16,"晴","日間自然光線",70,"直路","一般車道(未劃分快慢車道)","柏油","乾燥","良好","無號誌","中央分向島","未繪設快慢車道分隔線","有",50,"未使用",120.480675,23.945903,"彰化縣","溪湖鎮"
"其他","2021",3,25,19,"晴","夜間(或隧道、地下道、涵洞)有照明",60,"三岔路","交叉口附近","柏油","乾燥","良好","正常","行車分向線","未繪設快慢車道分隔線","有",25,"未使用",120.495705,23.730013,"雲林縣","虎尾鎮"
"其他","2021",3,25,19,"晴","夜間(或隧道、地下道、涵洞)有照明",60,"三岔路","交叉口附近","柏油","乾燥","良好","正常","行車分向線","未繪設快慢車道分隔線","有",36,"未使用",120.495705,23.730013,"雲林縣","虎尾鎮"
"追撞","2021",3,26,6,"晴","日間自然光線",30,"直路","一般車道(未劃分快慢車道)","柏油","乾燥","良好","無號誌","中央分向島","未繪設快慢車道分隔線","有",54,"未使用",121.326089,24.935055,"新北市","鶯歌區"
"追撞","2021",3,26,6,"晴","日間自然光線",30,"直路","一般車道(未劃分快慢車道)","柏油","乾燥","良好","無號誌","中央分向島","未繪設快慢車道分隔線","有",68,"未使用",121.326089,24.935055,"新北市","鶯歌區"
"側撞","2021",3,26,7,"晴","日間自然光線",50,"三岔路","交叉路口內","柏油","乾燥","良好","正常","無","未繪設快慢車道分隔線","無",63,"未使用",120.275737,22.78428,"高雄市","岡山區"
"側撞","2021",3,26,7,"晴","日間自然光線",50,"三岔路","交叉路口內","柏油","乾燥","良好","正常","無","未繪設快慢車道分隔線","無",48,"未使用",120.275737,22.78428,"高雄市","岡山區"
"側撞","2021",3,26,8,"晴","日間自然光線",50,"直路","慢車道","柏油","乾燥","良好","無號誌","行車分向線","快慢車道分隔線","有",60,"未使用",120.517402,22.597528,"屏東縣","萬丹鄉"
"側撞","2021",3,26,8,"晴","日間自然光線",50,"直路","慢車道","柏油","乾燥","良好","無號誌","行車分向線","快慢車道分隔線","有",35,"未使用",120.517402,22.597528,"屏東縣","萬丹鄉"
"衝出路外","2021",3,26,20,"晴","夜間(或隧道、地下道、涵洞)有照明",30,"三岔路","交叉路口內","水泥","乾燥","良好","無號誌","無","未繪設快慢車道分隔線","無",92,"未使用",120.399183,23.061385,"臺南市","左鎮區"
"衝出路外","2021",3,26,21,"晴","夜間(或隧道、地下道、涵洞)有照明",30,"橋樑","一般車道(未劃分快慢車道)","柏油","乾燥","良好","無號誌","無","未繪設快慢車道分隔線","無",16,"未使用",120.816108,24.523414,"苗栗縣","公館鄉"
"撞交通島","2021",3,26,22,"晴","夜間(或隧道、地下道、涵洞)有照明",50,"三岔路","交叉路口內","柏油","乾燥","良好","無號誌","中央分向島","未繪設快慢車道分隔線","無",24,"未使用",120.225706,23.085733,"臺南市","安定區"
"撞交通島","2021",3,26,22,"晴","夜間(或隧道、地下道、涵洞)有照明",50,"三岔路","交叉路口內","柏油","乾燥","良好","無號誌","中央分向島","未繪設快慢車道分隔線","無",27,"非駕駛人",120.225706,23.085733,"臺南市","安定區"
"側撞","2021",3,26,23,"晴","夜間(或隧道、地下道、涵洞)無照明",30,"四岔路","交叉路口內","柏油","乾燥","不良","無號誌","無","未繪設快慢車道分隔線","無",41,"未使用",120.41243,22.607671,"高雄市","大寮區"
"側撞","2021",3,26,23,"晴","夜間(或隧道、地下道、涵洞)無照明",30,"四岔路","交叉路口內","柏油","乾燥","不良","無號誌","無","未繪設快慢車道分隔線","無",31,"未使用",120.41243,22.607671,"高雄市","大寮區"
"側撞","2021",3,27,2,"晴","夜間(或隧道、地下道、涵洞)有照明",50,"三岔路","交叉路口內","柏油","乾燥","良好","正常","無","未繪設快慢車道分隔線","無",29,"未使用",120.261836,23.045786,"臺南市","永康區"
"側撞","2021",3,27,2,"晴","夜間(或隧道、地下道、涵洞)有照明",50,"三岔路","交叉路口內","柏油","乾燥","良好","正常","無","未繪設快慢車道分隔線","無",21,"未使用",120.261836,23.045786,"臺南市","永康區"
"路上翻車、摔倒","2021",3,27,7,"晴","日間自然光線",30,"其他","其他","柏油","乾燥","良好","無號誌","無","未繪設快慢車道分隔線","無",110,"",120.548881,22.872118,"高雄市","美濃區"
"路上翻車、摔倒","2021",3,27,7,"晴","日間自然光線",30,"其他","其他","柏油","乾燥","良好","無號誌","無","未繪設快慢車道分隔線","無",80,"未使用",120.548881,22.872118,"高雄市","美濃區"
"同向擦撞","2021",3,27,11,"晴","日間自然光線",50,"直路","一般車道(未劃分快慢車道)","柏油","乾燥","良好","無號誌","雙向禁止超車線","未繪設快慢車道分隔線","無",65,"未使用",120.666078,24.117029,"臺中市","南區"
"同向擦撞","2021",3,27,11,"晴","日間自然光線",50,"直路","一般車道(未劃分快慢車道)","柏油","乾燥","良好","無號誌","雙向禁止超車線","未繪設快慢車道分隔線","無",15,"未使用",120.666078,24.117029,"臺中市","南區"
"同向擦撞","2021",3,27,11,"晴","日間自然光線",50,"直路","一般車道(未劃分快慢車道)","柏油","乾燥","良好","無號誌","雙向禁止超車線","未繪設快慢車道分隔線","無",38,"未使用",120.666078,24.117029,"臺中市","南區"
"側撞","2021",3,27,15,"晴","日間自然光線",60,"直路","一般車道(未劃分快慢車道)","柏油","乾燥","良好","無號誌","行車分向線","未繪設快慢車道分隔線","有",42,"未使用",120.677302,24.388185,"苗栗縣","苑裡鎮"
"側撞","2021",3,27,15,"晴","日間自然光線",60,"直路","一般車道(未劃分快慢車道)","柏油","乾燥","良好","無號誌","行車分向線","未繪設快慢車道分隔線","有",83,"未使用",120.677302,24.388185,"苗栗縣","苑裡鎮"
"追撞","2021",3,27,16,"晴","日間自然光線",50,"三岔路","交叉路口內","柏油","乾燥","良好","正常","無","未繪設快慢車道分隔線","無",60,"未使用",120.429706,23.613579,"嘉義縣","大林鎮"
"追撞","2021",3,27,16,"晴","日間自然光線",50,"三岔路","交叉路口內","柏油","乾燥","良好","正常","無","未繪設快慢車道分隔線","無",25,"非駕駛人",120.429706,23.613579,"嘉義縣","大林鎮"
"追撞","2021",3,27,16,"晴","日間自然光線",50,"三岔路","交叉路口內","柏油","乾燥","良好","正常","無","未繪設快慢車道分隔線","無",31,"未使用",120.429706,23.613579,"嘉義縣","大林鎮"
"側撞","2021",3,27,16,"晴","日間自然光線",50,"四岔路","交叉口附近","柏油","乾燥","良好","正常","中央分向島","未繪設快慢車道分隔線","有",22,"未使用",120.474515,23.921561,"彰化縣","埤頭鄉"
"側撞","2021",3,27,16,"晴","日間自然光線",50,"四岔路","交叉口附近","柏油","乾燥","良好","正常","中央分向島","未繪設快慢車道分隔線","有",69,"未使用",120.474515,23.921561,"彰化縣","埤頭鄉"
"同向通行中","2021",3,27,20,"晴","夜間(或隧道、地下道、涵洞)有照明",30,"直路","一般車道(未劃分快慢車道)","柏油","乾燥","良好","無號誌","無","未繪設快慢車道分隔線","無",20,"未使用",120.3965,22.60171,"高雄市","大寮區"
"同向通行中","2021",3,27,20,"晴","夜間(或隧道、地下道、涵洞)有照明",30,"直路","一般車道(未劃分快慢車道)","柏油","乾燥","良好","無號誌","無","未繪設快慢車道分隔線","無",82,"非駕駛人",120.3965,22.60171,"高雄市","大寮區"
"追撞","2021",3,28,9,"晴","日間自然光線",110,"直路","快車道","柏油","乾燥","良好","無號誌","中央分向島","未繪設快慢車道分隔線","有",67,"非駕駛人",121.261727,24.886544,"桃園市","大溪區"
"追撞","2021",3,28,9,"晴","日間自然光線",110,"直路","快車道","柏油","乾燥","良好","無號誌","中央分向島","未繪設快慢車道分隔線","有",69,"未使用",121.261727,24.886544,"桃園市","大溪區"
"追撞","2021",3,28,9,"晴","日間自然光線",110,"直路","快車道","柏油","乾燥","良好","無號誌","中央分向島","未繪設快慢車道分隔線","有",52,"未使用",121.261727,24.886544,"桃園市","大溪區"
"追撞","2021",3,28,9,"晴","日間自然光線",110,"直路","快車道","柏油","乾燥","良好","無號誌","中央分向島","未繪設快慢車道分隔線","有",61,"未使用",121.261727,24.886544,"桃園市","大溪區"
"路上翻車、摔倒","2021",3,28,11,"晴","日間自然光線",40,"彎曲路及附近","一般車道(未劃分快慢車道)","柏油","乾燥","良好","無號誌","雙向禁止超車線","未繪設快慢車道分隔線","有",15,"未使用",120.583205,23.373379,"嘉義縣","中埔鄉"
"路上翻車、摔倒","2021",3,28,11,"晴","日間自然光線",40,"彎曲路及附近","一般車道(未劃分快慢車道)","柏油","乾燥","良好","無號誌","雙向禁止超車線","未繪設快慢車道分隔線","有",59,"未使用",120.583205,23.373379,"嘉義縣","中埔鄉"
"撞交通島","2021",3,28,18,"晴","夜間(或隧道、地下道、涵洞)有照明",70,"直路","快車道","柏油","乾燥","良好","無號誌","中央分向島","快慢車道分隔線","有",41,"未使用",120.159562,23.03887,"臺南市","南區"
"撞交通島","2021",3,28,18,"晴","夜間(或隧道、地下道、涵洞)有照明",70,"直路","快車道","柏油","乾燥","良好","無號誌","中央分向島","快慢車道分隔線","有",23,"非駕駛人",120.159562,23.03887,"臺南市","南區"
"其他","2021",3,29,5,"晴","夜間(或隧道、地下道、涵洞)有照明",60,"直路","路肩、路緣","柏油","乾燥","良好","無號誌","中央分向島","未繪設快慢車道分隔線","有",54,"不明",120.485895,24.15892,"彰化縣","伸港鄉"
"其他","2021",3,29,5,"晴","夜間(或隧道、地下道、涵洞)有照明",60,"直路","路肩、路緣","柏油","乾燥","良好","無號誌","中央分向島","未繪設快慢車道分隔線","有",35,"不明",120.485895,24.15892,"彰化縣","伸港鄉"
"其他","2021",3,29,5,"晴","夜間(或隧道、地下道、涵洞)有照明",60,"直路","路肩、路緣","柏油","乾燥","良好","無號誌","中央分向島","未繪設快慢車道分隔線","有",25,"不明",120.485895,24.15892,"彰化縣","伸港鄉"
"其他","2021",3,29,5,"晴","夜間(或隧道、地下道、涵洞)有照明",60,"直路","路肩、路緣","柏油","乾燥","良好","無號誌","中央分向島","未繪設快慢車道分隔線","有",36,"不明",120.485895,24.15892,"彰化縣","伸港鄉"
"撞路樹、電桿","2021",3,29,10,"晴","日間自然光線",40,"彎曲路及附近","路肩、路緣","柏油","乾燥","不良","無號誌","雙向禁止超車線","未繪設快慢車道分隔線","有",38,"未使用",120.888245,24.097551,"臺中市","新社區"
"側撞","2021",3,29,16,"晴","日間自然光線",50,"直路","一般車道(未劃分快慢車道)","柏油","乾燥","良好","無號誌","無","未繪設快慢車道分隔線","有",48,"不明",121.268315,24.981672,"桃園市","桃園區"
"側撞","2021",3,29,16,"晴","日間自然光線",50,"直路","一般車道(未劃分快慢車道)","柏油","乾燥","良好","無號誌","無","未繪設快慢車道分隔線","有",16,"未使用",121.268315,24.981672,"桃園市","桃園區"
"側撞","2021",3,29,16,"晴","日間自然光線",50,"直路","一般車道(未劃分快慢車道)","柏油","乾燥","良好","無號誌","無","未繪設快慢車道分隔線","有",51,"未使用",121.268315,24.981672,"桃園市","桃園區"
"穿越道路中","2021",3,29,18,"晴","夜間(或隧道、地下道、涵洞)無照明",50,"直路","一般車道(未劃分快慢車道)","柏油","乾燥","不良","正常","雙向禁止超車線","未繪設快慢車道分隔線","有",33,"未使用",120.691121,23.948843,"南投縣","南投市"
"穿越道路中","2021",3,29,18,"晴","夜間(或隧道、地下道、涵洞)無照明",50,"直路","一般車道(未劃分快慢車道)","柏油","乾燥","不良","正常","雙向禁止超車線","未繪設快慢車道分隔線","有",80,"未使用",120.691121,23.948843,"南投縣","南投市"
"穿越道路中","2021",3,29,21,"陰","夜間(或隧道、地下道、涵洞)有照明",30,"直路","一般車道(未劃分快慢車道)","柏油","乾燥","良好","無號誌","無","未繪設快慢車道分隔線","無",19,"未使用",120.652993,24.264298,"臺中市","神岡區"
"穿越道路中","2021",3,29,21,"陰","夜間(或隧道、地下道、涵洞)有照明",30,"直路","一般車道(未劃分快慢車道)","柏油","乾燥","良好","無號誌","無","未繪設快慢車道分隔線","無",89,"非駕駛人",120.652993,24.264298,"臺中市","神岡區"
"衝出路外","2021",3,30,9,"晴","日間自然光線",50,"四岔路","交叉路口內","柏油","乾燥","良好","無號誌","無","未繪設快慢車道分隔線","無",66,"未使用",120.420861,23.515962,"嘉義縣","民雄鄉"
"撞路樹、電桿","2021",3,30,11,"晴","日間自然光線",50,"直路","一般車道(未劃分快慢車道)","柏油","乾燥","良好","無號誌","行車分向線","未繪設快慢車道分隔線","有",88,"不明",120.46587,22.534542,"屏東縣","新園鄉"
"路上翻車、摔倒","2021",3,31,7,"晴","日間自然光線",40,"其他","慢車道","柏油","乾燥","良好","無號誌","雙向禁止超車線","快慢車道分隔線","無",110,"",120.348819,22.667292,"高雄市","鳥松區"
"路上翻車、摔倒","2021",3,31,7,"晴","日間自然光線",40,"其他","慢車道","柏油","乾燥","良好","無號誌","雙向禁止超車線","快慢車道分隔線","無",47,"未使用",120.348819,22.667292,"高雄市","鳥松區"
"側撞","2021",3,31,10,"晴","日間自然光線",50,"四岔路","交叉路口內","柏油","乾燥","良好","正常","無","未繪設快慢車道分隔線","無",44,"未使用",120.631041,24.149175,"臺中市","南屯區"
"側撞","2021",3,31,10,"晴","日間自然光線",50,"四岔路","交叉路口內","柏油","乾燥","良好","正常","無","未繪設快慢車道分隔線","無",22,"未使用",120.631041,24.149175,"臺中市","南屯區"
"同向擦撞","2021",3,31,12,"晴","日間自然光線",50,"直路","快車道","柏油","乾燥","良好","無號誌","行車分向線","快慢車道分隔線","無",67,"未使用",120.292626,22.689906,"高雄市","左營區"
"同向擦撞","2021",3,31,12,"晴","日間自然光線",50,"直路","快車道","柏油","乾燥","良好","無號誌","行車分向線","快慢車道分隔線","無",64,"未使用",120.292626,22.689906,"高雄市","左營區"
"同向擦撞","2021",3,31,12,"晴","日間自然光線",50,"直路","快車道","柏油","乾燥","良好","無號誌","行車分向線","快慢車道分隔線","無",64,"未使用",120.292626,22.689906,"高雄市","左營區"
"其他","2021",4,1,6,"晴","日間自然光線",50,"四岔路","交叉路口內","柏油","乾燥","良好","正常","無","未繪設快慢車道分隔線","無",18,"未使用",120.672009,24.126484,"臺中市","南區"
"其他","2021",4,1,6,"晴","日間自然光線",50,"四岔路","交叉路口內","柏油","乾燥","良好","正常","無","未繪設快慢車道分隔線","無",71,"未使用",120.672009,24.126484,"臺中市","南區"
"同向擦撞","2021",4,1,9,"晴","日間自然光線",60,"直路","快車道","柏油","乾燥","良好","正常","中央分向島","寛式快慢車道分隔島(50公分以上)","無",51,"未使用",120.332117,22.576724,"高雄市","前鎮區"
"同向擦撞","2021",4,1,9,"晴","日間自然光線",60,"直路","快車道","柏油","乾燥","良好","正常","中央分向島","寛式快慢車道分隔島(50公分以上)","無",53,"未使用",120.332117,22.576724,"高雄市","前鎮區"
"同向擦撞","2021",4,1,9,"晴","日間自然光線",60,"直路","快車道","柏油","乾燥","良好","正常","中央分向島","寛式快慢車道分隔島(50公分以上)","無",50,"非駕駛人",120.332117,22.576724,"高雄市","前鎮區"
"同向擦撞","2021",4,1,9,"晴","日間自然光線",60,"直路","快車道","柏油","乾燥","良好","正常","中央分向島","寛式快慢車道分隔島(50公分以上)","無",46,"未使用",120.332117,22.576724,"高雄市","前鎮區"
"佇立路邊(外)","2021",4,1,10,"晴","日間自然光線",60,"直路","路肩、路緣","柏油","乾燥","良好","無號誌","中央分向島","快慢車道分隔線","有",56,"不明",121.530914,23.909678,"花蓮縣","壽豐鄉"
"佇立路邊(外)","2021",4,1,10,"晴","日間自然光線",60,"直路","路肩、路緣","柏油","乾燥","良好","無號誌","中央分向島","快慢車道分隔線","有",56,"不明",121.530914,23.909678,"花蓮縣","壽豐鄉"
"佇立路邊(外)","2021",4,1,10,"晴","日間自然光線",60,"直路","路肩、路緣","柏油","乾燥","良好","無號誌","中央分向島","快慢車道分隔線","有",74,"未使用",121.530914,23.909678,"花蓮縣","壽豐鄉"
"佇立路邊(外)","2021",4,1,10,"晴","日間自然光線",60,"直路","路肩、路緣","柏油","乾燥","良好","無號誌","中央分向島","快慢車道分隔線","有",72,"非駕駛人",121.530914,23.909678,"花蓮縣","壽豐鄉"
"撞護欄(樁)","2021",4,1,22,"晴","夜間(或隧道、地下道、涵洞)有照明",50,"彎曲路及附近","路肩、路緣","柏油","乾燥","良好","無號誌","雙向禁止超車線","未繪設快慢車道分隔線","有",19,"未使用",121.337744,23.290706,"花蓮縣","玉里鎮"
"撞護欄(樁)","2021",4,1,22,"晴","夜間(或隧道、地下道、涵洞)有照明",50,"彎曲路及附近","路肩、路緣","柏油","乾燥","良好","無號誌","雙向禁止超車線","未繪設快慢車道分隔線","有",17,"非駕駛人",121.337744,23.290706,"花蓮縣","玉里鎮"
"同向通行中","2021",4,2,2,"陰","夜間(或隧道、地下道、涵洞)有照明",60,"直路","一般車道(未劃分快慢車道)","柏油","乾燥","良好","無號誌","行車分向線","未繪設快慢車道分隔線","有",31,"未使用",121.749843,24.670097,"宜蘭縣","冬山鄉"
"同向通行中","2021",4,2,2,"陰","夜間(或隧道、地下道、涵洞)有照明",60,"直路","一般車道(未劃分快慢車道)","柏油","乾燥","良好","無號誌","行車分向線","未繪設快慢車道分隔線","有",57,"非駕駛人",121.749843,24.670097,"宜蘭縣","冬山鄉"
"側撞","2021",4,2,4,"晴","夜間(或隧道、地下道、涵洞)有照明",50,"四岔路","交叉路口內","柏油","乾燥","良好","正常","無","未繪設快慢車道分隔線","無",66,"未使用",120.3419,22.63016,"高雄市","鳳山區"
"側撞","2021",4,2,4,"晴","夜間(或隧道、地下道、涵洞)有照明",50,"四岔路","交叉路口內","柏油","乾燥","良好","正常","無","未繪設快慢車道分隔線","無",33,"未使用",120.3419,22.63016,"高雄市","鳳山區"
"對向擦撞","2021",4,2,7,"晴","日間自然光線",40,"彎曲路及附近","一般車道(未劃分快慢車道)","柏油","乾燥","良好","無號誌","雙向禁止超車線","未繪設快慢車道分隔線","有",20,"未使用",121.677618,24.937839,"新北市","石碇區"
"對向擦撞","2021",4,2,7,"晴","日間自然光線",40,"彎曲路及附近","一般車道(未劃分快慢車道)","柏油","乾燥","良好","無號誌","雙向禁止超車線","未繪設快慢車道分隔線","有",29,"未使用",121.677618,24.937839,"新北市","石碇區"
"撞護欄(樁)","2021",4,2,20,"陰","夜間(或隧道、地下道、涵洞)有照明",50,"直路","路肩、路緣","柏油","乾燥","良好","無號誌","中央分向島","未繪設快慢車道分隔線","有",58,"不明",120.307239,23.119163,"臺南市","善化區"
"路上翻車、摔倒","2021",4,2,22,"晴","夜間(或隧道、地下道、涵洞)有照明",40,"彎曲路及附近","一般車道(未劃分快慢車道)","柏油","乾燥","良好","無號誌","雙向禁止超車線","未繪設快慢車道分隔線","有",33,"不明",121.00443,24.718997,"新竹縣","寶山鄉"
"路上翻車、摔倒","2021",4,2,22,"晴","夜間(或隧道、地下道、涵洞)有照明",40,"彎曲路及附近","一般車道(未劃分快慢車道)","柏油","乾燥","良好","無號誌","雙向禁止超車線","未繪設快慢車道分隔線","有",43,"不明",121.00443,24.718997,"新竹縣","寶山鄉"
"撞護欄(樁)","2021",4,3,13,"晴","日間自然光線",40,"直路","其他","柏油","乾燥","良好","無號誌","雙向禁止超車線","快慢車道分隔線","無",49,"未使用",120.3944,22.50923,"高雄市","林園區"
"其他","2021",4,3,16,"晴","日間自然光線",40,"直路","一般車道(未劃分快慢車道)","柏油","乾燥","良好","無號誌","行車分向線","未繪設快慢車道分隔線","有",25,"未使用",120.598792,23.301073,"嘉義縣","大埔鄉"
"其他","2021",4,3,16,"晴","日間自然光線",40,"直路","一般車道(未劃分快慢車道)","柏油","乾燥","良好","無號誌","行車分向線","未繪設快慢車道分隔線","有",35,"未使用",120.598792,23.301073,"嘉義縣","大埔鄉"
"其他","2021",4,3,16,"晴","日間自然光線",40,"直路","一般車道(未劃分快慢車道)","柏油","乾燥","良好","無號誌","行車分向線","未繪設快慢車道分隔線","有",34,"未使用",120.598792,23.301073,"嘉義縣","大埔鄉"
"其他","2021",4,3,16,"晴","日間自然光線",40,"直路","一般車道(未劃分快慢車道)","柏油","乾燥","良好","無號誌","行車分向線","未繪設快慢車道分隔線","有",44,"未使用",120.598792,23.301073,"嘉義縣","大埔鄉"