"事故類型及型態子類別名稱","發生年度","發生月份","發生日期","發生時間","天候名稱","光線名稱","速限.第1當事者","道路型態子類別名稱","事故位置子類別名稱","路面狀況.路面鋪裝名稱","路面狀況.路面狀態名稱","道路障礙.視距品質名稱","號誌.號誌動作名稱","車道劃分設施.分向設施大類別名稱","車道劃分設施.分道設施.快慢車道間名稱","車道劃分設施.分道設施.路面邊線名稱","當事者事故發生時年齡","行動電話或電腦或其他相類功能裝置名稱","經度","緯度","縣市","鄉鎮"
"撞橋樑、建築物","2021",4,4,3,"晴","夜間(或隧道、地下道、涵洞)有照明",50,"橋樑","一般車道(未劃分快慢車道)","柏油","乾燥","良好","無號誌","無","未繪設快慢車道分隔線","無",28,"未使用",121.197903,25.033247,"桃園市","大園區"
"撞橋樑、建築物","2021",4,4,3,"晴","夜間(或隧道、地下道、涵洞)有照明",50,"橋樑","一般車道(未劃分快慢車道)","柏油","乾燥","良好","無號誌","無","未繪設快慢車道分隔線","無",35,"非駕駛人",121.197903,25.033247,"桃園市","大園區"
"撞護欄(樁)","2021",4,4,9,"晴","日間自然光線",30,"彎曲路及附近","一般車道(未劃分快慢車道)","柏油","乾燥","良好","無號誌","雙向禁止超車線","未繪設快慢車道分隔線","有",61,"未使用",121.487902,24.198777,"花蓮縣","秀林鄉"
"撞路樹、電桿","2021",4,4,11,"晴","日間自然光線",50,"直路","一般車道(未劃分快慢車道)","柏油","乾燥","良好","無號誌","行車分向線","未繪設快慢車道分隔線","有",43,"不明",120.483431,23.966865,"彰化縣","溪湖鎮"
"路口交岔撞","2021",4,4,11,"晴","日間自然光線",40,"四岔路","交叉路口內","柏油","乾燥","良好","正常","雙向禁止超車線","快慢車道分隔線","無",79,"未使用",120.321232,22.572595,"高雄市","前鎮區"
"路口交岔撞","2021",4,4,11,"晴","日間自然光線",40,"四岔路","交叉路口內","柏油","乾燥","良好","正常","雙向禁止超車線","快慢車道分隔線","無",32,"未使用",120.321232,22.572595,"高雄市","前鎮區"
"撞路樹、電桿","2021",4,4,13,"晴","日間自然光線",50,"直路","路肩、路緣","柏油","乾燥","良好","無號誌","中央分向島","未繪設快慢車道分隔線","有",77,"未使用",121.061854,24.824496,"新竹縣","新埔鎮"
"撞路樹、電桿","2021",4,4,13,"晴","日間自然光線",50,"直路","路肩、路緣","柏油","乾燥","良好","無號誌","中央分向島","未繪設快慢車道分隔線","有",42,"非駕駛人",121.061854,24.824496,"新竹縣","新埔鎮"
"撞護欄(樁)","2021",4,4,21,"陰","夜間(或隧道、地下道、涵洞)有照明",100,"直路","路肩、路緣","柏油","乾燥","良好","無號誌","中央分向島","未繪設快慢車道分隔線","有",27,"不明",121.213828,25.056851,"桃園市","大園區"
"衝出路外","2021",4,5,3,"晴","夜間(或隧道、地下道、涵洞)無照明",40,"直路","路肩、路緣","柏油","乾燥","不良","無號誌","無","未繪設快慢車道分隔線","有",25,"不明",120.940588,23.830053,"南投縣","信義鄉"
"對撞","2021",4,5,7,"晴","日間自然光線",50,"彎曲路及附近","一般車道(未劃分快慢車道)","柏油","乾燥","良好","無號誌","行車分向線","未繪設快慢車道分隔線","有",53,"未使用",120.552023,23.045031,"高雄市","甲仙區"
"對撞","2021",4,5,7,"晴","日間自然光線",50,"彎曲路及附近","一般車道(未劃分快慢車道)","柏油","乾燥","良好","無號誌","行車分向線","未繪設快慢車道分隔線","有",61,"未使用",120.552023,23.045031,"高雄市","甲仙區"
"對撞","2021",4,5,7,"晴","日間自然光線",50,"彎曲路及附近","一般車道(未劃分快慢車道)","柏油","乾燥","良好","無號誌","行車分向線","未繪設快慢車道分隔線","有",51,"未使用",120.552023,23.045031,"高雄市","甲仙區"
"對撞","2021",4,5,7,"晴","日間自然光線",50,"彎曲路及附近","一般車道(未劃分快慢車道)","柏油","乾燥","良好","無號誌","行車分向線","未繪設快慢車道分隔線","有",68,"非駕駛人",120.552023,23.045031,"高雄市","甲仙區"
"對撞","2021",4,5,7,"晴","日間自然光線",50,"彎曲路及附近","一般車道(未劃分快慢車道)","柏油","乾燥","良好","無號誌","行車分向線","未繪設快慢車道分隔線","有",66,"非駕駛人",120.552023,23.045031,"高雄市","甲仙區"
"對撞","2021",4,5,7,"晴","日間自然光線",50,"彎曲路及附近","一般車道(未劃分快慢車道)","柏油","乾燥","良好","無號誌","行車分向線","未繪設快慢車道分隔線","有",55,"非駕駛人",120.552023,23.045031,"高雄市","甲仙區"
"對撞","2021",4,5,7,"晴","日間自然光線",50,"彎曲路及附近","一般車道(未劃分快慢車道)","柏油","乾燥","良好","無號誌","行車分向線","未繪設快慢車道分隔線","有",38,"未使用",120.552023,23.045031,"高雄市","甲仙區"
"側撞","2021",4,5,11,"晴","日間自然光線",50,"多岔路","交叉路口內","柏油","乾燥","良好","正常","雙向禁止超車線","未繪設快慢車道分隔線","有",59,"未使用",120.938685,24.683069,"苗栗縣","頭份市"
"側撞","2021",4,5,11,"晴","日間自然光線",50,"多岔路","交叉路口內","柏油","乾燥","良好","正常","雙向禁止超車線","未繪設快慢車道分隔線","有",21,"未使用",120.938685,24.683069,"苗栗縣","頭份市"
"撞路樹、電桿","2021",4,5,14,"晴","日間自然光線",30,"直路","一般車道(未劃分快慢車道)","柏油","乾燥","良好","無號誌","無","未繪設快慢車道分隔線","有",12,"未使用",120.607415,22.616866,"屏東縣","萬巒鄉"
"撞路樹、電桿","2021",4,5,14,"晴","日間自然光線",30,"直路","一般車道(未劃分快慢車道)","柏油","乾燥","良好","無號誌","無","未繪設快慢車道分隔線","有",15,"非駕駛人",120.607415,22.616866,"屏東縣","萬巒鄉"
"撞路樹、電桿","2021",4,5,14,"晴","日間自然光線",30,"直路","一般車道(未劃分快慢車道)","柏油","乾燥","良好","無號誌","無","未繪設快慢車道分隔線","有",13,"非駕駛人",120.607415,22.616866,"屏東縣","萬巒鄉"
"撞路樹、電桿","2021",4,6,2,"晴","夜間(或隧道、地下道、涵洞)有照明",60,"直路","路肩、路緣","柏油","乾燥","良好","無號誌","雙向禁止超車線","快慢車道分隔線","有",21,"不明",120.203713,23.172437,"臺南市","佳里區"
"同向通行中","2021",4,6,3,"陰","夜間(或隧道、地下道、涵洞)有照明",50,"直路","快車道","柏油","乾燥","良好","無號誌","雙向禁止超車線","快慢車道分隔線","有",40,"不明",120.595635,23.844232,"彰化縣","田中鎮"
"同向通行中","2021",4,6,3,"陰","夜間(或隧道、地下道、涵洞)有照明",50,"直路","快車道","柏油","乾燥","良好","無號誌","雙向禁止超車線","快慢車道分隔線","有",81,"非駕駛人",120.595635,23.844232,"彰化縣","田中鎮"
"路上翻車、摔倒","2021",4,6,15,"晴","日間自然光線",30,"直路","一般車道(未劃分快慢車道)","柏油","乾燥","良好","無號誌","無","未繪設快慢車道分隔線","無",110,"",120.400994,22.532839,"高雄市","林園區"
"路上翻車、摔倒","2021",4,6,15,"晴","日間自然光線",30,"直路","一般車道(未劃分快慢車道)","柏油","乾燥","良好","無號誌","無","未繪設快慢車道分隔線","無",57,"不明",120.400994,22.532839,"高雄市","林園區"
"同向通行中","2021",4,6,17,"晴","日間自然光線",50,"直路","一般車道(未劃分快慢車道)","柏油","乾燥","良好","無號誌","雙向禁止超車線","未繪設快慢車道分隔線","有",50,"不明",121.319456,24.959296,"桃園市","八德區"
"同向通行中","2021",4,6,17,"晴","日間自然光線",50,"直路","一般車道(未劃分快慢車道)","柏油","乾燥","良好","無號誌","雙向禁止超車線","未繪設快慢車道分隔線","有",55,"未使用",121.319456,24.959296,"桃園市","八德區"
"同向通行中","2021",4,6,17,"晴","日間自然光線",50,"直路","一般車道(未劃分快慢車道)","柏油","乾燥","良好","無號誌","雙向禁止超車線","未繪設快慢車道分隔線","有",61,"非駕駛人",121.319456,24.959296,"桃園市","八德區"
"路口交岔撞","2021",4,8,9,"晴","日間自然光線",30,"四岔路","交叉路口內","柏油","乾燥","良好","無號誌","行車分向線","未繪設快慢車道分隔線","有",42,"未使用",121.553466,25.04168,"臺北市","大安區"
"路口交岔撞","2021",4,8,9,"晴","日間自然光線",30,"四岔路","交叉路口內","柏油","乾燥","良好","無號誌","行車分向線","未繪設快慢車道分隔線","有",62,"未使用",121.553466,25.04168,"臺北市","大安區"
"路口交岔撞","2021",4,8,11,"晴","日間自然光線",40,"四岔路","交叉路口內","柏油","乾燥","良好","無號誌","無","未繪設快慢車道分隔線","無",62,"未使用",120.443777,23.988773,"彰化縣","埔鹽鄉"
"路口交岔撞","2021",4,8,11,"晴","日間自然光線",40,"四岔路","交叉路口內","柏油","乾燥","良好","無號誌","無","未繪設快慢車道分隔線","無",62,"未使用",120.443777,23.988773,"彰化縣","埔鹽鄉"
"同向擦撞","2021",4,8,12,"陰","日間自然光線",50,"直路","一般車道(未劃分快慢車道)","柏油","乾燥","良好","無號誌","雙向禁止超車線","未繪設快慢車道分隔線","有",72,"未使用",121.35322,24.949439,"新北市","鶯歌區"
"同向擦撞","2021",4,8,12,"陰","日間自然光線",50,"直路","一般車道(未劃分快慢車道)","柏油","乾燥","良好","無號誌","雙向禁止超車線","未繪設快慢車道分隔線","有",83,"未使用",121.35322,24.949439,"新北市","鶯歌區"
"同向擦撞","2021",4,8,12,"陰","日間自然光線",50,"直路","一般車道(未劃分快慢車道)","柏油","乾燥","良好","無號誌","雙向禁止超車線","未繪設快慢車道分隔線","有",56,"未使用",121.35322,24.949439,"新北市","鶯歌區"
"撞路樹、電桿","2021",4,8,18,"晴","夜間(或隧道、地下道、涵洞)有照明",60,"彎曲路及附近","一般車道(未劃分快慢車道)","柏油","乾燥","良好","無號誌","雙向禁止超車線","未繪設快慢車道分隔線","有",65,"未使用",120.351522,23.308267,"臺南市","東山區"
"對撞","2021",4,9,7,"陰","日間自然光線",50,"橋樑","一般車道(未劃分快慢車道)","柏油","乾燥","良好","無號誌","雙向禁止超車線","未繪設快慢車道分隔線","有",58,"未使用",121.30716,25.021462,"桃園市","桃園區"
"對撞","2021",4,9,7,"陰","日間自然光線",50,"橋樑","一般車道(未劃分快慢車道)","柏油","乾燥","良好","無號誌","雙向禁止超車線","未繪設快慢車道分隔線","有",35,"未使用",121.30716,25.021462,"桃園市","桃園區"
"撞路樹、電桿","2021",4,9,9,"陰","日間自然光線",60,"直路","路肩、路緣","柏油","乾燥","良好","無號誌","行車分向線","未繪設快慢車道分隔線","有",70,"未使用",120.472417,23.540523,"嘉義縣","民雄鄉"
"撞路樹、電桿","2021",4,9,9,"陰","日間自然光線",60,"直路","路肩、路緣","柏油","乾燥","良好","無號誌","行車分向線","未繪設快慢車道分隔線","有",91,"非駕駛人",120.472417,23.540523,"嘉義縣","民雄鄉"
"撞路樹、電桿","2021",4,9,9,"陰","日間自然光線",60,"直路","路肩、路緣","柏油","乾燥","良好","無號誌","行車分向線","未繪設快慢車道分隔線","有",49,"非駕駛人",120.472417,23.540523,"嘉義縣","民雄鄉"
"同向擦撞","2021",4,9,16,"陰","日間自然光線",50,"直路","一般車道(未劃分快慢車道)","柏油","乾燥","良好","無號誌","雙向禁止超車線","未繪設快慢車道分隔線","有",43,"未使用",121.198252,25.064041,"桃園市","大園區"
"同向擦撞","2021",4,9,16,"陰","日間自然光線",50,"直路","一般車道(未劃分快慢車道)","柏油","乾燥","良好","無號誌","雙向禁止超車線","未繪設快慢車道分隔線","有",57,"未使用",121.198252,25.064041,"桃園市","大園區"
"其他","2021",4,10,7,"陰","日間自然光線",30,"坡路","一般車道(未劃分快慢車道)","水泥","乾燥","不良","無號誌","無","未繪設快慢車道分隔線","無",68,"不明",121.382827,24.980909,"新北市","樹林區"
"撞路樹、電桿","2021",4,10,12,"晴","日間自然光線",50,"彎曲路及附近","一般車道(未劃分快慢車道)","柏油","乾燥","不良","無號誌","雙向禁止超車線","未繪設快慢車道分隔線","有",68,"不明",120.228215,23.168182,"臺南市","麻豆區"
"撞交通島","2021",4,10,13,"晴","日間自然光線",40,"直路","慢車道","柏油","乾燥","良好","無號誌","中央分向島","窄式快慢車道分隔島(無柵欄)","有",68,"未使用",120.310347,22.747695,"高雄市","橋頭區"
"側撞","2021",4,10,16,"晴","日間自然光線",50,"多岔路","交叉路口內","柏油","乾燥","良好","正常","行車分向線","快慢車道分隔線","有",65,"未使用",120.920972,24.701958,"苗栗縣","頭份市"
"側撞","2021",4,10,16,"晴","日間自然光線",50,"多岔路","交叉路口內","柏油","乾燥","良好","正常","行車分向線","快慢車道分隔線","有",39,"未使用",120.920972,24.701958,"苗栗縣","頭份市"
"側撞","2021",4,10,16,"晴","日間自然光線",50,"多岔路","交叉路口內","柏油","乾燥","良好","正常","行車分向線","快慢車道分隔線","有",30,"未使用",120.920972,24.701958,"苗栗縣","頭份市"
"同向擦撞","2021",4,10,17,"陰","日間自然光線",30,"彎曲路及附近","一般車道(未劃分快慢車道)","柏油","乾燥","良好","無號誌","雙向禁止超車線","未繪設快慢車道分隔線","有",20,"未使用",121.473932,25.061249,"新北市","三重區"
"同向擦撞","2021",4,10,17,"陰","日間自然光線",30,"彎曲路及附近","一般車道(未劃分快慢車道)","柏油","乾燥","良好","無號誌","雙向禁止超車線","未繪設快慢車道分隔線","有",18,"未使用",121.473932,25.061249,"新北市","三重區"
"撞交通島","2021",4,10,18,"晴","夜間(或隧道、地下道、涵洞)有照明",90,"直路","快車道","柏油","乾燥","良好","無號誌","中央分向島","未繪設快慢車道分隔線","無",34,"非駕駛人",120.192582,22.933338,"臺南市","南區"
"撞交通島","2021",4,10,18,"晴","夜間(或隧道、地下道、涵洞)有照明",90,"直路","快車道","柏油","乾燥","良好","無號誌","中央分向島","未繪設快慢車道分隔線","無",8,"非駕駛人",120.192582,22.933338,"臺南市","南區"
"撞交通島","2021",4,10,18,"晴","夜間(或隧道、地下道、涵洞)有照明",90,"直路","快車道","柏油","乾燥","良好","無號誌","中央分向島","未繪設快慢車道分隔線","無",9,"非駕駛人",120.192582,22.933338,"臺南市","南區"
"撞交通島","2021",4,10,18,"晴","夜間(或隧道、地下道、涵洞)有照明",90,"直路","快車道","柏油","乾燥","良好","無號誌","中央分向島","未繪設快慢車道分隔線","無",36,"未使用",120.192582,22.933338,"臺南市","南區"
"追撞","2021",4,10,23,"晴","夜間(或隧道、地下道、涵洞)有照明",50,"四岔路","交叉口附近","柏油","乾燥","良好","正常","雙向禁止超車線","快慢車道分隔線","有",53,"未使用",120.242058,22.926463,"臺南市","仁德區"
"追撞","2021",4,10,23,"晴","夜間(或隧道、地下道、涵洞)有照明",50,"四岔路","交叉口附近","柏油","乾燥","良好","正常","雙向禁止超車線","快慢車道分隔線","有",43,"未使用",120.242058,22.926463,"臺南市","仁德區"
"追撞","2021",4,11,14,"晴","日間自然光線",60,"直路","慢車道","柏油","乾燥","良好","無號誌","中央分向島","快慢車道分隔線","有",17,"不明",120.256158,23.707691,"雲林縣","東勢鄉"
"追撞","2021",4,11,14,"晴","日間自然光線",60,"直路","慢車道","柏油","乾燥","良好","無號誌","中央分向島","快慢車道分隔線","有",85,"不明",120.256158,23.707691,"雲林縣","東勢鄉"
"撞橋樑、建築物","2021",4,11,18,"晴","夜間(或隧道、地下道、涵洞)有照明",50,"直路","一般車道(未劃分快慢車道)","柏油","乾燥","良好","無號誌","雙向禁止超車線","未繪設快慢車道分隔線","有",54,"未使用",120.527908,23.924058,"彰化縣","永靖鄉"
"側撞","2021",4,11,19,"陰","夜間(或隧道、地下道、涵洞)有照明",50,"直路","一般車道(未劃分快慢車道)","柏油","乾燥","良好","無號誌","行車分向線","未繪設快慢車道分隔線","無",39,"未使用",121.578903,25.073895,"臺北市","內湖區"
"側撞","2021",4,11,19,"陰","夜間(或隧道、地下道、涵洞)有照明",50,"直路","一般車道(未劃分快慢車道)","柏油","乾燥","良好","無號誌","行車分向線","未繪設快慢車道分隔線","無",67,"未使用",121.578903,25.073895,"臺北市","內湖區"
"穿越道路中","2021",4,11,22,"晴","夜間(或隧道、地下道、涵洞)有照明",50,"四岔路","交叉口附近","柏油","乾燥","良好","正常","行車分向線","未繪設快慢車道分隔線","有",26,"未使用",121.549165,25.048221,"臺北市","松山區"
"穿越道路中","2021",4,11,22,"晴","夜間(或隧道、地下道、涵洞)有照明",50,"四岔路","交叉口附近","柏油","乾燥","良好","正常","行車分向線","未繪設快慢車道分隔線","有",15,"非駕駛人",121.549165,25.048221,"臺北市","松山區"
"同向擦撞","2021",4,12,9,"晴","日間自然光線",50,"直路","一般車道(未劃分快慢車道)","柏油","乾燥","良好","無號誌","行車分向線","未繪設快慢車道分隔線","有",54,"未使用",121.082363,25.033666,"桃園市","觀音區"
"同向擦撞","2021",4,12,9,"晴","日間自然光線",50,"直路","一般車道(未劃分快慢車道)","柏油","乾燥","良好","無號誌","行車分向線","未繪設快慢車道分隔線","有",37,"未使用",121.082363,25.033666,"桃園市","觀音區"
"同向擦撞","2021",4,12,9,"晴","日間自然光線",50,"直路","一般車道(未劃分快慢車道)","柏油","乾燥","良好","無號誌","行車分向線","未繪設快慢車道分隔線","有",38,"未使用",121.082363,25.033666,"桃園市","觀音區"
"路上翻車、摔倒","2021",4,12,11,"晴","日間自然光線",40,"彎曲路及附近","一般車道(未劃分快慢車道)","柏油","乾燥","良好","無號誌","雙向禁止超車線","未繪設快慢車道分隔線","有",64,"非駕駛人",121.542779,24.953206,"新北市","新店區"
"追撞","2021",4,12,12,"晴","日間自然光線",50,"直路","一般車道(未劃分快慢車道)","柏油","乾燥","良好","無號誌","行車分向線","快慢車道分隔線","有",51,"不明",120.356358,23.493099,"嘉義縣","太保市"
"追撞","2021",4,12,12,"晴","日間自然光線",50,"直路","一般車道(未劃分快慢車道)","柏油","乾燥","良好","無號誌","行車分向線","快慢車道分隔線","有",77,"未使用",120.356358,23.493099,"嘉義縣","太保市"
"追撞","2021",4,12,12,"晴","日間自然光線",50,"直路","一般車道(未劃分快慢車道)","柏油","乾燥","良好","無號誌","行車分向線","快慢車道分隔線","有",60,"未使用",120.356358,23.493099,"嘉義縣","太保市"
"路口交岔撞","2021",4,12,12,"晴","日間自然光線",30,"四岔路","交叉路口內","柏油","乾燥","良好","無號誌","無","未繪設快慢車道分隔線","無",50,"未使用",120.140948,23.136229,"臺南市","七股區"
"路口交岔撞","2021",4,12,12,"晴","日間自然光線",30,"四岔路","交叉路口內","柏油","乾燥","良好","無號誌","無","未繪設快慢車道分隔線","無",54,"未使用",120.140948,23.136229,"臺南市","七股區"
"追撞","2021",4,12,19,"晴","夜間(或隧道、地下道、涵洞)有照明",50,"四岔路","交叉路口內","柏油","乾燥","良好","正常","無","未繪設快慢車道分隔線","無",63,"使用免持或未有礙駕駛安全",121.266856,25.062515,"桃園市","蘆竹區"
"追撞","2021",4,12,19,"晴","夜間(或隧道、地下道、涵洞)有照明",50,"四岔路","交叉路口內","柏油","乾燥","良好","正常","無","未繪設快慢車道分隔線","無",69,"使用免持或未有礙駕駛安全",121.266856,25.062515,"桃園市","蘆竹區"
"追撞","2021",4,12,19,"晴","夜間(或隧道、地下道、涵洞)有照明",50,"四岔路","交叉路口內","柏油","乾燥","良好","正常","無","未繪設快慢車道分隔線","無",39,"未使用",121.266856,25.062515,"桃園市","蘆竹區"
"其他","2021",4,12,20,"晴","夜間(或隧道、地下道、涵洞)有照明",60,"四岔路","交叉路口內","柏油","乾燥","良好","無號誌","中央分向島","快慢車道分隔線","無",51,"非駕駛人",120.686858,23.992372,"南投縣","草屯鎮"
"其他","2021",4,12,20,"晴","夜間(或隧道、地下道、涵洞)有照明",60,"四岔路","交叉路口內","柏油","乾燥","良好","無號誌","中央分向島","快慢車道分隔線","無",57,"未使用",120.686858,23.992372,"南投縣","草屯鎮"
"撞護欄(樁)","2021",4,12,22,"晴","夜間(或隧道、地下道、涵洞)無照明",110,"直路","快車道","柏油","乾燥","良好","無號誌","中央分向島","未繪設快慢車道分隔線","有",24,"未使用",120.484795,23.832316,"彰化縣","溪州鄉"
"撞護欄(樁)","2021",4,12,22,"晴","夜間(或隧道、地下道、涵洞)無照明",110,"直路","快車道","柏油","乾燥","良好","無號誌","中央分向島","未繪設快慢車道分隔線","有",29,"未使用",120.484795,23.832316,"彰化縣","溪州鄉"
"撞護欄(樁)","2021",4,12,22,"晴","夜間(或隧道、地下道、涵洞)無照明",110,"直路","快車道","柏油","乾燥","良好","無號誌","中央分向島","未繪設快慢車道分隔線","有",31,"未使用",120.484795,23.832316,"彰化縣","溪州鄉"
"撞護欄(樁)","2021",4,12,22,"晴","夜間(或隧道、地下道、涵洞)無照明",110,"直路","快車道","柏油","乾燥","良好","無號誌","中央分向島","未繪設快慢車道分隔線","有",29,"未使用",120.484795,23.832316,"彰化縣","溪州鄉"
"撞護欄(樁)","2021",4,12,22,"晴","夜間(或隧道、地下道、涵洞)無照明",110,"直路","快車道","柏油","乾燥","良好","無號誌","中央分向島","未繪設快慢車道分隔線","有",27,"非駕駛人",120.484795,23.832316,"彰化縣","溪州鄉"
"撞護欄(樁)","2021",4,12,22,"晴","夜間(或隧道、地下道、涵洞)無照明",110,"直路","快車道","柏油","乾燥","良好","無號誌","中央分向島","未繪設快慢車道分隔線","有",25,"未使用",120.484795,23.832316,"彰化縣","溪州鄉"
"穿越道路中","2021",4,13,4,"陰","夜間(或隧道、地下道、涵洞)有照明",50,"直路","一般車道(未劃分快慢車道)","柏油","乾燥","良好","無號誌","中央分向島","未繪設快慢車道分隔線","無",53,"未使用",121.59062,25.066251,"臺北市","內湖區"
"穿越道路中","2021",4,13,4,"陰","夜間(或隧道、地下道、涵洞)有照明",50,"直路","一般車道(未劃分快慢車道)","柏油","乾燥","良好","無號誌","中央分向島","未繪設快慢車道分隔線","無",47,"非駕駛人",121.59062,25.066251,"臺北市","內湖區"
"側撞","2021",4,13,9,"晴","日間自然光線",50,"四岔路","交叉路口內","柏油","乾燥","良好","正常","無","未繪設快慢車道分隔線","無",48,"未使用",120.407774,22.586667,"高雄市","大寮區"
"側撞","2021",4,13,9,"晴","日間自然光線",50,"四岔路","交叉路口內","柏油","乾燥","良好","正常","無","未繪設快慢車道分隔線","無",38,"未使用",120.407774,22.586667,"高雄市","大寮區"
"路口交岔撞","2021",4,13,9,"晴","日間自然光線",50,"四岔路","交叉路口內","柏油","乾燥","良好","正常","行車分向線","未繪設快慢車道分隔線","有",39,"不明",120.521934,23.856987,"彰化縣","溪州鄉"
"路口交岔撞","2021",4,13,9,"晴","日間自然光線",50,"四岔路","交叉路口內","柏油","乾燥","良好","正常","行車分向線","未繪設快慢車道分隔線","有",81,"不明",120.521934,23.856987,"彰化縣","溪州鄉"
"側撞","2021",4,13,14,"晴","日間自然光線",50,"四岔路","交叉路口內","柏油","乾燥","良好","正常","無","未繪設快慢車道分隔線","有",58,"未使用",121.837716,24.61175,"宜蘭縣","蘇澳鎮"
"側撞","2021",4,13,14,"晴","日間自然光線",50,"四岔路","交叉路口內","柏油","乾燥","良好","正常","無","未繪設快慢車道分隔線","有",65,"未使用",121.837716,24.61175,"宜蘭縣","蘇澳鎮"
"其他","2021",4,13,21,"晴","夜間(或隧道、地下道、涵洞)有照明",50,"直路","一般車道(未劃分快慢車道)","柏油","乾燥","良好","無號誌","行車分向線","未繪設快慢車道分隔線","有",26,"不明",120.259939,23.675266,"雲林縣","東勢鄉"
"其他","2021",4,13,21,"晴","夜間(或隧道、地下道、涵洞)有照明",50,"直路","一般車道(未劃分快慢車道)","柏油","乾燥","良好","無號誌","行車分向線","未繪設快慢車道分隔線","有",75,"非駕駛人",120.259939,23.675266,"雲林縣","東勢鄉"
"穿越道路中","2021",4,13,22,"雨","夜間(或隧道、地下道、涵洞)有照明",60,"四岔路","交叉路口內","柏油","濕潤","良好","正常","無","未繪設快慢車道分隔線","無",30,"未使用",121.79608,24.671749,"宜蘭縣","羅東鎮"
"穿越道路中","2021",4,13,22,"雨","夜間(或隧道、地下道、涵洞)有照明",60,"四岔路","交叉路口內","柏油","濕潤","良好","正常","無","未繪設快慢車道分隔線","無",74,"非駕駛人",121.79608,24.671749,"宜蘭縣","羅東鎮"
"路口交岔撞","2021",4,14,1,"晴","夜間(或隧道、地下道、涵洞)有照明",50,"四岔路","交叉路口內","柏油","乾燥","良好","正常","無","未繪設快慢車道分隔線","無",23,"不明",120.669823,24.147341,"臺中市","西區"
"路口交岔撞","2021",4,14,1,"晴","夜間(或隧道、地下道、涵洞)有照明",50,"四岔路","交叉路口內","柏油","乾燥","良好","正常","無","未繪設快慢車道分隔線","無",22,"不明",120.669823,24.147341,"臺中市","西區"
"穿越道路中","2021",4,14,8,"晴","日間自然光線",40,"直路","一般車道(未劃分快慢車道)","柏油","乾燥","良好","無號誌","無","未繪設快慢車道分隔線","無",33,"未使用",121.427704,25.046482,"新北市","泰山區"
"穿越道路中","2021",4,14,8,"晴","日間自然光線",40,"直路","一般車道(未劃分快慢車道)","柏油","乾燥","良好","無號誌","無","未繪設快慢車道分隔線","無",83,"非駕駛人",121.427704,25.046482,"新北市","泰山區"
"其他","2021",4,14,14,"雨","日間自然光線",30,"直路","一般車道(未劃分快慢車道)","柏油","濕潤","良好","無號誌","行車分向線","未繪設快慢車道分隔線","無",61,"未使用",121.546432,25.015716,"臺北市","大安區"
"撞護欄(樁)","2021",4,14,22,"晴","夜間(或隧道、地下道、涵洞)有照明",50,"彎曲路及附近","一般車道(未劃分快慢車道)","柏油","乾燥","良好","無號誌","雙向禁止超車線","未繪設快慢車道分隔線","有",35,"不明",120.226224,23.761961,"雲林縣","麥寮鄉"
"側撞","2021",4,15,10,"晴","日間自然光線",60,"直路","一般車道(未劃分快慢車道)","柏油","乾燥","良好","無號誌","雙向禁止超車線","未繪設快慢車道分隔線","有",61,"未使用",120.264524,23.525619,"嘉義縣","六腳鄉"
"側撞","2021",4,15,10,"晴","日間自然光線",60,"直路","一般車道(未劃分快慢車道)","柏油","乾燥","良好","無號誌","雙向禁止超車線","未繪設快慢車道分隔線","有",64,"未使用",120.264524,23.525619,"嘉義縣","六腳鄉"
"對撞","2021",4,15,17,"晴","日間自然光線",50,"直路","一般車道(未劃分快慢車道)","柏油","乾燥","良好","無號誌","行車分向線","未繪設快慢車道分隔線","有",40,"不明",121.203441,24.778366,"新竹縣","關西鎮"
"對撞","2021",4,15,17,"晴","日間自然光線",50,"直路","一般車道(未劃分快慢車道)","柏油","乾燥","良好","無號誌","行車分向線","未繪設快慢車道分隔線","有",67,"不明",121.203441,24.778366,"新竹縣","關西鎮"
"衝出路外","2021",4,16,1,"晴","夜間(或隧道、地下道、涵洞)有照明",60,"三岔路","交叉路口內","柏油","乾燥","良好","正常","無","未繪設快慢車道分隔線","有",24,"未使用",121.57714,23.963375,"花蓮縣","吉安鄉"
"撞號誌、標誌桿","2021",4,16,4,"晴","夜間(或隧道、地下道、涵洞)有照明",50,"彎曲路及附近","一般車道(未劃分快慢車道)","柏油","乾燥","良好","無號誌","無","未繪設快慢車道分隔線","無",14,"未使用",120.738312,24.179437,"臺中市","北屯區"
"撞號誌、標誌桿","2021",4,16,4,"晴","夜間(或隧道、地下道、涵洞)有照明",50,"彎曲路及附近","一般車道(未劃分快慢車道)","柏油","乾燥","良好","無號誌","無","未繪設快慢車道分隔線","無",21,"非駕駛人",120.738312,24.179437,"臺中市","北屯區"
"側撞","2021",4,16,8,"晴","日間自然光線",50,"三岔路","交叉路口內","柏油","乾燥","良好","正常","中央分向島","未繪設快慢車道分隔線","有",61,"未使用",120.285453,23.135285,"臺南市","善化區"
"側撞","2021",4,16,8,"晴","日間自然光線",50,"三岔路","交叉路口內","柏油","乾燥","良好","正常","中央分向島","未繪設快慢車道分隔線","有",23,"未使用",120.285453,23.135285,"臺南市","善化區"