"事故類型及型態子類別名稱","發生年度","發生月份","發生日期","發生時間","天候名稱","光線名稱","速限.第1當事者","道路型態子類別名稱","事故位置子類別名稱","路面狀況.路面鋪裝名稱","路面狀況.路面狀態名稱","道路障礙.視距品質名稱","號誌.號誌動作名稱","車道劃分設施.分向設施大類別名稱","車道劃分設施.分道設施.快慢車道間名稱","車道劃分設施.分道設施.路面邊線名稱","當事者事故發生時年齡","行動電話或電腦或其他相類功能裝置名稱","經度","緯度","縣市","鄉鎮"
"追撞","2021",4,26,18,"晴","夜間(或隧道、地下道、涵洞)無照明",70,"直路","慢車道","柏油","乾燥","良好","無號誌","中央分向島","未繪設快慢車道分隔線","有",65,"非駕駛人",120.164878,23.617793,"雲林縣","口湖鄉"
"追撞","2021",4,26,18,"晴","夜間(或隧道、地下道、涵洞)無照明",70,"直路","慢車道","柏油","乾燥","良好","無號誌","中央分向島","未繪設快慢車道分隔線","有",41,"未使用",120.164878,23.617793,"雲林縣","口湖鄉"
"其他","2021",4,27,15,"陰","日間自然光線",50,"直路","其他","柏油","乾燥","良好","無號誌","行車分向線","未繪設快慢車道分隔線","有",64,"未使用",120.368247,23.961864,"彰化縣","芳苑鄉"
"其他","2021",4,27,15,"陰","日間自然光線",50,"直路","其他","柏油","乾燥","良好","無號誌","行車分向線","未繪設快慢車道分隔線","有",31,"未使用",120.368247,23.961864,"彰化縣","芳苑鄉"
"側撞","2021",4,27,19,"晴","夜間(或隧道、地下道、涵洞)有照明",50,"四岔路","交叉路口內","柏油","乾燥","良好","正常","無","未繪設快慢車道分隔線","無",39,"不明",120.991682,24.803687,"新竹市","東區"
"側撞","2021",4,27,19,"晴","夜間(或隧道、地下道、涵洞)有照明",50,"四岔路","交叉路口內","柏油","乾燥","良好","正常","無","未繪設快慢車道分隔線","無",86,"不明",120.991682,24.803687,"新竹市","東區"
"撞路樹、電桿","2021",4,28,1,"晴","夜間(或隧道、地下道、涵洞)有照明",40,"直路","人行道","柏油","乾燥","良好","無號誌","行車分向線","未繪設快慢車道分隔線","有",53,"不明",121.302046,25.01604,"桃園市","桃園區"
"追撞","2021",4,28,20,"晴","夜間(或隧道、地下道、涵洞)有照明",70,"三岔路","交叉路口內","柏油","乾燥","良好","正常","無","未繪設快慢車道分隔線","無",52,"未使用",120.597998,24.111375,"臺中市","烏日區"
"追撞","2021",4,28,20,"晴","夜間(或隧道、地下道、涵洞)有照明",70,"三岔路","交叉路口內","柏油","乾燥","良好","正常","無","未繪設快慢車道分隔線","無",37,"未使用",120.597998,24.111375,"臺中市","烏日區"
"追撞","2021",4,28,20,"晴","夜間(或隧道、地下道、涵洞)有照明",70,"三岔路","交叉路口內","柏油","乾燥","良好","正常","無","未繪設快慢車道分隔線","無",34,"未使用",120.597998,24.111375,"臺中市","烏日區"
"撞護欄(樁)","2021",4,29,0,"晴","夜間(或隧道、地下道、涵洞)無照明",110,"直路","快車道","柏油","乾燥","良好","無號誌","中央分向島","未繪設快慢車道分隔線","有",43,"未使用",120.494951,23.490193,"嘉義市","東區"
"撞護欄(樁)","2021",4,29,0,"晴","夜間(或隧道、地下道、涵洞)無照明",110,"直路","快車道","柏油","乾燥","良好","無號誌","中央分向島","未繪設快慢車道分隔線","有",46,"未使用",120.494951,23.490193,"嘉義市","東區"
"撞護欄(樁)","2021",4,29,0,"晴","夜間(或隧道、地下道、涵洞)無照明",110,"直路","快車道","柏油","乾燥","良好","無號誌","中央分向島","未繪設快慢車道分隔線","有",61,"未使用",120.494951,23.490193,"嘉義市","東區"
"撞護欄(樁)","2021",4,29,0,"晴","夜間(或隧道、地下道、涵洞)無照明",110,"直路","快車道","柏油","乾燥","良好","無號誌","中央分向島","未繪設快慢車道分隔線","有",28,"不明",120.494951,23.490193,"嘉義市","東區"
"撞路樹、電桿","2021",4,29,2,"晴","夜間(或隧道、地下道、涵洞)有照明",50,"直路","路肩、路緣","柏油","乾燥","良好","無號誌","行車分向線","未繪設快慢車道分隔線","有",41,"未使用",120.26858,23.229291,"臺南市","下營區"
"撞路樹、電桿","2021",4,29,2,"晴","夜間(或隧道、地下道、涵洞)有照明",50,"直路","路肩、路緣","柏油","乾燥","良好","無號誌","行車分向線","未繪設快慢車道分隔線","有",44,"非駕駛人",120.26858,23.229291,"臺南市","下營區"
"路口交岔撞","2021",4,29,5,"雨","晨或暮光",50,"四岔路","交叉路口內","柏油","濕潤","良好","正常","無","未繪設快慢車道分隔線","無",57,"未使用",120.617771,24.340803,"臺中市","大甲區"
"路口交岔撞","2021",4,29,5,"雨","晨或暮光",50,"四岔路","交叉路口內","柏油","濕潤","良好","正常","無","未繪設快慢車道分隔線","無",19,"未使用",120.617771,24.340803,"臺中市","大甲區"
"路口交岔撞","2021",4,29,6,"雨","晨或暮光",50,"三岔路","交叉路口內","柏油","濕潤","良好","正常","中央分向島","未繪設快慢車道分隔線","無",44,"不明",121.450777,25.074792,"新北市","五股區"
"路口交岔撞","2021",4,29,6,"雨","晨或暮光",50,"三岔路","交叉路口內","柏油","濕潤","良好","正常","中央分向島","未繪設快慢車道分隔線","無",42,"不明",121.450777,25.074792,"新北市","五股區"
"對撞","2021",4,29,10,"晴","日間自然光線",60,"彎曲路及附近","一般車道(未劃分快慢車道)","柏油","乾燥","良好","無號誌","雙向禁止超車線","未繪設快慢車道分隔線","有",81,"未使用",120.984759,22.572182,"臺東縣","太麻里鄉"
"對撞","2021",4,29,10,"晴","日間自然光線",60,"彎曲路及附近","一般車道(未劃分快慢車道)","柏油","乾燥","良好","無號誌","雙向禁止超車線","未繪設快慢車道分隔線","有",80,"非駕駛人",120.984759,22.572182,"臺東縣","太麻里鄉"
"對撞","2021",4,29,10,"晴","日間自然光線",60,"彎曲路及附近","一般車道(未劃分快慢車道)","柏油","乾燥","良好","無號誌","雙向禁止超車線","未繪設快慢車道分隔線","有",55,"未使用",120.984759,22.572182,"臺東縣","太麻里鄉"
"側撞","2021",4,29,18,"晴","夜間(或隧道、地下道、涵洞)有照明",50,"三岔路","交叉路口內","柏油","乾燥","良好","無號誌","行車分向線","未繪設快慢車道分隔線","有",69,"未使用",120.568185,23.925185,"彰化縣","永靖鄉"
"側撞","2021",4,29,18,"晴","夜間(或隧道、地下道、涵洞)有照明",50,"三岔路","交叉路口內","柏油","乾燥","良好","無號誌","行車分向線","未繪設快慢車道分隔線","有",22,"未使用",120.568185,23.925185,"彰化縣","永靖鄉"
"側撞","2021",4,29,20,"晴","夜間(或隧道、地下道、涵洞)有照明",60,"四岔路","交叉路口內","柏油","乾燥","良好","正常","無","未繪設快慢車道分隔線","無",21,"未使用",120.129744,23.278386,"臺南市","北門區"
"側撞","2021",4,29,20,"晴","夜間(或隧道、地下道、涵洞)有照明",60,"四岔路","交叉路口內","柏油","乾燥","良好","正常","無","未繪設快慢車道分隔線","無",38,"未使用",120.129744,23.278386,"臺南市","北門區"
"側撞","2021",4,29,20,"晴","夜間(或隧道、地下道、涵洞)有照明",60,"四岔路","交叉路口內","柏油","乾燥","良好","正常","無","未繪設快慢車道分隔線","無",44,"非駕駛人",120.129744,23.278386,"臺南市","北門區"
"穿越道路中","2021",4,30,7,"晴","日間自然光線",40,"直路","行人穿越道","柏油","乾燥","良好","正常","無","未繪設快慢車道分隔線","無",16,"非駕駛人",120.582748,24.266095,"臺中市","清水區"
"穿越道路中","2021",4,30,7,"晴","日間自然光線",40,"直路","行人穿越道","柏油","乾燥","良好","正常","無","未繪設快慢車道分隔線","無",46,"未使用",120.582748,24.266095,"臺中市","清水區"
"倒車撞","2021",4,30,20,"陰","夜間(或隧道、地下道、涵洞)有照明",50,"直路","機車優先道","柏油","乾燥","良好","無號誌","中央分向島","快慢車道分隔線","有",21,"未使用",121.005316,24.847459,"新竹縣","竹北市"
"倒車撞","2021",4,30,20,"陰","夜間(或隧道、地下道、涵洞)有照明",50,"直路","機車優先道","柏油","乾燥","良好","無號誌","中央分向島","快慢車道分隔線","有",22,"未使用",121.005316,24.847459,"新竹縣","竹北市"
"路口交岔撞","2021",4,30,22,"晴","夜間(或隧道、地下道、涵洞)有照明",50,"多岔路","交叉路口內","柏油","乾燥","良好","正常","無","未繪設快慢車道分隔線","無",18,"未使用",121.232474,24.903581,"桃園市","平鎮區"
"路口交岔撞","2021",4,30,22,"晴","夜間(或隧道、地下道、涵洞)有照明",50,"多岔路","交叉路口內","柏油","乾燥","良好","正常","無","未繪設快慢車道分隔線","無",18,"未使用",121.232474,24.903581,"桃園市","平鎮區"
"路口交岔撞","2021",4,30,22,"晴","夜間(或隧道、地下道、涵洞)有照明",50,"多岔路","交叉路口內","柏油","乾燥","良好","正常","無","未繪設快慢車道分隔線","無",41,"未使用",121.232474,24.903581,"桃園市","平鎮區"
"穿越道路中","2021",5,1,2,"陰","夜間(或隧道、地下道、涵洞)有照明",50,"四岔路","交叉路口內","柏油","乾燥","良好","正常","無","未繪設快慢車道分隔線","無",54,"非駕駛人",121.507498,25.042382,"臺北市","萬華區"
"穿越道路中","2021",5,1,2,"陰","夜間(或隧道、地下道、涵洞)有照明",50,"四岔路","交叉路口內","柏油","乾燥","良好","正常","無","未繪設快慢車道分隔線","無",47,"未使用",121.507498,25.042382,"臺北市","萬華區"
"穿越道路中","2021",5,1,4,"晴","日間自然光線",60,"三岔路","一般車道(未劃分快慢車道)","柏油","乾燥","良好","正常","中央分向島","快慢車道分隔線","有",78,"非駕駛人",120.82403,24.258123,"臺中市","東勢區"
"穿越道路中","2021",5,1,4,"晴","日間自然光線",60,"三岔路","一般車道(未劃分快慢車道)","柏油","乾燥","良好","正常","中央分向島","快慢車道分隔線","有",23,"未使用",120.82403,24.258123,"臺中市","東勢區"
"路口交岔撞","2021",5,1,8,"晴","日間自然光線",40,"四岔路","交叉路口內","柏油","乾燥","良好","無號誌","雙向禁止超車線","快慢車道分隔線","無",55,"未使用",120.30152,22.62716,"高雄市","鼓山區"
"路口交岔撞","2021",5,1,8,"晴","日間自然光線",40,"四岔路","交叉路口內","柏油","乾燥","良好","無號誌","雙向禁止超車線","快慢車道分隔線","無",73,"未使用",120.30152,22.62716,"高雄市","鼓山區"
"路上翻車、摔倒","2021",5,1,11,"晴","日間自然光線",50,"三岔路","交叉口附近","柏油","乾燥","良好","正常","中央分向島","快慢車道分隔線","有",26,"未使用",121.144077,24.716594,"新竹縣","橫山鄉"
"撞交通島","2021",5,1,15,"晴","日間自然光線",40,"直路","慢車道","柏油","乾燥","良好","正常","雙向禁止超車線","寛式快慢車道分隔島(50公分以上)","無",110,"",120.350453,22.612226,"高雄市","鳳山區"
"撞交通島","2021",5,1,15,"晴","日間自然光線",40,"直路","慢車道","柏油","乾燥","良好","正常","雙向禁止超車線","寛式快慢車道分隔島(50公分以上)","無",70,"未使用",120.350453,22.612226,"高雄市","鳳山區"
"穿越道路中","2021",5,1,20,"晴","夜間(或隧道、地下道、涵洞)有照明",60,"四岔路","交叉路口內","柏油","乾燥","良好","正常","無","未繪設快慢車道分隔線","無",26,"未使用",120.574315,24.181149,"臺中市","龍井區"
"穿越道路中","2021",5,1,20,"晴","夜間(或隧道、地下道、涵洞)有照明",60,"四岔路","交叉路口內","柏油","乾燥","良好","正常","無","未繪設快慢車道分隔線","無",66,"非駕駛人",120.574315,24.181149,"臺中市","龍井區"
"穿越道路中","2021",5,1,21,"陰","夜間(或隧道、地下道、涵洞)有照明",50,"四岔路","行人穿越道","柏油","乾燥","良好","正常","無","未繪設快慢車道分隔線","無",55,"未使用",121.154819,25.053194,"桃園市","觀音區"
"穿越道路中","2021",5,1,21,"陰","夜間(或隧道、地下道、涵洞)有照明",50,"四岔路","行人穿越道","柏油","乾燥","良好","正常","無","未繪設快慢車道分隔線","無",38,"不明",121.154819,25.053194,"桃園市","觀音區"
"追撞","2021",5,1,22,"晴","夜間(或隧道、地下道、涵洞)有照明",40,"直路","一般車道(未劃分快慢車道)","柏油","乾燥","良好","無號誌","無","未繪設快慢車道分隔線","有",26,"非駕駛人",121.218904,24.867078,"桃園市","龍潭區"
"追撞","2021",5,1,22,"晴","夜間(或隧道、地下道、涵洞)有照明",40,"直路","一般車道(未劃分快慢車道)","柏油","乾燥","良好","無號誌","無","未繪設快慢車道分隔線","有",19,"不明",121.218904,24.867078,"桃園市","龍潭區"
"追撞","2021",5,1,22,"晴","夜間(或隧道、地下道、涵洞)有照明",40,"直路","一般車道(未劃分快慢車道)","柏油","乾燥","良好","無號誌","無","未繪設快慢車道分隔線","有",52,"不明",121.218904,24.867078,"桃園市","龍潭區"
"追撞","2021",5,1,22,"晴","夜間(或隧道、地下道、涵洞)有照明",40,"直路","一般車道(未劃分快慢車道)","柏油","乾燥","良好","無號誌","無","未繪設快慢車道分隔線","有",42,"未使用",121.218904,24.867078,"桃園市","龍潭區"
"追撞","2021",5,1,22,"晴","夜間(或隧道、地下道、涵洞)有照明",40,"直路","一般車道(未劃分快慢車道)","柏油","乾燥","良好","無號誌","無","未繪設快慢車道分隔線","有",47,"使用免持或未有礙駕駛安全",121.218904,24.867078,"桃園市","龍潭區"
"追撞","2021",5,1,22,"晴","夜間(或隧道、地下道、涵洞)有照明",40,"直路","一般車道(未劃分快慢車道)","柏油","乾燥","良好","無號誌","無","未繪設快慢車道分隔線","有",37,"未使用",121.218904,24.867078,"桃園市","龍潭區"
"撞護欄(樁)","2021",5,2,5,"晴","日間自然光線",90,"直路","路肩、路緣","柏油","乾燥","良好","無號誌","中央分向島","未繪設快慢車道分隔線","有",25,"未使用",121.525159,24.968556,"新北市","新店區"
"穿越道路中","2021",5,2,6,"晴","日間自然光線",50,"四岔路","交叉路口內","柏油","乾燥","良好","無號誌","行車分向線","未繪設快慢車道分隔線","無",68,"非駕駛人",120.693208,24.113118,"臺中市","大里區"
"穿越道路中","2021",5,2,6,"晴","日間自然光線",50,"四岔路","交叉路口內","柏油","乾燥","良好","無號誌","行車分向線","未繪設快慢車道分隔線","無",25,"未使用",120.693208,24.113118,"臺中市","大里區"
"撞護欄(樁)","2021",5,2,7,"晴","日間自然光線",50,"彎曲路及附近","一般車道(未劃分快慢車道)","柏油","乾燥","良好","無號誌","雙向禁止超車線","未繪設快慢車道分隔線","有",20,"不明",121.472134,25.06411,"新北市","三重區"
"路口交岔撞","2021",5,2,7,"晴","日間自然光線",40,"四岔路","交叉口附近","柏油","乾燥","良好","正常","中央分向島","未繪設快慢車道分隔線","無",59,"未使用",120.3066,22.67551,"高雄市","左營區"
"路口交岔撞","2021",5,2,7,"晴","日間自然光線",40,"四岔路","交叉口附近","柏油","乾燥","良好","正常","中央分向島","未繪設快慢車道分隔線","無",31,"未使用",120.3066,22.67551,"高雄市","左營區"
"撞護欄(樁)","2021",5,2,20,"晴","夜間(或隧道、地下道、涵洞)有照明",40,"彎曲路及附近","路肩、路緣","柏油","乾燥","不良","無號誌","雙向禁止超車線","未繪設快慢車道分隔線","有",110,"",120.683072,23.092348,"高雄市","六龜區"
"撞護欄(樁)","2021",5,2,20,"晴","夜間(或隧道、地下道、涵洞)有照明",40,"彎曲路及附近","路肩、路緣","柏油","乾燥","不良","無號誌","雙向禁止超車線","未繪設快慢車道分隔線","有",19,"未使用",120.683072,23.092348,"高雄市","六龜區"
"撞交通島","2021",5,3,8,"晴","日間自然光線",60,"彎曲路及附近","一般車道(未劃分快慢車道)","柏油","乾燥","良好","無號誌","中央分向島","未繪設快慢車道分隔線","有",38,"未使用",121.370161,25.025131,"桃園市","龜山區"
"其他","2021",5,3,11,"晴","日間自然光線",40,"彎曲路及附近","一般車道(未劃分快慢車道)","柏油","乾燥","良好","無號誌","雙向禁止超車線","未繪設快慢車道分隔線","有",47,"不明",120.613414,24.306006,"臺中市","清水區"
"其他","2021",5,3,11,"晴","日間自然光線",40,"彎曲路及附近","一般車道(未劃分快慢車道)","柏油","乾燥","良好","無號誌","雙向禁止超車線","未繪設快慢車道分隔線","有",22,"不明",120.613414,24.306006,"臺中市","清水區"
"路上翻車、摔倒","2021",5,3,12,"陰","日間自然光線",50,"彎曲路及附近","一般車道(未劃分快慢車道)","柏油","乾燥","不良","無號誌","雙向禁止超車線","未繪設快慢車道分隔線","有",74,"不明",120.727733,23.761516,"南投縣","鹿谷鄉"
"路上翻車、摔倒","2021",5,3,12,"陰","日間自然光線",50,"彎曲路及附近","一般車道(未劃分快慢車道)","柏油","乾燥","不良","無號誌","雙向禁止超車線","未繪設快慢車道分隔線","有",74,"非駕駛人",120.727733,23.761516,"南投縣","鹿谷鄉"
"撞交通島","2021",5,4,1,"晴","夜間(或隧道、地下道、涵洞)有照明",50,"直路","一般車道(未劃分快慢車道)","柏油","乾燥","良好","無號誌","中央分向島","未繪設快慢車道分隔線","有",24,"不明",120.528617,23.701134,"雲林縣","斗六市"
"穿越道路中","2021",5,4,6,"晴","日間自然光線",50,"直路","一般車道(未劃分快慢車道)","柏油","乾燥","良好","正常","中央分向島","快慢車道分隔線","無",75,"非駕駛人",121.577596,25.045478,"臺北市","信義區"
"穿越道路中","2021",5,4,6,"晴","日間自然光線",50,"直路","一般車道(未劃分快慢車道)","柏油","乾燥","良好","正常","中央分向島","快慢車道分隔線","無",62,"未使用",121.577596,25.045478,"臺北市","信義區"
"側撞","2021",5,4,10,"晴","日間自然光線",40,"三岔路","交叉路口內","柏油","乾燥","良好","無號誌","雙向禁止超車線","未繪設快慢車道分隔線","有",65,"未使用",121.016842,24.891475,"新竹縣","新豐鄉"
"側撞","2021",5,4,10,"晴","日間自然光線",40,"三岔路","交叉路口內","柏油","乾燥","良好","無號誌","雙向禁止超車線","未繪設快慢車道分隔線","有",70,"未使用",121.016842,24.891475,"新竹縣","新豐鄉"
"路上翻車、摔倒","2021",5,4,14,"晴","日間自然光線",70,"直路","一般車道(未劃分快慢車道)","柏油","乾燥","良好","正常","中央分向島","快慢車道分隔線","有",110,"",120.443461,22.71689,"高雄市","大樹區"
"路上翻車、摔倒","2021",5,4,14,"晴","日間自然光線",70,"直路","一般車道(未劃分快慢車道)","柏油","乾燥","良好","正常","中央分向島","快慢車道分隔線","有",75,"未使用",120.443461,22.71689,"高雄市","大樹區"
"穿越道路中","2021",5,4,17,"晴","日間自然光線",50,"直路","行人穿越道","柏油","乾燥","良好","無號誌","無","未繪設快慢車道分隔線","無",67,"未使用",120.159519,23.002544,"臺南市","安平區"
"穿越道路中","2021",5,4,17,"晴","日間自然光線",50,"直路","行人穿越道","柏油","乾燥","良好","無號誌","無","未繪設快慢車道分隔線","無",24,"未使用",120.159519,23.002544,"臺南市","安平區"
"其他","2021",5,5,3,"陰","夜間(或隧道、地下道、涵洞)有照明",50,"四岔路","交叉路口內","柏油","乾燥","良好","正常","無","未繪設快慢車道分隔線","無",30,"未使用",120.657298,24.118571,"臺中市","南區"
"其他","2021",5,5,3,"陰","夜間(或隧道、地下道、涵洞)有照明",50,"四岔路","交叉路口內","柏油","乾燥","良好","正常","無","未繪設快慢車道分隔線","無",70,"非駕駛人",120.657298,24.118571,"臺中市","南區"
"路口交岔撞","2021",5,5,7,"晴","日間自然光線",50,"四岔路","交叉路口內","柏油","乾燥","良好","正常","無","未繪設快慢車道分隔線","無",76,"未使用",120.254018,22.976666,"臺南市","仁德區"
"路口交岔撞","2021",5,5,7,"晴","日間自然光線",50,"四岔路","交叉路口內","柏油","乾燥","良好","正常","無","未繪設快慢車道分隔線","無",28,"未使用",120.254018,22.976666,"臺南市","仁德區"
"路口交岔撞","2021",5,5,7,"晴","日間自然光線",50,"四岔路","交叉路口內","柏油","乾燥","良好","正常","無","未繪設快慢車道分隔線","無",50,"未使用",120.254018,22.976666,"臺南市","仁德區"
"撞號誌、標誌桿","2021",5,5,10,"晴","日間自然光線",40,"三岔路","交叉路口內","柏油","乾燥","良好","正常","雙向禁止超車線","快慢車道分隔線","有",110,"",120.399263,22.657401,"高雄市","鳥松區"
"撞號誌、標誌桿","2021",5,5,10,"晴","日間自然光線",40,"三岔路","交叉路口內","柏油","乾燥","良好","正常","雙向禁止超車線","快慢車道分隔線","有",66,"未使用",120.399263,22.657401,"高雄市","鳥松區"
"路口交岔撞","2021",5,5,11,"晴","日間自然光線",40,"四岔路","交叉路口內","柏油","乾燥","良好","正常","無","未繪設快慢車道分隔線","無",31,"不明",120.25741,23.679456,"雲林縣","東勢鄉"
"路口交岔撞","2021",5,5,11,"晴","日間自然光線",40,"四岔路","交叉路口內","柏油","乾燥","良好","正常","無","未繪設快慢車道分隔線","無",78,"未使用",120.25741,23.679456,"雲林縣","東勢鄉"
"撞路樹、電桿","2021",5,5,21,"陰","夜間(或隧道、地下道、涵洞)有照明",60,"直路","路肩、路緣","柏油","乾燥","良好","無號誌","雙向禁止超車線","快慢車道分隔線","有",45,"未使用",120.715155,23.830615,"南投縣","名間鄉"
"側撞","2021",5,6,7,"晴","日間自然光線",50,"四岔路","交叉路口內","柏油","乾燥","良好","正常","雙向禁止超車線","未繪設快慢車道分隔線","有",31,"不明",120.574844,23.847539,"彰化縣","田中鎮"
"側撞","2021",5,6,7,"晴","日間自然光線",50,"四岔路","交叉路口內","柏油","乾燥","良好","正常","雙向禁止超車線","未繪設快慢車道分隔線","有",18,"非駕駛人",120.574844,23.847539,"彰化縣","田中鎮"
"側撞","2021",5,6,7,"晴","日間自然光線",50,"四岔路","交叉路口內","柏油","乾燥","良好","正常","雙向禁止超車線","未繪設快慢車道分隔線","有",81,"未使用",120.574844,23.847539,"彰化縣","田中鎮"
"對撞","2021",5,6,8,"晴","日間自然光線",50,"彎曲路及附近","一般車道(未劃分快慢車道)","柏油","乾燥","良好","無號誌","行車分向線","快慢車道分隔線","有",43,"未使用",121.122731,25.00038,"桃園市","觀音區"
"對撞","2021",5,6,8,"晴","日間自然光線",50,"彎曲路及附近","一般車道(未劃分快慢車道)","柏油","乾燥","良好","無號誌","行車分向線","快慢車道分隔線","有",27,"未使用",121.122731,25.00038,"桃園市","觀音區"
"倒車撞","2021",5,6,9,"晴","日間自然光線",50,"直路","慢車道","柏油","乾燥","良好","無號誌","中央分向島","快慢車道分隔線","有",52,"未使用",120.433617,23.548382,"嘉義縣","民雄鄉"
"倒車撞","2021",5,6,9,"晴","日間自然光線",50,"直路","慢車道","柏油","乾燥","良好","無號誌","中央分向島","快慢車道分隔線","有",74,"未使用",120.433617,23.548382,"嘉義縣","民雄鄉"
"側撞","2021",5,6,12,"晴","日間自然光線",50,"三岔路","交叉路口內","柏油","乾燥","良好","無號誌","雙向禁止超車線","未繪設快慢車道分隔線","有",26,"不明",120.972838,24.738262,"新竹縣","寶山鄉"
"側撞","2021",5,6,12,"晴","日間自然光線",50,"三岔路","交叉路口內","柏油","乾燥","良好","無號誌","雙向禁止超車線","未繪設快慢車道分隔線","有",36,"未使用",120.972838,24.738262,"新竹縣","寶山鄉"
"追撞","2021",5,6,14,"晴","日間自然光線",70,"直路","一般車道(未劃分快慢車道)","柏油","乾燥","良好","無號誌","中央分向島","未繪設快慢車道分隔線","有",51,"未使用",121.848748,24.590838,"宜蘭縣","蘇澳鎮"
"追撞","2021",5,6,14,"晴","日間自然光線",70,"直路","一般車道(未劃分快慢車道)","柏油","乾燥","良好","無號誌","中央分向島","未繪設快慢車道分隔線","有",57,"非駕駛人",121.848748,24.590838,"宜蘭縣","蘇澳鎮"
"追撞","2021",5,6,14,"晴","日間自然光線",70,"直路","一般車道(未劃分快慢車道)","柏油","乾燥","良好","無號誌","中央分向島","未繪設快慢車道分隔線","有",51,"非駕駛人",121.848748,24.590838,"宜蘭縣","蘇澳鎮"
"追撞","2021",5,6,14,"晴","日間自然光線",70,"直路","一般車道(未劃分快慢車道)","柏油","乾燥","良好","無號誌","中央分向島","未繪設快慢車道分隔線","有",59,"未使用",121.848748,24.590838,"宜蘭縣","蘇澳鎮"
"追撞","2021",5,6,14,"晴","日間自然光線",70,"直路","一般車道(未劃分快慢車道)","柏油","乾燥","良好","無號誌","中央分向島","未繪設快慢車道分隔線","有",53,"未使用",121.848748,24.590838,"宜蘭縣","蘇澳鎮"
"追撞","2021",5,6,14,"晴","日間自然光線",70,"直路","一般車道(未劃分快慢車道)","柏油","乾燥","良好","無號誌","中央分向島","未繪設快慢車道分隔線","有",30,"未使用",121.848748,24.590838,"宜蘭縣","蘇澳鎮"
"同向擦撞","2021",5,7,3,"陰","夜間(或隧道、地下道、涵洞)有照明",50,"四岔路","交叉口附近","柏油","乾燥","良好","正常","行車分向線","快慢車道分隔線","有",62,"不明",121.519936,25.075247,"臺北市","大同區"
"同向擦撞","2021",5,7,3,"陰","夜間(或隧道、地下道、涵洞)有照明",50,"四岔路","交叉口附近","柏油","乾燥","良好","正常","行車分向線","快慢車道分隔線","有",23,"不明",121.519936,25.075247,"臺北市","大同區"
"路口交岔撞","2021",5,7,6,"晴","日間自然光線",30,"四岔路","交叉路口內","柏油","乾燥","良好","無號誌","無","未繪設快慢車道分隔線","有",71,"未使用",120.54157,22.675478,"屏東縣","長治鄉"
"路口交岔撞","2021",5,7,6,"晴","日間自然光線",30,"四岔路","交叉路口內","柏油","乾燥","良好","無號誌","無","未繪設快慢車道分隔線","有",39,"未使用",120.54157,22.675478,"屏東縣","長治鄉"
"路口交岔撞","2021",5,7,6,"晴","日間自然光線",30,"四岔路","交叉路口內","柏油","乾燥","良好","無號誌","無","未繪設快慢車道分隔線","有",69,"非駕駛人",120.54157,22.675478,"屏東縣","長治鄉"
"衝出路外","2021",5,7,12,"晴","日間自然光線",40,"直路","一般車道(未劃分快慢車道)","柏油","乾燥","良好","無號誌","行車分向線","未繪設快慢車道分隔線","有",51,"不明",120.645486,23.911451,"南投縣","南投市"
"對撞","2021",5,7,14,"晴","日間自然光線",50,"三岔路","交叉口附近","柏油","乾燥","良好","正常","雙向禁止超車線","未繪設快慢車道分隔線","有",78,"未使用",120.827956,24.49346,"苗栗縣","公館鄉"
"對撞","2021",5,7,14,"晴","日間自然光線",50,"三岔路","交叉口附近","柏油","乾燥","良好","正常","雙向禁止超車線","未繪設快慢車道分隔線","有",57,"未使用",120.827956,24.49346,"苗栗縣","公館鄉"
"對撞","2021",5,7,14,"晴","日間自然光線",50,"三岔路","交叉口附近","柏油","乾燥","良好","正常","雙向禁止超車線","未繪設快慢車道分隔線","有",27,"未使用",120.827956,24.49346,"苗栗縣","公館鄉"
"同向通行中","2021",5,7,15,"晴","日間自然光線",50,"三岔路","交叉路口內","柏油","乾燥","良好","無號誌","中央分向島","快慢車道分隔線","有",36,"未使用",120.502764,22.657894,"屏東縣","屏東市"
"同向通行中","2021",5,7,15,"晴","日間自然光線",50,"三岔路","交叉路口內","柏油","乾燥","良好","無號誌","中央分向島","快慢車道分隔線","有",80,"未使用",120.502764,22.657894,"屏東縣","屏東市"
"同向通行中","2021",5,7,15,"晴","日間自然光線",50,"三岔路","交叉路口內","柏油","乾燥","良好","無號誌","中央分向島","快慢車道分隔線","有",19,"未使用",120.502764,22.657894,"屏東縣","屏東市"
"同向通行中","2021",5,7,15,"晴","日間自然光線",50,"三岔路","交叉路口內","柏油","乾燥","良好","無號誌","中央分向島","快慢車道分隔線","有",44,"未使用",120.502764,22.657894,"屏東縣","屏東市"
"追撞","2021",5,7,17,"晴","晨或暮光",50,"直路","快車道","柏油","乾燥","不良","無號誌","行車分向線","快慢車道分隔線","無",43,"",120.39925,22.632331,"高雄市","大寮區"
"追撞","2021",5,7,17,"晴","晨或暮光",50,"直路","快車道","柏油","乾燥","不良","無號誌","行車分向線","快慢車道分隔線","無",83,"不明",120.39925,22.632331,"高雄市","大寮區"