"事故類型及型態子類別名稱","發生年度","發生月份","發生日期","發生時間","天候名稱","光線名稱","速限.第1當事者","道路型態子類別名稱","事故位置子類別名稱","路面狀況.路面鋪裝名稱","路面狀況.路面狀態名稱","道路障礙.視距品質名稱","號誌.號誌動作名稱","車道劃分設施.分向設施大類別名稱","車道劃分設施.分道設施.快慢車道間名稱","車道劃分設施.分道設施.路面邊線名稱","當事者事故發生時年齡","行動電話或電腦或其他相類功能裝置名稱","經度","緯度","縣市","鄉鎮"
"追撞","2021",5,7,17,"晴","晨或暮光",50,"直路","快車道","柏油","乾燥","不良","無號誌","行車分向線","快慢車道分隔線","無",22,"未使用",120.39925,22.632331,"高雄市","大寮區"
"同向擦撞","2021",5,7,17,"晴","日間自然光線",50,"四岔路","交叉口附近","柏油","乾燥","良好","正常","雙向禁止超車線","快慢車道分隔線","有",40,"未使用",120.273089,23.015514,"臺南市","永康區"
"同向擦撞","2021",5,7,17,"晴","日間自然光線",50,"四岔路","交叉口附近","柏油","乾燥","良好","正常","雙向禁止超車線","快慢車道分隔線","有",26,"未使用",120.273089,23.015514,"臺南市","永康區"
"側撞","2021",5,7,19,"晴","夜間(或隧道、地下道、涵洞)有照明",60,"三岔路","交叉路口內","柏油","乾燥","良好","正常","無","未繪設快慢車道分隔線","無",18,"未使用",120.711641,24.164543,"臺中市","北屯區"
"側撞","2021",5,7,19,"晴","夜間(或隧道、地下道、涵洞)有照明",60,"三岔路","交叉路口內","柏油","乾燥","良好","正常","無","未繪設快慢車道分隔線","無",63,"未使用",120.711641,24.164543,"臺中市","北屯區"
"路上翻車、摔倒","2021",5,8,5,"晴","日間自然光線",50,"直路","路肩、路緣","柏油","乾燥","良好","無號誌","中央分向島","未繪設快慢車道分隔線","有",68,"未使用",120.189693,22.936597,"臺南市","南區"
"側撞","2021",5,8,5,"晴","晨或暮光",40,"三岔路","交叉路口內","柏油","濕潤","良好","無號誌","無","未繪設快慢車道分隔線","無",19,"未使用",121.138625,24.917673,"桃園市","楊梅區"
"側撞","2021",5,8,5,"晴","晨或暮光",40,"三岔路","交叉路口內","柏油","濕潤","良好","無號誌","無","未繪設快慢車道分隔線","無",41,"未使用",121.138625,24.917673,"桃園市","楊梅區"
"側撞","2021",5,8,9,"晴","日間自然光線",60,"三岔路","交叉路口內","柏油","乾燥","良好","無號誌","中央分向島","未繪設快慢車道分隔線","有",56,"未使用",120.71589,24.570544,"苗栗縣","通霄鎮"
"側撞","2021",5,8,9,"晴","日間自然光線",60,"三岔路","交叉路口內","柏油","乾燥","良好","無號誌","中央分向島","未繪設快慢車道分隔線","有",18,"未使用",120.71589,24.570544,"苗栗縣","通霄鎮"
"其他","2021",5,8,10,"晴","日間自然光線",50,"四岔路","交叉路口內","柏油","乾燥","良好","無號誌","無","未繪設快慢車道分隔線","有",38,"未使用",120.349311,23.905155,"彰化縣","芳苑鄉"
"其他","2021",5,8,10,"晴","日間自然光線",50,"四岔路","交叉路口內","柏油","乾燥","良好","無號誌","無","未繪設快慢車道分隔線","有",18,"未使用",120.349311,23.905155,"彰化縣","芳苑鄉"
"其他","2021",5,8,10,"晴","日間自然光線",50,"四岔路","交叉路口內","柏油","乾燥","良好","無號誌","無","未繪設快慢車道分隔線","有",15,"未使用",120.349311,23.905155,"彰化縣","芳苑鄉"
"其他","2021",5,8,10,"晴","日間自然光線",50,"四岔路","交叉路口內","柏油","乾燥","良好","無號誌","無","未繪設快慢車道分隔線","有",37,"非駕駛人",120.349311,23.905155,"彰化縣","芳苑鄉"
"其他","2021",5,8,10,"晴","日間自然光線",50,"四岔路","交叉路口內","柏油","乾燥","良好","無號誌","無","未繪設快慢車道分隔線","有",29,"非駕駛人",120.349311,23.905155,"彰化縣","芳苑鄉"
"其他","2021",5,8,10,"晴","日間自然光線",50,"四岔路","交叉路口內","柏油","乾燥","良好","無號誌","無","未繪設快慢車道分隔線","有",25,"未使用",120.349311,23.905155,"彰化縣","芳苑鄉"
"其他","2021",5,8,11,"晴","日間自然光線",40,"彎曲路及附近","路肩、路緣","柏油","乾燥","良好","無號誌","雙向禁止超車線","未繪設快慢車道分隔線","有",18,"未使用",121.677618,24.937839,"新北市","石碇區"
"其他","2021",5,8,11,"晴","日間自然光線",40,"彎曲路及附近","路肩、路緣","柏油","乾燥","良好","無號誌","雙向禁止超車線","未繪設快慢車道分隔線","有",16,"非駕駛人",121.677618,24.937839,"新北市","石碇區"
"側撞","2021",5,8,11,"晴","日間自然光線",50,"直路","快車道","柏油","乾燥","良好","無號誌","雙向禁止超車線","未繪設快慢車道分隔線","有",58,"不明",120.526072,23.721391,"雲林縣","斗六市"
"側撞","2021",5,8,11,"晴","日間自然光線",50,"直路","快車道","柏油","乾燥","良好","無號誌","雙向禁止超車線","未繪設快慢車道分隔線","有",23,"不明",120.526072,23.721391,"雲林縣","斗六市"
"側撞","2021",5,8,11,"晴","日間自然光線",40,"四岔路","交叉口附近","柏油","乾燥","良好","正常","雙向禁止超車線","快慢車道分隔線","無",20,"未使用",120.328611,22.653993,"高雄市","三民區"
"側撞","2021",5,8,11,"晴","日間自然光線",40,"四岔路","交叉口附近","柏油","乾燥","良好","正常","雙向禁止超車線","快慢車道分隔線","無",82,"未使用",120.328611,22.653993,"高雄市","三民區"
"撞交通島","2021",5,8,17,"陰","日間自然光線",50,"彎曲路及附近","快車道","柏油","乾燥","良好","無號誌","中央分向島","快慢車道分隔線","有",1,"非駕駛人",121.143344,25.054691,"桃園市","觀音區"
"撞交通島","2021",5,8,17,"陰","日間自然光線",50,"彎曲路及附近","快車道","柏油","乾燥","良好","無號誌","中央分向島","快慢車道分隔線","有",27,"未使用",121.143344,25.054691,"桃園市","觀音區"
"穿越道路中","2021",5,8,22,"晴","夜間(或隧道、地下道、涵洞)有照明",50,"直路","一般車道(未劃分快慢車道)","柏油","乾燥","良好","無號誌","雙向禁止超車線","未繪設快慢車道分隔線","有",20,"未使用",121.291976,25.030272,"桃園市","蘆竹區"
"穿越道路中","2021",5,8,22,"晴","夜間(或隧道、地下道、涵洞)有照明",50,"直路","一般車道(未劃分快慢車道)","柏油","乾燥","良好","無號誌","雙向禁止超車線","未繪設快慢車道分隔線","有",55,"非駕駛人",121.291976,25.030272,"桃園市","蘆竹區"
"撞路樹、電桿","2021",5,9,1,"晴","夜間(或隧道、地下道、涵洞)有照明",50,"直路","一般車道(未劃分快慢車道)","柏油","乾燥","良好","無號誌","雙向禁止超車線","未繪設快慢車道分隔線","有",30,"不明",120.520357,24.122545,"彰化縣","和美鎮"
"撞號誌、標誌桿","2021",5,9,12,"晴","日間自然光線",50,"多岔路","交叉路口內","柏油","乾燥","良好","正常","雙向禁止超車線","快慢車道分隔線","有",43,"不明",120.253564,22.910337,"臺南市","仁德區"
"路口交岔撞","2021",5,9,14,"晴","日間自然光線",40,"四岔路","交叉路口內","柏油","乾燥","良好","無號誌","無","未繪設快慢車道分隔線","無",66,"未使用",120.1929,23.286624,"臺南市","學甲區"
"路口交岔撞","2021",5,9,14,"晴","日間自然光線",40,"四岔路","交叉路口內","柏油","乾燥","良好","無號誌","無","未繪設快慢車道分隔線","無",58,"未使用",120.1929,23.286624,"臺南市","學甲區"
"撞路樹、電桿","2021",5,9,18,"晴","晨或暮光",50,"直路","路肩、路緣","柏油","乾燥","良好","無號誌","單向禁止超車線","未繪設快慢車道分隔線","有",34,"未使用",120.119023,23.150047,"臺南市","七股區"
"衝出路外","2021",5,9,23,"陰","夜間(或隧道、地下道、涵洞)有照明",40,"直路","一般車道(未劃分快慢車道)","柏油","乾燥","良好","無號誌","雙向禁止超車線","未繪設快慢車道分隔線","有",21,"未使用",120.939764,23.888223,"南投縣","魚池鄉"
"衝出路外","2021",5,9,23,"陰","夜間(或隧道、地下道、涵洞)有照明",40,"直路","一般車道(未劃分快慢車道)","柏油","乾燥","良好","無號誌","雙向禁止超車線","未繪設快慢車道分隔線","有",21,"非駕駛人",120.939764,23.888223,"南投縣","魚池鄉"
"其他","2021",5,10,1,"晴","夜間(或隧道、地下道、涵洞)無照明",110,"直路","快車道","柏油","乾燥","良好","無號誌","中央分向島","未繪設快慢車道分隔線","有",34,"不明",120.286667,23.301615,"臺南市","新營區"
"其他","2021",5,10,1,"晴","夜間(或隧道、地下道、涵洞)無照明",110,"直路","快車道","柏油","乾燥","良好","無號誌","中央分向島","未繪設快慢車道分隔線","有",29,"未使用",120.286667,23.301615,"臺南市","新營區"
"其他","2021",5,10,1,"晴","夜間(或隧道、地下道、涵洞)無照明",110,"直路","快車道","柏油","乾燥","良好","無號誌","中央分向島","未繪設快慢車道分隔線","有",34,"不明",120.286667,23.301615,"臺南市","新營區"
"正越過平交道中","2021",5,10,7,"晴","日間自然光線",15,"有遮斷器","其他","無鋪裝","乾燥","良好","正常","無","未繪設快慢車道分隔線","無",35,"未使用",121.82113,24.856319,"宜蘭縣","頭城鎮"
"正越過平交道中","2021",5,10,7,"晴","日間自然光線",15,"有遮斷器","其他","無鋪裝","乾燥","良好","正常","無","未繪設快慢車道分隔線","無",87,"非駕駛人",121.82113,24.856319,"宜蘭縣","頭城鎮"
"同向擦撞","2021",5,10,8,"晴","日間自然光線",50,"三岔路","交叉口附近","柏油","乾燥","良好","正常","雙向禁止超車線","未繪設快慢車道分隔線","有",70,"未使用",120.461451,23.605202,"嘉義縣","大林鎮"
"同向擦撞","2021",5,10,8,"晴","日間自然光線",50,"三岔路","交叉口附近","柏油","乾燥","良好","正常","雙向禁止超車線","未繪設快慢車道分隔線","有",17,"未使用",120.461451,23.605202,"嘉義縣","大林鎮"
"同向擦撞","2021",5,10,8,"晴","日間自然光線",50,"三岔路","交叉口附近","柏油","乾燥","良好","正常","雙向禁止超車線","未繪設快慢車道分隔線","有",17,"非駕駛人",120.461451,23.605202,"嘉義縣","大林鎮"
"其他","2021",5,10,10,"晴","日間自然光線",60,"彎曲路及附近","一般車道(未劃分快慢車道)","柏油","乾燥","良好","無號誌","雙向禁止超車線","未繪設快慢車道分隔線","有",63,"不明",120.922306,23.931625,"南投縣","埔里鎮"
"其他","2021",5,10,11,"晴","日間自然光線",50,"直路","路肩、路緣","柏油","乾燥","良好","無號誌","雙向禁止超車線","快慢車道分隔線","有",58,"不明",121.401884,23.211924,"臺東縣","成功鎮"
"其他","2021",5,10,11,"晴","日間自然光線",50,"直路","路肩、路緣","柏油","乾燥","良好","無號誌","雙向禁止超車線","快慢車道分隔線","有",69,"不明",121.401884,23.211924,"臺東縣","成功鎮"
"同向擦撞","2021",5,10,14,"晴","日間自然光線",40,"直路","快車道","柏油","乾燥","良好","無號誌","雙向禁止超車線","快慢車道分隔線","有",63,"未使用",120.312899,23.296011,"臺南市","新營區"
"同向擦撞","2021",5,10,14,"晴","日間自然光線",40,"直路","快車道","柏油","乾燥","良好","無號誌","雙向禁止超車線","快慢車道分隔線","有",81,"未使用",120.312899,23.296011,"臺南市","新營區"
"路口交岔撞","2021",5,10,17,"晴","日間自然光線",30,"四岔路","交叉路口內","柏油","乾燥","良好","無號誌","無","未繪設快慢車道分隔線","無",61,"未使用",120.447459,23.72892,"雲林縣","虎尾鎮"
"路口交岔撞","2021",5,10,17,"晴","日間自然光線",30,"四岔路","交叉路口內","柏油","乾燥","良好","無號誌","無","未繪設快慢車道分隔線","無",58,"非駕駛人",120.447459,23.72892,"雲林縣","虎尾鎮"
"路口交岔撞","2021",5,10,17,"晴","日間自然光線",30,"四岔路","交叉路口內","柏油","乾燥","良好","無號誌","無","未繪設快慢車道分隔線","無",34,"未使用",120.447459,23.72892,"雲林縣","虎尾鎮"
"側撞","2021",5,10,18,"晴","夜間(或隧道、地下道、涵洞)有照明",50,"三岔路","交叉路口內","柏油","乾燥","良好","無號誌","雙向禁止超車線","未繪設快慢車道分隔線","有",62,"未使用",120.40831,22.593648,"高雄市","大寮區"
"側撞","2021",5,10,18,"晴","夜間(或隧道、地下道、涵洞)有照明",50,"三岔路","交叉路口內","柏油","乾燥","良好","無號誌","雙向禁止超車線","未繪設快慢車道分隔線","有",25,"未使用",120.40831,22.593648,"高雄市","大寮區"
"撞護欄(樁)","2021",5,10,20,"晴","夜間(或隧道、地下道、涵洞)有照明",50,"其他","一般車道(未劃分快慢車道)","柏油","乾燥","良好","無號誌","行車分向線","未繪設快慢車道分隔線","有",110,"",120.217378,22.825671,"高雄市","永安區"
"撞護欄(樁)","2021",5,10,20,"晴","夜間(或隧道、地下道、涵洞)有照明",50,"其他","一般車道(未劃分快慢車道)","柏油","乾燥","良好","無號誌","行車分向線","未繪設快慢車道分隔線","有",33,"不明",120.217378,22.825671,"高雄市","永安區"
"路上翻車、摔倒","2021",5,11,5,"晴","日間自然光線",70,"直路","一般車道(未劃分快慢車道)","柏油","乾燥","良好","無號誌","行車分向線","未繪設快慢車道分隔線","有",17,"未使用",120.818403,24.008664,"南投縣","國姓鄉"
"撞路樹、電桿","2021",5,11,7,"晴","日間自然光線",30,"彎曲路及附近","一般車道(未劃分快慢車道)","柏油","乾燥","良好","無號誌","雙向禁止超車線","未繪設快慢車道分隔線","無",58,"未使用",121.164241,24.907063,"桃園市","楊梅區"
"撞號誌、標誌桿","2021",5,11,11,"晴","日間自然光線",50,"彎曲路及附近","路肩、路緣","柏油","乾燥","良好","無號誌","無","未繪設快慢車道分隔線","有",46,"未使用",121.594367,24.012668,"花蓮縣","花蓮市"
"路上翻車、摔倒","2021",5,11,22,"晴","夜間(或隧道、地下道、涵洞)有照明",30,"直路","一般車道(未劃分快慢車道)","柏油","乾燥","良好","無號誌","無","未繪設快慢車道分隔線","有",36,"未使用",121.415173,25.087111,"新北市","五股區"
"撞號誌、標誌桿","2021",5,12,3,"晴","夜間(或隧道、地下道、涵洞)有照明",100,"橋樑","直線匝道","柏油","乾燥","良好","無號誌","中央分向島","未繪設快慢車道分隔線","有",19,"未使用",120.462496,23.662277,"雲林縣","斗南鎮"
"撞號誌、標誌桿","2021",5,12,3,"晴","夜間(或隧道、地下道、涵洞)有照明",100,"橋樑","直線匝道","柏油","乾燥","良好","無號誌","中央分向島","未繪設快慢車道分隔線","有",36,"非駕駛人",120.462496,23.662277,"雲林縣","斗南鎮"
"其他","2021",5,12,5,"晴","晨或暮光",90,"直路","一般車道(未劃分快慢車道)","柏油","乾燥","良好","無號誌","行車分向線","未繪設快慢車道分隔線","有",41,"不明",120.15683,23.567409,"雲林縣","口湖鄉"
"其他","2021",5,12,5,"晴","晨或暮光",90,"直路","一般車道(未劃分快慢車道)","柏油","乾燥","良好","無號誌","行車分向線","未繪設快慢車道分隔線","有",62,"未使用",120.15683,23.567409,"雲林縣","口湖鄉"
"其他","2021",5,12,5,"晴","晨或暮光",90,"直路","一般車道(未劃分快慢車道)","柏油","乾燥","良好","無號誌","行車分向線","未繪設快慢車道分隔線","有",47,"未使用",120.15683,23.567409,"雲林縣","口湖鄉"
"路口交岔撞","2021",5,12,6,"晴","日間自然光線",40,"四岔路","交叉路口內","柏油","乾燥","良好","無號誌","無","未繪設快慢車道分隔線","有",81,"不明",120.51909,23.813128,"彰化縣","溪州鄉"
"路口交岔撞","2021",5,12,6,"晴","日間自然光線",40,"四岔路","交叉路口內","柏油","乾燥","良好","無號誌","無","未繪設快慢車道分隔線","有",61,"不明",120.51909,23.813128,"彰化縣","溪州鄉"
"衝出路外","2021",5,12,6,"晴","日間自然光線",30,"坡路","一般車道(未劃分快慢車道)","柏油","乾燥","良好","無號誌","無","未繪設快慢車道分隔線","無",79,"未使用",120.714894,24.001001,"南投縣","草屯鎮"
"追撞","2021",5,12,7,"晴","日間自然光線",50,"直路","一般車道(未劃分快慢車道)","柏油","乾燥","良好","無號誌","雙向禁止超車線","未繪設快慢車道分隔線","有",85,"未使用",120.98372,24.639374,"苗栗縣","三灣鄉"
"追撞","2021",5,12,7,"晴","日間自然光線",50,"直路","一般車道(未劃分快慢車道)","柏油","乾燥","良好","無號誌","雙向禁止超車線","未繪設快慢車道分隔線","有",46,"未使用",120.98372,24.639374,"苗栗縣","三灣鄉"
"側撞","2021",5,12,7,"晴","日間自然光線",50,"三岔路","交叉路口內","柏油","乾燥","良好","正常","無","未繪設快慢車道分隔線","無",74,"未使用",121.165841,25.057894,"桃園市","大園區"
"側撞","2021",5,12,7,"晴","日間自然光線",50,"三岔路","交叉路口內","柏油","乾燥","良好","正常","無","未繪設快慢車道分隔線","無",41,"未使用",121.165841,25.057894,"桃園市","大園區"
"側撞","2021",5,12,8,"晴","日間自然光線",50,"多岔路","交叉路口內","柏油","乾燥","良好","正常","無","未繪設快慢車道分隔線","無",61,"不明",120.43853,23.442324,"嘉義市","西區"
"側撞","2021",5,12,8,"晴","日間自然光線",50,"多岔路","交叉路口內","柏油","乾燥","良好","正常","無","未繪設快慢車道分隔線","無",56,"未使用",120.43853,23.442324,"嘉義市","西區"
"撞護欄(樁)","2021",5,12,8,"晴","日間自然光線",50,"三岔路","交叉口附近","柏油","乾燥","不良","無號誌","雙向禁止超車線","未繪設快慢車道分隔線","有",66,"未使用",120.803048,24.234506,"臺中市","新社區"
"路口交岔撞","2021",5,12,9,"晴","日間自然光線",40,"四岔路","交叉路口內","柏油","乾燥","良好","無號誌","無","未繪設快慢車道分隔線","有",38,"未使用",120.438922,23.67331,"雲林縣","斗南鎮"
"路口交岔撞","2021",5,12,9,"晴","日間自然光線",40,"四岔路","交叉路口內","柏油","乾燥","良好","無號誌","無","未繪設快慢車道分隔線","有",75,"未使用",120.438922,23.67331,"雲林縣","斗南鎮"
"其他","2021",5,12,13,"晴","日間自然光線",30,"直路","其他","柏油","乾燥","良好","無號誌","無","未繪設快慢車道分隔線","無",74,"不明",120.285481,23.589053,"雲林縣","北港鎮"
"路口交岔撞","2021",5,12,18,"晴","夜間(或隧道、地下道、涵洞)有照明",30,"四岔路","交叉路口內","柏油","乾燥","良好","無號誌","無","未繪設快慢車道分隔線","有",55,"未使用",120.786215,24.476256,"苗栗縣","銅鑼鄉"
"路口交岔撞","2021",5,12,18,"晴","夜間(或隧道、地下道、涵洞)有照明",30,"四岔路","交叉路口內","柏油","乾燥","良好","無號誌","無","未繪設快慢車道分隔線","有",63,"未使用",120.786215,24.476256,"苗栗縣","銅鑼鄉"
"穿越道路中","2021",5,13,5,"晴","日間自然光線",50,"四岔路","交叉路口內","柏油","乾燥","良好","正常","無","未繪設快慢車道分隔線","無",80,"非駕駛人",121.515196,24.996749,"新北市","永和區"
"穿越道路中","2021",5,13,5,"晴","日間自然光線",50,"四岔路","交叉路口內","柏油","乾燥","良好","正常","無","未繪設快慢車道分隔線","無",47,"未使用",121.515196,24.996749,"新北市","永和區"
"路上翻車、摔倒","2021",5,13,15,"晴","日間自然光線",40,"三岔路","交叉路口內","柏油","乾燥","良好","正常","無","未繪設快慢車道分隔線","無",15,"未使用",120.514987,23.43169,"嘉義縣","中埔鄉"
"路上翻車、摔倒","2021",5,13,15,"晴","日間自然光線",40,"三岔路","交叉路口內","柏油","乾燥","良好","正常","無","未繪設快慢車道分隔線","無",15,"非駕駛人",120.514987,23.43169,"嘉義縣","中埔鄉"
"側撞","2021",5,13,17,"晴","日間自然光線",70,"直路","快車道","柏油","乾燥","良好","無號誌","中央分向島","快慢車道分隔線","有",27,"未使用",120.598734,22.377527,"屏東縣","枋寮鄉"
"側撞","2021",5,13,17,"晴","日間自然光線",70,"直路","快車道","柏油","乾燥","良好","無號誌","中央分向島","快慢車道分隔線","有",70,"未使用",120.598734,22.377527,"屏東縣","枋寮鄉"
"追撞","2021",5,14,3,"晴","夜間(或隧道、地下道、涵洞)無照明",110,"直路","快車道","柏油","乾燥","良好","無號誌","中央分向島","未繪設快慢車道分隔線","有",31,"未使用",120.593458,24.115535,"臺中市","烏日區"
"追撞","2021",5,14,3,"晴","夜間(或隧道、地下道、涵洞)無照明",110,"直路","快車道","柏油","乾燥","良好","無號誌","中央分向島","未繪設快慢車道分隔線","有",56,"未使用",120.593458,24.115535,"臺中市","烏日區"
"側撞","2021",5,14,11,"晴","日間自然光線",50,"四岔路","交叉口附近","柏油","乾燥","良好","無動作","無","未繪設快慢車道分隔線","無",83,"未使用",120.29132,22.968925,"臺南市","歸仁區"
"側撞","2021",5,14,11,"晴","日間自然光線",50,"四岔路","交叉口附近","柏油","乾燥","良好","無動作","無","未繪設快慢車道分隔線","無",27,"未使用",120.29132,22.968925,"臺南市","歸仁區"
"衝出路外","2021",5,14,12,"晴","日間自然光線",50,"直路","一般車道(未劃分快慢車道)","柏油","乾燥","良好","無號誌","雙向禁止超車線","未繪設快慢車道分隔線","有",32,"未使用",120.922541,24.311165,"臺中市","和平區"
"衝出路外","2021",5,14,12,"晴","日間自然光線",50,"直路","一般車道(未劃分快慢車道)","柏油","乾燥","良好","無號誌","雙向禁止超車線","未繪設快慢車道分隔線","有",2,"非駕駛人",120.922541,24.311165,"臺中市","和平區"
"側撞","2021",5,14,16,"晴","日間自然光線",50,"四岔路","交叉路口內","柏油","乾燥","良好","正常","無","未繪設快慢車道分隔線","無",43,"未使用",121.296967,23.25397,"花蓮縣","富里鄉"
"側撞","2021",5,14,16,"晴","日間自然光線",50,"四岔路","交叉路口內","柏油","乾燥","良好","正常","無","未繪設快慢車道分隔線","無",82,"未使用",121.296967,23.25397,"花蓮縣","富里鄉"
"追撞","2021",5,14,17,"晴","日間自然光線",50,"直路","一般車道(未劃分快慢車道)","柏油","乾燥","良好","無號誌","無","未繪設快慢車道分隔線","有",43,"不明",121.288052,25.020443,"桃園市","桃園區"
"追撞","2021",5,14,17,"晴","日間自然光線",50,"直路","一般車道(未劃分快慢車道)","柏油","乾燥","良好","無號誌","無","未繪設快慢車道分隔線","有",65,"未使用",121.288052,25.020443,"桃園市","桃園區"
"其他","2021",5,14,19,"晴","夜間(或隧道、地下道、涵洞)有照明",40,"直路","慢車道","柏油","乾燥","良好","無號誌","中央分向島","快慢車道分隔線","有",24,"未使用",121.44247,25.053583,"新北市","新莊區"
"其他","2021",5,14,19,"晴","夜間(或隧道、地下道、涵洞)有照明",40,"直路","慢車道","柏油","乾燥","良好","無號誌","中央分向島","快慢車道分隔線","有",58,"未使用",121.44247,25.053583,"新北市","新莊區"
"對撞","2021",5,14,21,"晴","夜間(或隧道、地下道、涵洞)有照明",50,"直路","一般車道(未劃分快慢車道)","柏油","乾燥","良好","無號誌","雙向禁止超車線","未繪設快慢車道分隔線","有",72,"未使用",120.326474,22.873935,"高雄市","阿蓮區"
"對撞","2021",5,14,21,"晴","夜間(或隧道、地下道、涵洞)有照明",50,"直路","一般車道(未劃分快慢車道)","柏油","乾燥","良好","無號誌","雙向禁止超車線","未繪設快慢車道分隔線","有",27,"未使用",120.326474,22.873935,"高雄市","阿蓮區"
"其他","2021",5,14,23,"晴","夜間(或隧道、地下道、涵洞)有照明",30,"三岔路","交叉口附近","柏油","乾燥","良好","無號誌","無","未繪設快慢車道分隔線","無",29,"未使用",120.919215,24.807998,"新竹市","香山區"
"其他","2021",5,14,23,"晴","夜間(或隧道、地下道、涵洞)有照明",30,"三岔路","交叉口附近","柏油","乾燥","良好","無號誌","無","未繪設快慢車道分隔線","無",44,"未使用",120.919215,24.807998,"新竹市","香山區"
"側撞","2021",5,15,11,"晴","日間自然光線",30,"四岔路","交叉路口內","柏油","乾燥","良好","無號誌","無","未繪設快慢車道分隔線","無",68,"未使用",120.352056,22.633541,"高雄市","鳳山區"
"側撞","2021",5,15,11,"晴","日間自然光線",30,"四岔路","交叉路口內","柏油","乾燥","良好","無號誌","無","未繪設快慢車道分隔線","無",73,"未使用",120.352056,22.633541,"高雄市","鳳山區"
"穿越道路中","2021",5,15,15,"晴","日間自然光線",60,"三岔路","交叉路口內","柏油","乾燥","良好","無號誌","中央分向島","未繪設快慢車道分隔線","有",25,"未使用",121.066335,24.785133,"新竹縣","竹北市"
"穿越道路中","2021",5,15,15,"晴","日間自然光線",60,"三岔路","交叉路口內","柏油","乾燥","良好","無號誌","中央分向島","未繪設快慢車道分隔線","有",88,"非駕駛人",121.066335,24.785133,"新竹縣","竹北市"
"撞路樹、電桿","2021",5,15,23,"晴","夜間(或隧道、地下道、涵洞)有照明",50,"直路","路肩、路緣","柏油","乾燥","良好","無號誌","行車分向線","未繪設快慢車道分隔線","有",63,"未使用",120.137781,23.028908,"臺南市","南區"
"撞路樹、電桿","2021",5,16,15,"晴","日間自然光線",60,"直路","一般車道(未劃分快慢車道)","柏油","乾燥","良好","無號誌","無","快慢車道分隔線","無",111,"",120.690268,24.074927,"臺中市","大里區"
"撞路樹、電桿","2021",5,16,15,"晴","日間自然光線",60,"直路","一般車道(未劃分快慢車道)","柏油","乾燥","良好","無號誌","無","快慢車道分隔線","無",111,"",120.690268,24.074927,"臺中市","大里區"
"撞路樹、電桿","2021",5,16,15,"晴","日間自然光線",60,"直路","一般車道(未劃分快慢車道)","柏油","乾燥","良好","無號誌","無","快慢車道分隔線","無",44,"不明",120.690268,24.074927,"臺中市","大里區"
"撞路樹、電桿","2021",5,16,15,"晴","日間自然光線",60,"直路","一般車道(未劃分快慢車道)","柏油","乾燥","良好","無號誌","無","快慢車道分隔線","無",32,"不明",120.690268,24.074927,"臺中市","大里區"
"穿越道路中","2021",5,17,4,"晴","晨或暮光",60,"三岔路","交叉口附近","柏油","乾燥","良好","無號誌","中央分向島","快慢車道分隔線","有",21,"不明",120.912465,24.761113,"新竹市","香山區"
"穿越道路中","2021",5,17,4,"晴","晨或暮光",60,"三岔路","交叉口附近","柏油","乾燥","良好","無號誌","中央分向島","快慢車道分隔線","有",86,"不明",120.912465,24.761113,"新竹市","香山區"
"側撞","2021",5,17,5,"晴","日間自然光線",50,"四岔路","交叉路口內","柏油","乾燥","良好","正常","雙向禁止超車線","未繪設快慢車道分隔線","有",84,"未使用",120.287342,23.328847,"臺南市","鹽水區"
"側撞","2021",5,17,5,"晴","日間自然光線",50,"四岔路","交叉路口內","柏油","乾燥","良好","正常","雙向禁止超車線","未繪設快慢車道分隔線","有",65,"未使用",120.287342,23.328847,"臺南市","鹽水區"
"側撞","2021",5,17,8,"晴","日間自然光線",30,"四岔路","交叉路口內","柏油","乾燥","良好","正常","無","未繪設快慢車道分隔線","有",31,"未使用",120.478184,22.64244,"屏東縣","屏東市"
"側撞","2021",5,17,8,"晴","日間自然光線",30,"四岔路","交叉路口內","柏油","乾燥","良好","正常","無","未繪設快慢車道分隔線","有",64,"未使用",120.478184,22.64244,"屏東縣","屏東市"
"側撞","2021",5,17,8,"晴","日間自然光線",30,"四岔路","交叉路口內","柏油","乾燥","良好","正常","無","未繪設快慢車道分隔線","有",47,"未使用",120.478184,22.64244,"屏東縣","屏東市"
"追撞","2021",5,17,15,"晴","日間自然光線",100,"直路","路肩、路緣","柏油","乾燥","良好","無號誌","中央分向島","未繪設快慢車道分隔線","有",48,"未使用",120.725635,24.006451,"臺中市","霧峰區"
"追撞","2021",5,17,15,"晴","日間自然光線",100,"直路","路肩、路緣","柏油","乾燥","良好","無號誌","中央分向島","未繪設快慢車道分隔線","有",53,"未使用",120.725635,24.006451,"臺中市","霧峰區"
"衝出路外","2021",5,17,16,"晴","日間自然光線",50,"直路","路肩、路緣","柏油","乾燥","良好","無號誌","行車分向線","未繪設快慢車道分隔線","有",69,"使用免持或未有礙駕駛安全",120.586659,22.398257,"屏東縣","枋寮鄉"