"事故類型及型態子類別名稱","發生年度","發生月份","發生日期","發生時間","天候名稱","光線名稱","速限.第1當事者","道路型態子類別名稱","事故位置子類別名稱","路面狀況.路面鋪裝名稱","路面狀況.路面狀態名稱","道路障礙.視距品質名稱","號誌.號誌動作名稱","車道劃分設施.分向設施大類別名稱","車道劃分設施.分道設施.快慢車道間名稱","車道劃分設施.分道設施.路面邊線名稱","當事者事故發生時年齡","行動電話或電腦或其他相類功能裝置名稱","經度","緯度","縣市","鄉鎮"
"其他","2021",5,17,16,"晴","日間自然光線",50,"多岔路","交叉口附近","柏油","乾燥","良好","正常","雙向禁止超車線","未繪設快慢車道分隔線","有",39,"未使用",121.429414,25.021668,"新北市","新莊區"
"其他","2021",5,17,16,"晴","日間自然光線",50,"多岔路","交叉口附近","柏油","乾燥","良好","正常","雙向禁止超車線","未繪設快慢車道分隔線","有",77,"非駕駛人",121.429414,25.021668,"新北市","新莊區"
"路口交岔撞","2021",5,17,17,"晴","日間自然光線",50,"四岔路","交叉路口內","柏油","乾燥","良好","正常","無","未繪設快慢車道分隔線","無",70,"未使用",121.113841,22.761635,"臺東縣","臺東市"
"路口交岔撞","2021",5,17,17,"晴","日間自然光線",50,"四岔路","交叉路口內","柏油","乾燥","良好","正常","無","未繪設快慢車道分隔線","無",27,"未使用",121.113841,22.761635,"臺東縣","臺東市"
"撞護欄(樁)","2021",5,17,23,"陰","夜間(或隧道、地下道、涵洞)有照明",50,"彎曲路及附近","路肩、路緣","柏油","乾燥","良好","無號誌","雙向禁止超車線","未繪設快慢車道分隔線","有",12,"未使用",120.477635,22.672427,"屏東縣","屏東市"
"其他","2021",5,18,13,"晴","日間自然光線",110,"直路","快車道","柏油","乾燥","良好","無號誌","中央分向島","未繪設快慢車道分隔線","有",28,"未使用",120.494951,23.490193,"嘉義市","東區"
"其他","2021",5,18,13,"晴","日間自然光線",110,"直路","快車道","柏油","乾燥","良好","無號誌","中央分向島","未繪設快慢車道分隔線","有",48,"不明",120.494951,23.490193,"嘉義市","東區"
"側撞","2021",5,18,18,"晴","晨或暮光",40,"三岔路","交叉口附近","柏油","乾燥","良好","無號誌","雙向禁止超車線","快慢車道分隔線","有",82,"未使用",120.117431,23.137197,"臺南市","七股區"
"側撞","2021",5,18,18,"晴","晨或暮光",40,"三岔路","交叉口附近","柏油","乾燥","良好","無號誌","雙向禁止超車線","快慢車道分隔線","有",69,"未使用",120.117431,23.137197,"臺南市","七股區"
"側撞","2021",5,18,19,"晴","日間自然光線",30,"三岔路","交叉口附近","柏油","乾燥","良好","無號誌","無","未繪設快慢車道分隔線","有",68,"未使用",120.617799,22.759849,"屏東縣","高樹鄉"
"側撞","2021",5,18,19,"晴","日間自然光線",30,"三岔路","交叉口附近","柏油","乾燥","良好","無號誌","無","未繪設快慢車道分隔線","有",23,"未使用",120.617799,22.759849,"屏東縣","高樹鄉"
"側撞","2021",5,18,20,"陰","夜間(或隧道、地下道、涵洞)有照明",50,"三岔路","交叉路口內","柏油","乾燥","良好","無號誌","雙向禁止超車線","未繪設快慢車道分隔線","有",47,"未使用",120.677469,23.988383,"南投縣","草屯鎮"
"側撞","2021",5,18,20,"陰","夜間(或隧道、地下道、涵洞)有照明",50,"三岔路","交叉路口內","柏油","乾燥","良好","無號誌","雙向禁止超車線","未繪設快慢車道分隔線","有",18,"未使用",120.677469,23.988383,"南投縣","草屯鎮"
"撞路樹、電桿","2021",5,19,5,"晴","晨或暮光",50,"直路","路肩、路緣","柏油","乾燥","良好","無號誌","行車分向線","快慢車道分隔線","有",20,"不明",120.677887,24.387553,"苗栗縣","苑裡鎮"
"同向擦撞","2021",5,19,6,"晴","日間自然光線",70,"直路","慢車道","柏油","乾燥","良好","無號誌","中央分向島","快慢車道分隔線","有",69,"不明",120.643964,22.293113,"屏東縣","枋山鄉"
"同向擦撞","2021",5,19,6,"晴","日間自然光線",70,"直路","慢車道","柏油","乾燥","良好","無號誌","中央分向島","快慢車道分隔線","有",20,"未使用",120.643964,22.293113,"屏東縣","枋山鄉"
"同向擦撞","2021",5,19,6,"晴","日間自然光線",70,"直路","慢車道","柏油","乾燥","良好","無號誌","中央分向島","快慢車道分隔線","有",65,"未使用",120.643964,22.293113,"屏東縣","枋山鄉"
"路口交岔撞","2021",5,19,6,"晴","日間自然光線",50,"三岔路","交叉路口內","柏油","乾燥","良好","正常","無","未繪設快慢車道分隔線","無",39,"未使用",120.281876,23.062297,"臺南市","新市區"
"路口交岔撞","2021",5,19,6,"晴","日間自然光線",50,"三岔路","交叉路口內","柏油","乾燥","良好","正常","無","未繪設快慢車道分隔線","無",38,"未使用",120.281876,23.062297,"臺南市","新市區"
"側撞","2021",5,19,8,"晴","日間自然光線",60,"三岔路","交叉路口內","柏油","乾燥","良好","正常","無","未繪設快慢車道分隔線","有",53,"未使用",120.359667,23.096719,"臺南市","山上區"
"側撞","2021",5,19,8,"晴","日間自然光線",60,"三岔路","交叉路口內","柏油","乾燥","良好","正常","無","未繪設快慢車道分隔線","有",72,"未使用",120.359667,23.096719,"臺南市","山上區"
"路口交岔撞","2021",5,19,10,"晴","日間自然光線",30,"四岔路","交叉路口內","柏油","乾燥","良好","無號誌","無","未繪設快慢車道分隔線","無",76,"未使用",120.671082,23.948673,"南投縣","草屯鎮"
"路口交岔撞","2021",5,19,10,"晴","日間自然光線",30,"四岔路","交叉路口內","柏油","乾燥","良好","無號誌","無","未繪設快慢車道分隔線","無",29,"未使用",120.671082,23.948673,"南投縣","草屯鎮"
"撞護欄(樁)","2021",5,19,12,"晴","日間自然光線",40,"其他","環道匝道","柏油","乾燥","良好","無號誌","無","未繪設快慢車道分隔線","有",25,"不明",120.177399,23.694194,"雲林縣","四湖鄉"
"其他","2021",5,19,17,"晴","日間自然光線",40,"直路","慢車道","柏油","乾燥","良好","無號誌","中央分向島","快慢車道分隔線","無",60,"不明",121.598557,25.05103,"臺北市","南港區"
"側撞","2021",5,20,10,"晴","日間自然光線",30,"三岔路","交叉路口內","柏油","乾燥","良好","無號誌","無","未繪設快慢車道分隔線","無",62,"未使用",121.741774,24.765705,"宜蘭縣","宜蘭市"
"側撞","2021",5,20,10,"晴","日間自然光線",30,"三岔路","交叉路口內","柏油","乾燥","良好","無號誌","無","未繪設快慢車道分隔線","無",78,"未使用",121.741774,24.765705,"宜蘭縣","宜蘭市"
"側撞","2021",5,20,11,"晴","日間自然光線",50,"三岔路","交叉路口內","柏油","乾燥","良好","無號誌","雙向禁止超車線","未繪設快慢車道分隔線","有",46,"不明",121.447698,25.083632,"新北市","五股區"
"側撞","2021",5,20,11,"晴","日間自然光線",50,"三岔路","交叉路口內","柏油","乾燥","良好","無號誌","雙向禁止超車線","未繪設快慢車道分隔線","有",67,"未使用",121.447698,25.083632,"新北市","五股區"
"追撞","2021",5,20,13,"晴","日間自然光線",50,"三岔路","交叉口附近","柏油","乾燥","良好","正常","中央分向島","未繪設快慢車道分隔線","有",41,"未使用",120.38742,23.496098,"嘉義縣","太保市"
"追撞","2021",5,20,13,"晴","日間自然光線",50,"三岔路","交叉口附近","柏油","乾燥","良好","正常","中央分向島","未繪設快慢車道分隔線","有",51,"未使用",120.38742,23.496098,"嘉義縣","太保市"
"追撞","2021",5,20,15,"晴","日間自然光線",60,"直路","快車道","柏油","乾燥","良好","正常","雙向禁止超車線","快慢車道分隔線","有",41,"不明",120.315631,23.560968,"嘉義縣","新港鄉"
"追撞","2021",5,20,15,"晴","日間自然光線",60,"直路","快車道","柏油","乾燥","良好","正常","雙向禁止超車線","快慢車道分隔線","有",36,"未使用",120.315631,23.560968,"嘉義縣","新港鄉"
"路口交岔撞","2021",5,20,17,"晴","日間自然光線",40,"四岔路","交叉路口內","柏油","乾燥","良好","正常","無","未繪設快慢車道分隔線","有",23,"不明",120.468392,24.085358,"彰化縣","鹿港鎮"
"路口交岔撞","2021",5,20,17,"晴","日間自然光線",40,"四岔路","交叉路口內","柏油","乾燥","良好","正常","無","未繪設快慢車道分隔線","有",16,"不明",120.468392,24.085358,"彰化縣","鹿港鎮"
"路口交岔撞","2021",5,20,17,"晴","日間自然光線",40,"四岔路","交叉路口內","柏油","乾燥","良好","正常","無","未繪設快慢車道分隔線","有",16,"不明",120.468392,24.085358,"彰化縣","鹿港鎮"
"其他","2021",5,21,4,"陰","夜間(或隧道、地下道、涵洞)無照明",40,"直路","一般車道(未劃分快慢車道)","柏油","乾燥","良好","無號誌","無","未繪設快慢車道分隔線","無",47,"不明",121.287824,23.27476,"花蓮縣","玉里鎮"
"其他","2021",5,21,4,"陰","夜間(或隧道、地下道、涵洞)無照明",40,"直路","一般車道(未劃分快慢車道)","柏油","乾燥","良好","無號誌","無","未繪設快慢車道分隔線","無",59,"非駕駛人",121.287824,23.27476,"花蓮縣","玉里鎮"
"其他","2021",5,21,5,"晴","日間自然光線",50,"四岔路","交叉路口內","柏油","乾燥","良好","正常","雙向禁止超車線","未繪設快慢車道分隔線","有",52,"未使用",121.014827,24.820777,"新竹縣","竹北市"
"其他","2021",5,21,5,"晴","日間自然光線",50,"四岔路","交叉路口內","柏油","乾燥","良好","正常","雙向禁止超車線","未繪設快慢車道分隔線","有",51,"非駕駛人",121.014827,24.820777,"新竹縣","竹北市"
"佇立路邊(外)","2021",5,21,13,"晴","日間自然光線",50,"直路","一般車道(未劃分快慢車道)","柏油","乾燥","良好","無號誌","無","未繪設快慢車道分隔線","無",58,"不明",121.429202,25.069413,"新北市","五股區"
"佇立路邊(外)","2021",5,21,13,"晴","日間自然光線",50,"直路","一般車道(未劃分快慢車道)","柏油","乾燥","良好","無號誌","無","未繪設快慢車道分隔線","無",60,"不明",121.429202,25.069413,"新北市","五股區"
"佇立路邊(外)","2021",5,21,13,"晴","日間自然光線",50,"直路","一般車道(未劃分快慢車道)","柏油","乾燥","良好","無號誌","無","未繪設快慢車道分隔線","無",58,"不明",121.429202,25.069413,"新北市","五股區"
"佇立路邊(外)","2021",5,21,13,"晴","日間自然光線",50,"直路","一般車道(未劃分快慢車道)","柏油","乾燥","良好","無號誌","無","未繪設快慢車道分隔線","無",60,"非駕駛人",121.429202,25.069413,"新北市","五股區"
"對向通行中","2021",5,21,16,"晴","日間自然光線",50,"四岔路","交叉路口內","柏油","乾燥","良好","正常","雙向禁止超車線","未繪設快慢車道分隔線","有",80,"非駕駛人",120.316341,23.318182,"臺南市","新營區"
"對向通行中","2021",5,21,16,"晴","日間自然光線",50,"四岔路","交叉路口內","柏油","乾燥","良好","正常","雙向禁止超車線","未繪設快慢車道分隔線","有",54,"未使用",120.316341,23.318182,"臺南市","新營區"
"側撞","2021",5,21,20,"晴","夜間(或隧道、地下道、涵洞)有照明",110,"直路","快車道","柏油","乾燥","良好","無號誌","中央分向島","未繪設快慢車道分隔線","有",25,"未使用",121.077315,24.762436,"新竹縣","竹東鎮"
"側撞","2021",5,21,20,"晴","夜間(或隧道、地下道、涵洞)有照明",110,"直路","快車道","柏油","乾燥","良好","無號誌","中央分向島","未繪設快慢車道分隔線","有",27,"未使用",121.077315,24.762436,"新竹縣","竹東鎮"
"側撞","2021",5,21,20,"晴","夜間(或隧道、地下道、涵洞)有照明",110,"直路","快車道","柏油","乾燥","良好","無號誌","中央分向島","未繪設快慢車道分隔線","有",38,"未使用",121.077315,24.762436,"新竹縣","竹東鎮"
"側撞","2021",5,21,20,"晴","夜間(或隧道、地下道、涵洞)有照明",110,"直路","快車道","柏油","乾燥","良好","無號誌","中央分向島","未繪設快慢車道分隔線","有",42,"未使用",121.077315,24.762436,"新竹縣","竹東鎮"
"側撞","2021",5,21,20,"晴","夜間(或隧道、地下道、涵洞)有照明",110,"直路","快車道","柏油","乾燥","良好","無號誌","中央分向島","未繪設快慢車道分隔線","有",36,"未使用",121.077315,24.762436,"新竹縣","竹東鎮"
"側撞","2021",5,21,20,"晴","夜間(或隧道、地下道、涵洞)有照明",110,"直路","快車道","柏油","乾燥","良好","無號誌","中央分向島","未繪設快慢車道分隔線","有",24,"未使用",121.077315,24.762436,"新竹縣","竹東鎮"
"路口交岔撞","2021",5,22,4,"晴","日間自然光線",50,"四岔路","交叉路口內","柏油","乾燥","良好","正常","行車分向線","未繪設快慢車道分隔線","有",32,"不明",120.394914,23.936865,"彰化縣","二林鎮"
"路口交岔撞","2021",5,22,4,"晴","日間自然光線",50,"四岔路","交叉路口內","柏油","乾燥","良好","正常","行車分向線","未繪設快慢車道分隔線","有",36,"不明",120.394914,23.936865,"彰化縣","二林鎮"
"撞護欄(樁)","2021",5,22,11,"晴","日間自然光線",50,"橋樑","一般車道(未劃分快慢車道)","柏油","乾燥","良好","無號誌","雙向禁止超車線","未繪設快慢車道分隔線","無",67,"不明",121.582633,25.054483,"臺北市","內湖區"
"對撞","2021",5,22,22,"晴","夜間(或隧道、地下道、涵洞)有照明",40,"直路","一般車道(未劃分快慢車道)","柏油","乾燥","良好","無號誌","無","未繪設快慢車道分隔線","有",52,"未使用",120.495306,23.874511,"彰化縣","埤頭鄉"
"對撞","2021",5,22,22,"晴","夜間(或隧道、地下道、涵洞)有照明",40,"直路","一般車道(未劃分快慢車道)","柏油","乾燥","良好","無號誌","無","未繪設快慢車道分隔線","有",30,"未使用",120.495306,23.874511,"彰化縣","埤頭鄉"
"其他","2021",5,23,1,"晴","夜間(或隧道、地下道、涵洞)有照明",50,"彎曲路及附近","一般車道(未劃分快慢車道)","柏油","乾燥","良好","無號誌","中央分向島","未繪設快慢車道分隔線","有",87,"未使用",121.67221,25.065983,"新北市","汐止區"
"其他","2021",5,23,1,"晴","夜間(或隧道、地下道、涵洞)有照明",50,"彎曲路及附近","一般車道(未劃分快慢車道)","柏油","乾燥","良好","無號誌","中央分向島","未繪設快慢車道分隔線","有",21,"未使用",121.67221,25.065983,"新北市","汐止區"
"其他","2021",5,23,4,"晴","夜間(或隧道、地下道、涵洞)有照明",100,"直路","快車道","柏油","乾燥","良好","無號誌","中央分向島","未繪設快慢車道分隔線","有",65,"非駕駛人",120.337037,22.617258,"高雄市","鳳山區"
"其他","2021",5,23,4,"晴","夜間(或隧道、地下道、涵洞)有照明",100,"直路","快車道","柏油","乾燥","良好","無號誌","中央分向島","未繪設快慢車道分隔線","有",38,"未使用",120.337037,22.617258,"高雄市","鳳山區"
"其他","2021",5,23,4,"晴","夜間(或隧道、地下道、涵洞)有照明",100,"直路","快車道","柏油","乾燥","良好","無號誌","中央分向島","未繪設快慢車道分隔線","有",67,"未使用",120.337037,22.617258,"高雄市","鳳山區"
"其他","2021",5,23,8,"晴","日間自然光線",40,"坡路","一般車道(未劃分快慢車道)","柏油","乾燥","良好","無號誌","雙向禁止超車線","未繪設快慢車道分隔線","有",29,"未使用",121.345154,25.065914,"桃園市","蘆竹區"
"撞路樹、電桿","2021",5,23,12,"晴","日間自然光線",50,"直路","路肩、路緣","柏油","乾燥","良好","無號誌","雙向禁止超車線","快慢車道分隔線","有",72,"未使用",120.512795,23.490211,"嘉義縣","竹崎鄉"
"側撞","2021",5,23,12,"晴","日間自然光線",50,"直路","一般車道(未劃分快慢車道)","柏油","乾燥","良好","無號誌","雙向禁止超車線","未繪設快慢車道分隔線","有",18,"不明",121.546022,24.949787,"新北市","新店區"
"側撞","2021",5,23,12,"晴","日間自然光線",50,"直路","一般車道(未劃分快慢車道)","柏油","乾燥","良好","無號誌","雙向禁止超車線","未繪設快慢車道分隔線","有",55,"未使用",121.546022,24.949787,"新北市","新店區"
"撞路樹、電桿","2021",5,23,18,"晴","夜間(或隧道、地下道、涵洞)有照明",50,"彎曲路及附近","路肩、路緣","柏油","乾燥","良好","無號誌","雙向禁止超車線","未繪設快慢車道分隔線","有",23,"未使用",121.257936,24.779685,"新竹縣","關西鎮"
"路上翻車、摔倒","2021",5,23,21,"晴","夜間(或隧道、地下道、涵洞)有照明",40,"直路","一般車道(未劃分快慢車道)","柏油","乾燥","良好","無號誌","無","未繪設快慢車道分隔線","有",110,"",120.5418,22.86906,"高雄市","美濃區"
"路上翻車、摔倒","2021",5,23,21,"晴","夜間(或隧道、地下道、涵洞)有照明",40,"直路","一般車道(未劃分快慢車道)","柏油","乾燥","良好","無號誌","無","未繪設快慢車道分隔線","有",40,"未使用",120.5418,22.86906,"高雄市","美濃區"
"穿越道路中","2021",5,24,6,"晴","日間自然光線",50,"直路","一般車道(未劃分快慢車道)","柏油","乾燥","良好","無號誌","行車分向線","未繪設快慢車道分隔線","有",22,"未使用",121.03339,24.867717,"新竹縣","湖口鄉"
"穿越道路中","2021",5,24,6,"晴","日間自然光線",50,"直路","一般車道(未劃分快慢車道)","柏油","乾燥","良好","無號誌","行車分向線","未繪設快慢車道分隔線","有",78,"非駕駛人",121.03339,24.867717,"新竹縣","湖口鄉"
"撞護欄(樁)","2021",5,24,8,"晴","日間自然光線",50,"直路","一般車道(未劃分快慢車道)","柏油","乾燥","良好","無號誌","中央分向島","未繪設快慢車道分隔線","有",53,"未使用",121.499881,25.008991,"新北市","永和區"
"撞路樹、電桿","2021",5,24,11,"晴","日間自然光線",50,"彎曲路及附近","路肩、路緣","柏油","乾燥","不良","無號誌","行車分向線","未繪設快慢車道分隔線","有",23,"未使用",121.212797,25.041087,"桃園市","大園區"
"追撞","2021",5,24,16,"晴","日間自然光線",50,"直路","一般車道(未劃分快慢車道)","柏油","乾燥","良好","無號誌","雙向禁止超車線","未繪設快慢車道分隔線","有",48,"未使用",120.5879,23.08809,"高雄市","甲仙區"
"追撞","2021",5,24,16,"晴","日間自然光線",50,"直路","一般車道(未劃分快慢車道)","柏油","乾燥","良好","無號誌","雙向禁止超車線","未繪設快慢車道分隔線","有",12,"未使用",120.5879,23.08809,"高雄市","甲仙區"
"撞護欄(樁)","2021",5,24,21,"晴","夜間(或隧道、地下道、涵洞)無照明",110,"直路","快車道","柏油","乾燥","良好","無號誌","中央分向島","未繪設快慢車道分隔線","有",19,"未使用",121.147636,24.80671,"新竹縣","關西鎮"
"撞護欄(樁)","2021",5,24,21,"晴","夜間(或隧道、地下道、涵洞)無照明",110,"直路","快車道","柏油","乾燥","良好","無號誌","中央分向島","未繪設快慢車道分隔線","有",29,"未使用",121.147636,24.80671,"新竹縣","關西鎮"
"撞護欄(樁)","2021",5,24,21,"晴","夜間(或隧道、地下道、涵洞)無照明",110,"直路","快車道","柏油","乾燥","良好","無號誌","中央分向島","未繪設快慢車道分隔線","有",36,"未使用",121.147636,24.80671,"新竹縣","關西鎮"
"撞護欄(樁)","2021",5,24,21,"晴","夜間(或隧道、地下道、涵洞)無照明",110,"直路","快車道","柏油","乾燥","良好","無號誌","中央分向島","未繪設快慢車道分隔線","有",52,"非駕駛人",121.147636,24.80671,"新竹縣","關西鎮"
"撞護欄(樁)","2021",5,24,21,"晴","夜間(或隧道、地下道、涵洞)無照明",110,"直路","快車道","柏油","乾燥","良好","無號誌","中央分向島","未繪設快慢車道分隔線","有",33,"未使用",121.147636,24.80671,"新竹縣","關西鎮"
"撞路樹、電桿","2021",5,25,6,"晴","日間自然光線",30,"彎曲路及附近","一般車道(未劃分快慢車道)","柏油","乾燥","良好","無號誌","無","未繪設快慢車道分隔線","無",72,"未使用",120.348724,23.422742,"嘉義縣","鹿草鄉"
"側撞","2021",5,25,10,"晴","日間自然光線",50,"四岔路","交叉路口內","柏油","乾燥","良好","正常","無","未繪設快慢車道分隔線","無",55,"未使用",120.205117,22.99894,"臺南市","北區"
"側撞","2021",5,25,10,"晴","日間自然光線",50,"四岔路","交叉路口內","柏油","乾燥","良好","正常","無","未繪設快慢車道分隔線","無",80,"未使用",120.205117,22.99894,"臺南市","北區"
"側撞","2021",5,25,10,"晴","日間自然光線",50,"四岔路","交叉路口內","柏油","乾燥","良好","正常","無","未繪設快慢車道分隔線","無",82,"未使用",120.205117,22.99894,"臺南市","北區"
"追撞","2021",5,25,12,"晴","日間自然光線",50,"直路","快車道","柏油","乾燥","良好","無號誌","行車分向線","快慢車道分隔線","有",37,"不明",120.342994,22.732372,"高雄市","大社區"
"追撞","2021",5,25,12,"晴","日間自然光線",50,"直路","快車道","柏油","乾燥","良好","無號誌","行車分向線","快慢車道分隔線","有",44,"不明",120.342994,22.732372,"高雄市","大社區"
"追撞","2021",5,25,12,"晴","日間自然光線",50,"直路","快車道","柏油","乾燥","良好","無號誌","行車分向線","快慢車道分隔線","有",28,"不明",120.342994,22.732372,"高雄市","大社區"
"追撞","2021",5,25,12,"晴","日間自然光線",50,"直路","快車道","柏油","乾燥","良好","無號誌","行車分向線","快慢車道分隔線","有",28,"不明",120.342994,22.732372,"高雄市","大社區"
"追撞","2021",5,25,12,"晴","日間自然光線",50,"直路","快車道","柏油","乾燥","良好","無號誌","行車分向線","快慢車道分隔線","有",62,"未使用",120.342994,22.732372,"高雄市","大社區"
"追撞","2021",5,25,12,"晴","日間自然光線",50,"直路","快車道","柏油","乾燥","良好","無號誌","行車分向線","快慢車道分隔線","有",61,"未使用",120.342994,22.732372,"高雄市","大社區"
"追撞","2021",5,25,12,"晴","日間自然光線",50,"直路","快車道","柏油","乾燥","良好","無號誌","行車分向線","快慢車道分隔線","有",19,"未使用",120.342994,22.732372,"高雄市","大社區"
"追撞","2021",5,25,12,"晴","日間自然光線",50,"直路","快車道","柏油","乾燥","良好","無號誌","行車分向線","快慢車道分隔線","有",26,"非駕駛人",120.342994,22.732372,"高雄市","大社區"
"追撞","2021",5,25,12,"晴","日間自然光線",50,"直路","快車道","柏油","乾燥","良好","無號誌","行車分向線","快慢車道分隔線","有",56,"未使用",120.342994,22.732372,"高雄市","大社區"
"追撞","2021",5,25,12,"晴","日間自然光線",50,"直路","快車道","柏油","乾燥","良好","無號誌","行車分向線","快慢車道分隔線","有",42,"未使用",120.342994,22.732372,"高雄市","大社區"
"追撞","2021",5,25,12,"晴","日間自然光線",50,"直路","快車道","柏油","乾燥","良好","無號誌","行車分向線","快慢車道分隔線","有",30,"未使用",120.342994,22.732372,"高雄市","大社區"
"追撞","2021",5,25,12,"晴","日間自然光線",50,"直路","快車道","柏油","乾燥","良好","無號誌","行車分向線","快慢車道分隔線","有",25,"未使用",120.342994,22.732372,"高雄市","大社區"
"追撞","2021",5,25,12,"晴","日間自然光線",50,"直路","快車道","柏油","乾燥","良好","無號誌","行車分向線","快慢車道分隔線","有",48,"未使用",120.342994,22.732372,"高雄市","大社區"
"追撞","2021",5,25,12,"晴","日間自然光線",50,"直路","快車道","柏油","乾燥","良好","無號誌","行車分向線","快慢車道分隔線","有",68,"未使用",120.342994,22.732372,"高雄市","大社區"
"追撞","2021",5,25,12,"晴","日間自然光線",50,"直路","快車道","柏油","乾燥","良好","無號誌","行車分向線","快慢車道分隔線","有",58,"未使用",120.342994,22.732372,"高雄市","大社區"
"側撞","2021",5,25,20,"晴","夜間(或隧道、地下道、涵洞)有照明",50,"直路","一般車道(未劃分快慢車道)","柏油","乾燥","良好","無號誌","雙向禁止超車線","未繪設快慢車道分隔線","有",58,"不明",120.823965,24.310322,"苗栗縣","卓蘭鎮"
"側撞","2021",5,25,20,"晴","夜間(或隧道、地下道、涵洞)有照明",50,"直路","一般車道(未劃分快慢車道)","柏油","乾燥","良好","無號誌","雙向禁止超車線","未繪設快慢車道分隔線","有",66,"未使用",120.823965,24.310322,"苗栗縣","卓蘭鎮"
"對向通行中","2021",5,26,1,"晴","夜間(或隧道、地下道、涵洞)有照明",70,"直路","快車道","柏油","乾燥","良好","無號誌","中央分向島","快慢車道分隔線","有",87,"未使用",120.485072,22.63419,"屏東縣","屏東市"
"對向通行中","2021",5,26,1,"晴","夜間(或隧道、地下道、涵洞)有照明",70,"直路","快車道","柏油","乾燥","良好","無號誌","中央分向島","快慢車道分隔線","有",63,"未使用",120.485072,22.63419,"屏東縣","屏東市"
"撞路樹、電桿","2021",5,26,2,"晴","夜間(或隧道、地下道、涵洞)有照明",50,"直路","一般車道(未劃分快慢車道)","柏油","乾燥","良好","無號誌","雙向禁止超車線","未繪設快慢車道分隔線","有",22,"未使用",120.451622,23.700479,"雲林縣","虎尾鎮"
"衝出路外","2021",5,26,6,"晴","日間自然光線",50,"彎曲路及附近","路肩、路緣","柏油","乾燥","良好","無號誌","雙向禁止超車線","未繪設快慢車道分隔線","有",39,"不明",121.064659,24.706351,"新竹縣","北埔鄉"
"衝出路外","2021",5,26,6,"晴","日間自然光線",50,"彎曲路及附近","路肩、路緣","柏油","乾燥","良好","無號誌","雙向禁止超車線","未繪設快慢車道分隔線","有",45,"不明",121.064659,24.706351,"新竹縣","北埔鄉"
"撞路樹、電桿","2021",5,26,13,"晴","日間自然光線",30,"直路","一般車道(未劃分快慢車道)","柏油","乾燥","良好","無號誌","無","未繪設快慢車道分隔線","有",23,"不明",120.343416,23.735315,"雲林縣","褒忠鄉"
"倒車撞","2021",5,26,20,"陰","夜間(或隧道、地下道、涵洞)有照明",40,"直路","慢車道","柏油","乾燥","良好","無號誌","中央分向島","快慢車道分隔線","有",24,"不明",120.20873,23.089265,"臺南市","安定區"
"倒車撞","2021",5,26,20,"陰","夜間(或隧道、地下道、涵洞)有照明",40,"直路","慢車道","柏油","乾燥","良好","無號誌","中央分向島","快慢車道分隔線","有",38,"未使用",120.20873,23.089265,"臺南市","安定區"
"其他","2021",5,27,13,"晴","日間自然光線",40,"彎曲路及附近","一般車道(未劃分快慢車道)","柏油","乾燥","不良","無號誌","雙向禁止超車線","未繪設快慢車道分隔線","有",41,"未使用",121.684445,24.945417,"新北市","坪林區"
"其他","2021",5,27,13,"晴","日間自然光線",40,"彎曲路及附近","一般車道(未劃分快慢車道)","柏油","乾燥","不良","無號誌","雙向禁止超車線","未繪設快慢車道分隔線","有",40,"未使用",121.684445,24.945417,"新北市","坪林區"
"側撞","2021",5,27,14,"晴","日間自然光線",50,"三岔路","交叉口附近","柏油","乾燥","良好","正常","中央分向島","未繪設快慢車道分隔線","有",82,"不明",121.501261,25.090454,"臺北市","士林區"
"側撞","2021",5,27,14,"晴","日間自然光線",50,"三岔路","交叉口附近","柏油","乾燥","良好","正常","中央分向島","未繪設快慢車道分隔線","有",37,"不明",121.501261,25.090454,"臺北市","士林區"
"側撞","2021",5,27,14,"晴","日間自然光線",50,"三岔路","交叉口附近","柏油","乾燥","良好","正常","中央分向島","未繪設快慢車道分隔線","有",84,"非駕駛人",121.501261,25.090454,"臺北市","士林區"
"其他","2021",5,27,21,"晴","夜間(或隧道、地下道、涵洞)有照明",50,"直路","一般車道(未劃分快慢車道)","柏油","乾燥","良好","無號誌","中央分向島","未繪設快慢車道分隔線","有",48,"不明",121.258083,24.942742,"桃園市","中壢區"
"其他","2021",5,27,21,"晴","夜間(或隧道、地下道、涵洞)有照明",50,"直路","一般車道(未劃分快慢車道)","柏油","乾燥","良好","無號誌","中央分向島","未繪設快慢車道分隔線","有",25,"未使用",121.258083,24.942742,"桃園市","中壢區"
"路上翻車、摔倒","2021",5,27,23,"晴","夜間(或隧道、地下道、涵洞)有照明",40,"直路","一般車道(未劃分快慢車道)","柏油","乾燥","良好","無號誌","雙向禁止超車線","未繪設快慢車道分隔線","有",110,"",120.731555,24.123305,"臺中市","太平區"