"事故類型及型態子類別名稱","發生年度","發生月份","發生日期","發生時間","天候名稱","光線名稱","速限.第1當事者","道路型態子類別名稱","事故位置子類別名稱","路面狀況.路面鋪裝名稱","路面狀況.路面狀態名稱","道路障礙.視距品質名稱","號誌.號誌動作名稱","車道劃分設施.分向設施大類別名稱","車道劃分設施.分道設施.快慢車道間名稱","車道劃分設施.分道設施.路面邊線名稱","當事者事故發生時年齡","行動電話或電腦或其他相類功能裝置名稱","經度","緯度","縣市","鄉鎮"
"路上翻車、摔倒","2021",5,27,23,"晴","夜間(或隧道、地下道、涵洞)有照明",40,"直路","一般車道(未劃分快慢車道)","柏油","乾燥","良好","無號誌","雙向禁止超車線","未繪設快慢車道分隔線","有",21,"未使用",120.731555,24.123305,"臺中市","太平區"
"撞路樹、電桿","2021",5,28,8,"晴","日間自然光線",70,"直路","路肩、路緣","柏油","乾燥","良好","無號誌","中央分向島","快慢車道分隔線","有",77,"不明",120.61856,24.058608,"彰化縣","彰化市"
"側撞","2021",5,28,14,"晴","日間自然光線",50,"四岔路","交叉路口內","柏油","乾燥","良好","正常","無","未繪設快慢車道分隔線","無",35,"未使用",120.241144,23.468125,"嘉義縣","朴子市"
"側撞","2021",5,28,14,"晴","日間自然光線",50,"四岔路","交叉路口內","柏油","乾燥","良好","正常","無","未繪設快慢車道分隔線","無",38,"未使用",120.241144,23.468125,"嘉義縣","朴子市"
"穿越道路中","2021",5,28,19,"晴","夜間(或隧道、地下道、涵洞)有照明",50,"直路","一般車道(未劃分快慢車道)","柏油","乾燥","良好","無號誌","雙向禁止超車線","未繪設快慢車道分隔線","有",53,"不明",120.251,23.757835,"雲林縣","麥寮鄉"
"穿越道路中","2021",5,28,19,"晴","夜間(或隧道、地下道、涵洞)有照明",50,"直路","一般車道(未劃分快慢車道)","柏油","乾燥","良好","無號誌","雙向禁止超車線","未繪設快慢車道分隔線","有",83,"非駕駛人",120.251,23.757835,"雲林縣","麥寮鄉"
"穿越道路中","2021",5,29,5,"晴","晨或暮光",50,"四岔路","交叉路口內","柏油","乾燥","良好","正常","無","未繪設快慢車道分隔線","有",58,"未使用",121.428278,25.051751,"新北市","泰山區"
"穿越道路中","2021",5,29,5,"晴","晨或暮光",50,"四岔路","交叉路口內","柏油","乾燥","良好","正常","無","未繪設快慢車道分隔線","有",88,"未使用",121.428278,25.051751,"新北市","泰山區"
"撞交通島","2021",5,29,15,"晴","日間自然光線",40,"直路","慢車道","柏油","乾燥","良好","無號誌","中央分向島","寛式快慢車道分隔島(50公分以上)","有",65,"不明",120.403531,23.486743,"嘉義市","西區"
"追撞","2021",5,29,19,"陰","夜間(或隧道、地下道、涵洞)有照明",50,"直路","慢車道","柏油","乾燥","良好","無號誌","雙向禁止超車線","未繪設快慢車道分隔線","有",49,"未使用",121.592143,23.960681,"花蓮縣","吉安鄉"
"追撞","2021",5,29,19,"陰","夜間(或隧道、地下道、涵洞)有照明",50,"直路","慢車道","柏油","乾燥","良好","無號誌","雙向禁止超車線","未繪設快慢車道分隔線","有",69,"未使用",121.592143,23.960681,"花蓮縣","吉安鄉"
"撞路樹、電桿","2021",5,29,20,"陰","夜間(或隧道、地下道、涵洞)無照明",70,"直路","路肩、路緣","柏油","乾燥","良好","無號誌","無","未繪設快慢車道分隔線","無",30,"未使用",121.613208,24.092052,"花蓮縣","秀林鄉"
"側撞","2021",5,30,5,"雨","日間自然光線",50,"四岔路","交叉路口內","柏油","濕潤","良好","正常","無","未繪設快慢車道分隔線","無",58,"不明",121.489488,25.082266,"新北市","三重區"
"側撞","2021",5,30,5,"雨","日間自然光線",50,"四岔路","交叉路口內","柏油","濕潤","良好","正常","無","未繪設快慢車道分隔線","無",61,"不明",121.489488,25.082266,"新北市","三重區"
"撞橋樑、建築物","2021",5,30,9,"雨","日間自然光線",60,"三岔路","交叉口附近","柏油","濕潤","良好","無號誌","中央分向島","未繪設快慢車道分隔線","有",16,"未使用",120.482903,23.937521,"彰化縣","溪湖鎮"
"撞交通島","2021",5,30,13,"雨","日間自然光線",50,"三岔路","交叉路口內","柏油","濕潤","良好","正常","無","未繪設快慢車道分隔線","無",79,"不明",120.134359,23.163904,"臺南市","七股區"
"撞交通島","2021",5,30,13,"雨","日間自然光線",50,"三岔路","交叉路口內","柏油","濕潤","良好","正常","無","未繪設快慢車道分隔線","無",52,"非駕駛人",120.134359,23.163904,"臺南市","七股區"
"同向擦撞","2021",5,30,16,"雨","日間自然光線",110,"直路","快車道","柏油","濕潤","良好","無號誌","中央分向島","未繪設快慢車道分隔線","有",5,"未使用",120.333961,22.971824,"臺南市","關廟區"
"同向擦撞","2021",5,30,16,"雨","日間自然光線",110,"直路","快車道","柏油","濕潤","良好","無號誌","中央分向島","未繪設快慢車道分隔線","有",32,"未使用",120.333961,22.971824,"臺南市","關廟區"
"同向擦撞","2021",5,30,16,"雨","日間自然光線",110,"直路","快車道","柏油","濕潤","良好","無號誌","中央分向島","未繪設快慢車道分隔線","有",80,"未使用",120.333961,22.971824,"臺南市","關廟區"
"同向擦撞","2021",5,30,16,"雨","日間自然光線",110,"直路","快車道","柏油","濕潤","良好","無號誌","中央分向島","未繪設快慢車道分隔線","有",4,"未使用",120.333961,22.971824,"臺南市","關廟區"
"同向擦撞","2021",5,30,16,"雨","日間自然光線",110,"直路","快車道","柏油","濕潤","良好","無號誌","中央分向島","未繪設快慢車道分隔線","有",32,"未使用",120.333961,22.971824,"臺南市","關廟區"
"其他","2021",5,31,7,"陰","日間自然光線",40,"直路","慢車道","柏油","濕潤","良好","無號誌","行車分向線","窄式快慢車道分隔島(無柵欄)","無",27,"未使用",120.371346,22.555459,"高雄市","小港區"
"其他","2021",5,31,7,"陰","日間自然光線",40,"直路","慢車道","柏油","濕潤","良好","無號誌","行車分向線","窄式快慢車道分隔島(無柵欄)","無",29,"未使用",120.371346,22.555459,"高雄市","小港區"
"同向擦撞","2021",5,31,8,"陰","日間自然光線",50,"四岔路","交叉路口內","柏油","乾燥","良好","正常","無","未繪設快慢車道分隔線","無",19,"不明",121.137599,25.07046,"桃園市","觀音區"
"同向擦撞","2021",5,31,8,"陰","日間自然光線",50,"四岔路","交叉路口內","柏油","乾燥","良好","正常","無","未繪設快慢車道分隔線","無",50,"不明",121.137599,25.07046,"桃園市","觀音區"
"撞交通島","2021",6,1,1,"晴","夜間(或隧道、地下道、涵洞)有照明",50,"直路","快車道","柏油","乾燥","不良","無號誌","中央分向島","快慢車道分隔線","無",20,"未使用",120.665552,24.126573,"臺中市","南區"
"追撞","2021",6,1,3,"雨","夜間(或隧道、地下道、涵洞)有照明",50,"直路","一般車道(未劃分快慢車道)","柏油","濕潤","良好","無號誌","無","未繪設快慢車道分隔線","有",42,"不明",120.237431,23.736859,"雲林縣","臺西鄉"
"追撞","2021",6,1,3,"雨","夜間(或隧道、地下道、涵洞)有照明",50,"直路","一般車道(未劃分快慢車道)","柏油","濕潤","良好","無號誌","無","未繪設快慢車道分隔線","有",78,"非駕駛人",120.237431,23.736859,"雲林縣","臺西鄉"
"路上翻車、摔倒","2021",6,1,7,"晴","日間自然光線",50,"三岔路","交叉路口內","柏油","濕潤","良好","正常","無","未繪設快慢車道分隔線","無",32,"未使用",120.275061,23.046686,"臺南市","永康區"
"路上翻車、摔倒","2021",6,1,7,"晴","日間自然光線",50,"三岔路","交叉路口內","柏油","濕潤","良好","正常","無","未繪設快慢車道分隔線","無",25,"未使用",120.275061,23.046686,"臺南市","永康區"
"路口交岔撞","2021",6,2,5,"晴","日間自然光線",40,"四岔路","交叉路口內","柏油","乾燥","良好","正常","無","未繪設快慢車道分隔線","無",68,"未使用",121.288397,24.991723,"桃園市","桃園區"
"路口交岔撞","2021",6,2,5,"晴","日間自然光線",40,"四岔路","交叉路口內","柏油","乾燥","良好","正常","無","未繪設快慢車道分隔線","無",41,"未使用",121.288397,24.991723,"桃園市","桃園區"
"其他","2021",6,2,7,"晴","日間自然光線",50,"直路","一般車道(未劃分快慢車道)","柏油","乾燥","良好","無號誌","雙向禁止超車線","未繪設快慢車道分隔線","無",79,"未使用",120.720211,24.259456,"臺中市","豐原區"
"其他","2021",6,2,7,"晴","日間自然光線",50,"直路","一般車道(未劃分快慢車道)","柏油","乾燥","良好","無號誌","雙向禁止超車線","未繪設快慢車道分隔線","無",42,"未使用",120.720211,24.259456,"臺中市","豐原區"
"側撞","2021",6,2,20,"晴","夜間(或隧道、地下道、涵洞)有照明",50,"三岔路","交叉路口內","柏油","乾燥","良好","無號誌","中央分向島","快慢車道分隔線","有",22,"未使用",121.005149,24.847518,"新竹縣","竹北市"
"側撞","2021",6,2,20,"晴","夜間(或隧道、地下道、涵洞)有照明",50,"三岔路","交叉路口內","柏油","乾燥","良好","無號誌","中央分向島","快慢車道分隔線","有",26,"未使用",121.005149,24.847518,"新竹縣","竹北市"
"撞路樹、電桿","2021",6,2,23,"晴","夜間(或隧道、地下道、涵洞)無照明",50,"直路","一般車道(未劃分快慢車道)","柏油","乾燥","良好","無號誌","行車分向線","未繪設快慢車道分隔線","有",19,"未使用",121.085526,24.952544,"桃園市","新屋區"
"撞路樹、電桿","2021",6,2,23,"晴","夜間(或隧道、地下道、涵洞)無照明",50,"直路","一般車道(未劃分快慢車道)","柏油","乾燥","良好","無號誌","行車分向線","未繪設快慢車道分隔線","有",37,"未使用",121.085526,24.952544,"桃園市","新屋區"
"撞路樹、電桿","2021",6,2,23,"晴","夜間(或隧道、地下道、涵洞)無照明",50,"直路","一般車道(未劃分快慢車道)","柏油","乾燥","良好","無號誌","行車分向線","未繪設快慢車道分隔線","有",15,"未使用",121.085526,24.952544,"桃園市","新屋區"
"撞路樹、電桿","2021",6,2,23,"晴","夜間(或隧道、地下道、涵洞)無照明",50,"直路","一般車道(未劃分快慢車道)","柏油","乾燥","良好","無號誌","行車分向線","未繪設快慢車道分隔線","有",10,"未使用",121.085526,24.952544,"桃園市","新屋區"
"追撞","2021",6,3,4,"晴","夜間(或隧道、地下道、涵洞)有照明",70,"直路","快車道","柏油","乾燥","良好","無號誌","中央分向島","快慢車道分隔線","有",28,"不明",120.182833,23.060888,"臺南市","南區"
"追撞","2021",6,3,4,"晴","夜間(或隧道、地下道、涵洞)有照明",70,"直路","快車道","柏油","乾燥","良好","無號誌","中央分向島","快慢車道分隔線","有",48,"不明",120.182833,23.060888,"臺南市","南區"
"追撞","2021",6,3,4,"晴","夜間(或隧道、地下道、涵洞)有照明",70,"直路","快車道","柏油","乾燥","良好","無號誌","中央分向島","快慢車道分隔線","有",65,"不明",120.182833,23.060888,"臺南市","南區"
"側撞","2021",6,3,7,"晴","日間自然光線",60,"三岔路","交叉路口內","柏油","乾燥","良好","無號誌","中央分向島","未繪設快慢車道分隔線","有",78,"未使用",121.786708,24.836945,"宜蘭縣","礁溪鄉"
"側撞","2021",6,3,7,"晴","日間自然光線",60,"三岔路","交叉路口內","柏油","乾燥","良好","無號誌","中央分向島","未繪設快慢車道分隔線","有",20,"未使用",121.786708,24.836945,"宜蘭縣","礁溪鄉"
"側撞","2021",6,4,7,"晴","日間自然光線",30,"三岔路","交叉路口內","柏油","乾燥","良好","無號誌","行車分向線","未繪設快慢車道分隔線","無",59,"不明",120.418971,23.759881,"雲林縣","二崙鄉"
"側撞","2021",6,4,7,"晴","日間自然光線",30,"三岔路","交叉路口內","柏油","乾燥","良好","無號誌","行車分向線","未繪設快慢車道分隔線","無",25,"不明",120.418971,23.759881,"雲林縣","二崙鄉"
"側撞","2021",6,4,7,"晴","日間自然光線",30,"三岔路","交叉路口內","柏油","乾燥","良好","無號誌","行車分向線","未繪設快慢車道分隔線","無",19,"不明",120.418971,23.759881,"雲林縣","二崙鄉"
"穿越道路中","2021",6,4,9,"晴","日間自然光線",50,"直路","一般車道(未劃分快慢車道)","柏油","乾燥","良好","無號誌","雙向禁止超車線","未繪設快慢車道分隔線","有",36,"未使用",121.09852,24.973629,"桃園市","新屋區"
"穿越道路中","2021",6,4,9,"晴","日間自然光線",50,"直路","一般車道(未劃分快慢車道)","柏油","乾燥","良好","無號誌","雙向禁止超車線","未繪設快慢車道分隔線","有",81,"非駕駛人",121.09852,24.973629,"桃園市","新屋區"
"撞路樹、電桿","2021",6,4,22,"雨","夜間(或隧道、地下道、涵洞)有照明",60,"直路","一般車道(未劃分快慢車道)","柏油","濕潤","不良","無號誌","中央分向島","未繪設快慢車道分隔線","有",23,"不明",120.479795,23.73577,"雲林縣","虎尾鎮"
"撞路樹、電桿","2021",6,4,22,"雨","夜間(或隧道、地下道、涵洞)有照明",60,"直路","一般車道(未劃分快慢車道)","柏油","濕潤","不良","無號誌","中央分向島","未繪設快慢車道分隔線","有",19,"非駕駛人",120.479795,23.73577,"雲林縣","虎尾鎮"
"撞路樹、電桿","2021",6,4,22,"雨","夜間(或隧道、地下道、涵洞)有照明",60,"直路","一般車道(未劃分快慢車道)","柏油","濕潤","不良","無號誌","中央分向島","未繪設快慢車道分隔線","有",21,"非駕駛人",120.479795,23.73577,"雲林縣","虎尾鎮"
"撞路樹、電桿","2021",6,5,21,"雨","夜間(或隧道、地下道、涵洞)有照明",50,"直路","路肩、路緣","柏油","濕潤","良好","無號誌","行車分向線","未繪設快慢車道分隔線","有",53,"不明",120.406865,23.333535,"臺南市","東山區"
"路口交岔撞","2021",6,6,0,"陰","夜間(或隧道、地下道、涵洞)有照明",40,"四岔路","交叉路口內","柏油","濕潤","良好","正常","中央分向島","快慢車道分隔線","有",33,"未使用",120.397619,22.503794,"高雄市","林園區"
"路口交岔撞","2021",6,6,0,"陰","夜間(或隧道、地下道、涵洞)有照明",40,"四岔路","交叉路口內","柏油","濕潤","良好","正常","中央分向島","快慢車道分隔線","有",43,"未使用",120.397619,22.503794,"高雄市","林園區"
"側撞","2021",6,6,3,"雨","夜間(或隧道、地下道、涵洞)有照明",50,"三岔路","交叉路口內","柏油","濕潤","良好","無號誌","無","快慢車道分隔線","無",25,"未使用",120.682509,24.246788,"臺中市","神岡區"
"側撞","2021",6,6,3,"雨","夜間(或隧道、地下道、涵洞)有照明",50,"三岔路","交叉路口內","柏油","濕潤","良好","無號誌","無","快慢車道分隔線","無",28,"未使用",120.682509,24.246788,"臺中市","神岡區"
"衝出路外","2021",6,6,20,"雨","夜間(或隧道、地下道、涵洞)有照明",50,"彎曲路及附近","一般車道(未劃分快慢車道)","柏油","濕潤","不良","無號誌","雙向禁止超車線","未繪設快慢車道分隔線","有",42,"未使用",121.064782,24.930017,"桃園市","楊梅區"
"同向擦撞","2021",6,7,4,"陰","晨或暮光",90,"直路","快車道","柏油","乾燥","不良","無號誌","中央分向島","未繪設快慢車道分隔線","有",24,"不明",120.553433,24.099015,"彰化縣","彰化市"
"同向擦撞","2021",6,7,4,"陰","晨或暮光",90,"直路","快車道","柏油","乾燥","不良","無號誌","中央分向島","未繪設快慢車道分隔線","有",56,"未使用",120.553433,24.099015,"彰化縣","彰化市"
"同向擦撞","2021",6,7,4,"陰","晨或暮光",90,"直路","快車道","柏油","乾燥","不良","無號誌","中央分向島","未繪設快慢車道分隔線","有",56,"未使用",120.553433,24.099015,"彰化縣","彰化市"
"同向擦撞","2021",6,7,4,"陰","晨或暮光",90,"直路","快車道","柏油","乾燥","不良","無號誌","中央分向島","未繪設快慢車道分隔線","有",27,"未使用",120.553433,24.099015,"彰化縣","彰化市"
"同向擦撞","2021",6,7,4,"陰","晨或暮光",90,"直路","快車道","柏油","乾燥","不良","無號誌","中央分向島","未繪設快慢車道分隔線","有",38,"未使用",120.553433,24.099015,"彰化縣","彰化市"
"穿越道路中","2021",6,7,6,"晴","日間自然光線",50,"三岔路","交叉路口內","柏油","乾燥","良好","無號誌","無","未繪設快慢車道分隔線","無",22,"未使用",121.255168,24.964448,"桃園市","中壢區"
"穿越道路中","2021",6,7,6,"晴","日間自然光線",50,"三岔路","交叉路口內","柏油","乾燥","良好","無號誌","無","未繪設快慢車道分隔線","無",80,"非駕駛人",121.255168,24.964448,"桃園市","中壢區"
"穿越道路中","2021",6,7,9,"陰","日間自然光線",50,"四岔路","交叉路口內","柏油","乾燥","良好","無號誌","無","未繪設快慢車道分隔線","無",78,"非駕駛人",121.760812,24.720393,"宜蘭縣","宜蘭市"
"穿越道路中","2021",6,7,9,"陰","日間自然光線",50,"四岔路","交叉路口內","柏油","乾燥","良好","無號誌","無","未繪設快慢車道分隔線","無",71,"未使用",121.760812,24.720393,"宜蘭縣","宜蘭市"
"路上翻車、摔倒","2021",6,7,10,"雨","日間自然光線",60,"三岔路","交叉口附近","柏油","濕潤","良好","無號誌","中央分向島","未繪設快慢車道分隔線","有",52,"未使用",120.319356,22.723574,"高雄市","楠梓區"
"側撞","2021",6,8,1,"晴","夜間(或隧道、地下道、涵洞)有照明",50,"直路","一般車道(未劃分快慢車道)","柏油","乾燥","良好","無號誌","中央分向島","未繪設快慢車道分隔線","有",17,"不明",121.343132,25.101927,"新北市","林口區"
"側撞","2021",6,8,1,"晴","夜間(或隧道、地下道、涵洞)有照明",50,"直路","一般車道(未劃分快慢車道)","柏油","乾燥","良好","無號誌","中央分向島","未繪設快慢車道分隔線","有",44,"不明",121.343132,25.101927,"新北市","林口區"
"其他","2021",6,8,1,"晴","夜間(或隧道、地下道、涵洞)有照明",50,"直路","其他","柏油","乾燥","良好","無號誌","雙向禁止超車線","快慢車道分隔線","有",24,"未使用",120.436877,23.506612,"嘉義市","西區"
"側撞","2021",6,8,8,"晴","日間自然光線",50,"三岔路","交叉口附近","柏油","乾燥","良好","正常","雙向禁止超車線","快慢車道分隔線","無",59,"未使用",120.3166,22.67669,"高雄市","左營區"
"側撞","2021",6,8,8,"晴","日間自然光線",50,"三岔路","交叉口附近","柏油","乾燥","良好","正常","雙向禁止超車線","快慢車道分隔線","無",80,"未使用",120.3166,22.67669,"高雄市","左營區"
"其他","2021",6,8,12,"晴","日間自然光線",100,"直路","路肩、路緣","柏油","乾燥","良好","無號誌","中央分向島","未繪設快慢車道分隔線","有",60,"未使用",120.180327,23.264679,"臺南市","學甲區"
"其他","2021",6,8,12,"晴","日間自然光線",100,"直路","路肩、路緣","柏油","乾燥","良好","無號誌","中央分向島","未繪設快慢車道分隔線","有",24,"非駕駛人",120.180327,23.264679,"臺南市","學甲區"
"其他","2021",6,8,12,"晴","日間自然光線",100,"直路","路肩、路緣","柏油","乾燥","良好","無號誌","中央分向島","未繪設快慢車道分隔線","有",46,"非駕駛人",120.180327,23.264679,"臺南市","學甲區"
"其他","2021",6,8,12,"晴","日間自然光線",100,"直路","路肩、路緣","柏油","乾燥","良好","無號誌","中央分向島","未繪設快慢車道分隔線","有",40,"未使用",120.180327,23.264679,"臺南市","學甲區"
"追撞","2021",6,9,3,"晴","夜間(或隧道、地下道、涵洞)有照明",90,"直路","快車道","柏油","乾燥","良好","無號誌","中央分向島","未繪設快慢車道分隔線","有",56,"未使用",121.019194,24.827118,"新竹縣","竹北市"
"追撞","2021",6,9,3,"晴","夜間(或隧道、地下道、涵洞)有照明",90,"直路","快車道","柏油","乾燥","良好","無號誌","中央分向島","未繪設快慢車道分隔線","有",20,"未使用",121.019194,24.827118,"新竹縣","竹北市"
"追撞","2021",6,9,3,"晴","夜間(或隧道、地下道、涵洞)有照明",90,"直路","快車道","柏油","乾燥","良好","無號誌","中央分向島","未繪設快慢車道分隔線","有",25,"未使用",121.019194,24.827118,"新竹縣","竹北市"
"追撞","2021",6,9,3,"晴","夜間(或隧道、地下道、涵洞)有照明",90,"直路","快車道","柏油","乾燥","良好","無號誌","中央分向島","未繪設快慢車道分隔線","有",54,"未使用",121.019194,24.827118,"新竹縣","竹北市"
"追撞","2021",6,9,3,"晴","夜間(或隧道、地下道、涵洞)有照明",90,"直路","快車道","柏油","乾燥","良好","無號誌","中央分向島","未繪設快慢車道分隔線","有",25,"未使用",121.019194,24.827118,"新竹縣","竹北市"
"追撞","2021",6,9,3,"晴","夜間(或隧道、地下道、涵洞)有照明",90,"直路","快車道","柏油","乾燥","良好","無號誌","中央分向島","未繪設快慢車道分隔線","有",37,"未使用",121.019194,24.827118,"新竹縣","竹北市"
"撞路樹、電桿","2021",6,10,0,"晴","夜間(或隧道、地下道、涵洞)有照明",70,"直路","快車道","柏油","乾燥","良好","無號誌","中央分向島","快慢車道分隔線","有",31,"未使用",120.815603,24.260721,"臺中市","石岡區"
"撞路樹、電桿","2021",6,10,0,"晴","夜間(或隧道、地下道、涵洞)有照明",70,"直路","快車道","柏油","乾燥","良好","無號誌","中央分向島","快慢車道分隔線","有",29,"非駕駛人",120.815603,24.260721,"臺中市","石岡區"
"撞路樹、電桿","2021",6,10,0,"晴","夜間(或隧道、地下道、涵洞)有照明",70,"直路","快車道","柏油","乾燥","良好","無號誌","中央分向島","快慢車道分隔線","有",33,"非駕駛人",120.815603,24.260721,"臺中市","石岡區"
"撞路樹、電桿","2021",6,10,4,"晴","夜間(或隧道、地下道、涵洞)有照明",50,"直路","路肩、路緣","柏油","乾燥","良好","無號誌","行車分向線","未繪設快慢車道分隔線","有",26,"不明",120.380998,23.801584,"雲林縣","二崙鄉"
"穿越道路中","2021",6,10,6,"晴","日間自然光線",50,"直路","快車道","柏油","乾燥","良好","無號誌","中央分向島","未繪設快慢車道分隔線","有",38,"未使用",121.218502,24.966084,"桃園市","中壢區"
"穿越道路中","2021",6,10,6,"晴","日間自然光線",50,"直路","快車道","柏油","乾燥","良好","無號誌","中央分向島","未繪設快慢車道分隔線","有",67,"非駕駛人",121.218502,24.966084,"桃園市","中壢區"
"其他","2021",6,11,2,"晴","夜間(或隧道、地下道、涵洞)有照明",50,"直路","一般車道(未劃分快慢車道)","柏油","乾燥","良好","無號誌","中央分向島","未繪設快慢車道分隔線","有",16,"未使用",121.065376,24.758973,"新竹縣","竹東鎮"
"其他","2021",6,11,2,"晴","夜間(或隧道、地下道、涵洞)有照明",50,"直路","一般車道(未劃分快慢車道)","柏油","乾燥","良好","無號誌","中央分向島","未繪設快慢車道分隔線","有",32,"未使用",121.065376,24.758973,"新竹縣","竹東鎮"
"其他","2021",6,11,2,"晴","夜間(或隧道、地下道、涵洞)有照明",50,"直路","一般車道(未劃分快慢車道)","柏油","乾燥","良好","無號誌","中央分向島","未繪設快慢車道分隔線","有",16,"未使用",121.065376,24.758973,"新竹縣","竹東鎮"
"其他","2021",6,11,2,"晴","夜間(或隧道、地下道、涵洞)有照明",50,"直路","一般車道(未劃分快慢車道)","柏油","乾燥","良好","無號誌","中央分向島","未繪設快慢車道分隔線","有",33,"未使用",121.065376,24.758973,"新竹縣","竹東鎮"
"追撞","2021",6,11,6,"晴","日間自然光線",50,"直路","機車優先道","柏油","乾燥","良好","無號誌","中央分向島","快慢車道分隔線","有",43,"未使用",120.954639,24.802577,"新竹市","北區"
"追撞","2021",6,11,6,"晴","日間自然光線",50,"直路","機車優先道","柏油","乾燥","良好","無號誌","中央分向島","快慢車道分隔線","有",32,"未使用",120.954639,24.802577,"新竹市","北區"
"穿越道路中","2021",6,11,9,"晴","日間自然光線",50,"四岔路","行人穿越道","柏油","乾燥","良好","正常","無","未繪設快慢車道分隔線","無",79,"非駕駛人",120.200645,22.998528,"臺南市","西區"
"穿越道路中","2021",6,11,9,"晴","日間自然光線",50,"四岔路","行人穿越道","柏油","乾燥","良好","正常","無","未繪設快慢車道分隔線","無",86,"非駕駛人",120.200645,22.998528,"臺南市","西區"
"穿越道路中","2021",6,11,9,"晴","日間自然光線",50,"四岔路","行人穿越道","柏油","乾燥","良好","正常","無","未繪設快慢車道分隔線","無",31,"未使用",120.200645,22.998528,"臺南市","西區"
"側撞","2021",6,11,13,"晴","日間自然光線",50,"四岔路","交叉路口內","柏油","乾燥","良好","正常","無","未繪設快慢車道分隔線","無",44,"未使用",120.707465,24.182533,"臺中市","北屯區"
"側撞","2021",6,11,13,"晴","日間自然光線",50,"四岔路","交叉路口內","柏油","乾燥","良好","正常","無","未繪設快慢車道分隔線","無",24,"未使用",120.707465,24.182533,"臺中市","北屯區"
"側撞","2021",6,11,13,"晴","日間自然光線",50,"四岔路","交叉路口內","柏油","乾燥","良好","正常","無","未繪設快慢車道分隔線","無",25,"非駕駛人",120.707465,24.182533,"臺中市","北屯區"
"其他","2021",6,11,15,"晴","日間自然光線",50,"四岔路","交叉路口內","柏油","乾燥","良好","正常","無","未繪設快慢車道分隔線","無",20,"不明",120.6781,24.148862,"臺中市","北區"
"其他","2021",6,11,15,"晴","日間自然光線",50,"四岔路","交叉路口內","柏油","乾燥","良好","正常","無","未繪設快慢車道分隔線","無",72,"不明",120.6781,24.148862,"臺中市","北區"
"路口交岔撞","2021",6,11,16,"晴","日間自然光線",30,"四岔路","交叉路口內","柏油","乾燥","良好","無號誌","無","未繪設快慢車道分隔線","無",63,"未使用",120.127855,23.098971,"臺南市","七股區"
"路口交岔撞","2021",6,11,16,"晴","日間自然光線",30,"四岔路","交叉路口內","柏油","乾燥","良好","無號誌","無","未繪設快慢車道分隔線","無",45,"未使用",120.127855,23.098971,"臺南市","七股區"
"其他","2021",6,11,16,"晴","日間自然光線",60,"其他","路肩、路緣","柏油","乾燥","良好","正常","無","未繪設快慢車道分隔線","無",28,"不明",121.166292,24.994214,"桃園市","觀音區"
"其他","2021",6,11,16,"晴","日間自然光線",60,"其他","路肩、路緣","柏油","乾燥","良好","正常","無","未繪設快慢車道分隔線","無",42,"不明",121.166292,24.994214,"桃園市","觀音區"
"其他","2021",6,11,16,"晴","日間自然光線",60,"其他","路肩、路緣","柏油","乾燥","良好","正常","無","未繪設快慢車道分隔線","無",35,"不明",121.166292,24.994214,"桃園市","觀音區"
"其他","2021",6,11,16,"晴","日間自然光線",60,"其他","路肩、路緣","柏油","乾燥","良好","正常","無","未繪設快慢車道分隔線","無",31,"不明",121.166292,24.994214,"桃園市","觀音區"
"其他","2021",6,11,16,"晴","日間自然光線",60,"其他","路肩、路緣","柏油","乾燥","良好","正常","無","未繪設快慢車道分隔線","無",35,"不明",121.166292,24.994214,"桃園市","觀音區"
"其他","2021",6,11,16,"晴","日間自然光線",60,"其他","路肩、路緣","柏油","乾燥","良好","正常","無","未繪設快慢車道分隔線","無",35,"不明",121.166292,24.994214,"桃園市","觀音區"
"其他","2021",6,11,16,"晴","日間自然光線",60,"其他","路肩、路緣","柏油","乾燥","良好","正常","無","未繪設快慢車道分隔線","無",35,"不明",121.166292,24.994214,"桃園市","觀音區"
"其他","2021",6,11,16,"晴","日間自然光線",60,"其他","路肩、路緣","柏油","乾燥","良好","正常","無","未繪設快慢車道分隔線","無",54,"不明",121.166292,24.994214,"桃園市","觀音區"
"其他","2021",6,11,16,"晴","日間自然光線",60,"其他","路肩、路緣","柏油","乾燥","良好","正常","無","未繪設快慢車道分隔線","無",24,"不明",121.166292,24.994214,"桃園市","觀音區"
"其他","2021",6,11,16,"晴","日間自然光線",60,"其他","路肩、路緣","柏油","乾燥","良好","正常","無","未繪設快慢車道分隔線","無",37,"不明",121.166292,24.994214,"桃園市","觀音區"
"其他","2021",6,11,16,"晴","日間自然光線",60,"其他","路肩、路緣","柏油","乾燥","良好","正常","無","未繪設快慢車道分隔線","無",23,"不明",121.166292,24.994214,"桃園市","觀音區"