"事故類型及型態子類別名稱","發生年度","發生月份","發生日期","發生時間","天候名稱","光線名稱","速限.第1當事者","道路型態子類別名稱","事故位置子類別名稱","路面狀況.路面鋪裝名稱","路面狀況.路面狀態名稱","道路障礙.視距品質名稱","號誌.號誌動作名稱","車道劃分設施.分向設施大類別名稱","車道劃分設施.分道設施.快慢車道間名稱","車道劃分設施.分道設施.路面邊線名稱","當事者事故發生時年齡","行動電話或電腦或其他相類功能裝置名稱","經度","緯度","縣市","鄉鎮"
"其他","2021",6,11,16,"晴","日間自然光線",60,"其他","路肩、路緣","柏油","乾燥","良好","正常","無","未繪設快慢車道分隔線","無",51,"非駕駛人",121.166292,24.994214,"桃園市","觀音區"
"其他","2021",6,11,16,"晴","日間自然光線",60,"其他","路肩、路緣","柏油","乾燥","良好","正常","無","未繪設快慢車道分隔線","無",42,"非駕駛人",121.166292,24.994214,"桃園市","觀音區"
"其他","2021",6,11,16,"晴","日間自然光線",60,"其他","路肩、路緣","柏油","乾燥","良好","正常","無","未繪設快慢車道分隔線","無",35,"非駕駛人",121.166292,24.994214,"桃園市","觀音區"
"其他","2021",6,11,16,"晴","日間自然光線",60,"其他","路肩、路緣","柏油","乾燥","良好","正常","無","未繪設快慢車道分隔線","無",23,"非駕駛人",121.166292,24.994214,"桃園市","觀音區"
"其他","2021",6,11,18,"晴","日間自然光線",30,"三岔路","交叉口附近","柏油","乾燥","良好","無號誌","雙向禁止超車線","未繪設快慢車道分隔線","有",42,"不明",120.271657,23.790445,"雲林縣","麥寮鄉"
"其他","2021",6,11,18,"晴","日間自然光線",30,"三岔路","交叉口附近","柏油","乾燥","良好","無號誌","雙向禁止超車線","未繪設快慢車道分隔線","有",71,"不明",120.271657,23.790445,"雲林縣","麥寮鄉"
"側撞","2021",6,12,9,"晴","日間自然光線",50,"四岔路","交叉路口內","柏油","乾燥","良好","正常","中央分向島","未繪設快慢車道分隔線","無",30,"非駕駛人",121.52978,25.04309,"臺北市","中正區"
"側撞","2021",6,12,9,"晴","日間自然光線",50,"四岔路","交叉路口內","柏油","乾燥","良好","正常","中央分向島","未繪設快慢車道分隔線","無",65,"未使用",121.52978,25.04309,"臺北市","中正區"
"側撞","2021",6,12,9,"晴","日間自然光線",50,"四岔路","交叉路口內","柏油","乾燥","良好","正常","中央分向島","未繪設快慢車道分隔線","無",26,"未使用",121.52978,25.04309,"臺北市","中正區"
"撞護欄(樁)","2021",6,12,14,"晴","日間自然光線",40,"三岔路","交叉口附近","柏油","乾燥","良好","無號誌","中央分向島","寛式快慢車道分隔島(50公分以上)","有",34,"未使用",120.282297,23.001732,"臺南市","歸仁區"
"側撞","2021",6,12,19,"晴","夜間(或隧道、地下道、涵洞)有照明",40,"直路","一般車道(未劃分快慢車道)","柏油","乾燥","良好","無號誌","行車分向線","未繪設快慢車道分隔線","有",45,"不明",120.967486,24.785215,"新竹市","東區"
"側撞","2021",6,12,19,"晴","夜間(或隧道、地下道、涵洞)有照明",40,"直路","一般車道(未劃分快慢車道)","柏油","乾燥","良好","無號誌","行車分向線","未繪設快慢車道分隔線","有",41,"不明",120.967486,24.785215,"新竹市","東區"
"側撞","2021",6,12,19,"晴","夜間(或隧道、地下道、涵洞)有照明",40,"直路","一般車道(未劃分快慢車道)","柏油","乾燥","良好","無號誌","行車分向線","未繪設快慢車道分隔線","有",26,"不明",120.967486,24.785215,"新竹市","東區"
"側撞","2021",6,12,22,"雨","夜間(或隧道、地下道、涵洞)有照明",50,"三岔路","交叉路口內","柏油","濕潤","良好","正常","無","未繪設快慢車道分隔線","無",31,"未使用",120.6481,24.13467,"臺中市","南屯區"
"側撞","2021",6,12,22,"雨","夜間(或隧道、地下道、涵洞)有照明",50,"三岔路","交叉路口內","柏油","濕潤","良好","正常","無","未繪設快慢車道分隔線","無",60,"未使用",120.6481,24.13467,"臺中市","南屯區"
"側撞","2021",6,12,22,"雨","夜間(或隧道、地下道、涵洞)有照明",50,"三岔路","交叉路口內","柏油","濕潤","良好","正常","無","未繪設快慢車道分隔線","無",42,"未使用",120.6481,24.13467,"臺中市","南屯區"
"側撞","2021",6,12,22,"雨","夜間(或隧道、地下道、涵洞)有照明",50,"三岔路","交叉路口內","柏油","濕潤","良好","正常","無","未繪設快慢車道分隔線","無",54,"未使用",120.6481,24.13467,"臺中市","南屯區"
"同向擦撞","2021",6,13,8,"晴","日間自然光線",50,"四岔路","交叉口附近","柏油","乾燥","良好","正常","中央分向島","未繪設快慢車道分隔線","有",56,"未使用",121.252644,25.111079,"桃園市","大園區"
"同向擦撞","2021",6,13,8,"晴","日間自然光線",50,"四岔路","交叉口附近","柏油","乾燥","良好","正常","中央分向島","未繪設快慢車道分隔線","有",47,"未使用",121.252644,25.111079,"桃園市","大園區"
"側撞","2021",6,13,12,"晴","日間自然光線",50,"四岔路","交叉口附近","柏油","乾燥","良好","無號誌","雙向禁止超車線","未繪設快慢車道分隔線","有",72,"未使用",121.632397,23.992464,"花蓮縣","花蓮市"
"側撞","2021",6,13,12,"晴","日間自然光線",50,"四岔路","交叉口附近","柏油","乾燥","良好","無號誌","雙向禁止超車線","未繪設快慢車道分隔線","有",27,"未使用",121.632397,23.992464,"花蓮縣","花蓮市"
"撞交通島","2021",6,14,0,"晴","夜間(或隧道、地下道、涵洞)有照明",60,"直路","一般車道(未劃分快慢車道)","柏油","乾燥","良好","無號誌","中央分向島","快慢車道分隔線","有",24,"不明",121.770709,24.750835,"宜蘭縣","宜蘭市"
"路口交岔撞","2021",6,14,10,"晴","日間自然光線",30,"四岔路","交叉路口內","柏油","乾燥","良好","正常","無","未繪設快慢車道分隔線","無",66,"未使用",120.230506,22.970421,"臺南市","東區"
"路口交岔撞","2021",6,14,10,"晴","日間自然光線",30,"四岔路","交叉路口內","柏油","乾燥","良好","正常","無","未繪設快慢車道分隔線","無",28,"未使用",120.230506,22.970421,"臺南市","東區"
"其他","2021",6,14,11,"晴","日間自然光線",50,"四岔路","交叉路口內","柏油","乾燥","良好","正常","無","未繪設快慢車道分隔線","有",42,"未使用",121.458208,25.007392,"新北市","板橋區"
"其他","2021",6,14,11,"晴","日間自然光線",50,"四岔路","交叉路口內","柏油","乾燥","良好","正常","無","未繪設快慢車道分隔線","有",28,"未使用",121.458208,25.007392,"新北市","板橋區"
"其他","2021",6,14,11,"晴","日間自然光線",50,"四岔路","交叉路口內","柏油","乾燥","良好","正常","無","未繪設快慢車道分隔線","有",62,"非駕駛人",121.458208,25.007392,"新北市","板橋區"
"其他","2021",6,14,19,"晴","夜間(或隧道、地下道、涵洞)有照明",60,"四岔路","交叉路口內","柏油","乾燥","良好","無號誌","無","未繪設快慢車道分隔線","無",85,"不明",120.516815,24.197798,"臺中市","龍井區"
"其他","2021",6,14,19,"晴","夜間(或隧道、地下道、涵洞)有照明",60,"四岔路","交叉路口內","柏油","乾燥","良好","無號誌","無","未繪設快慢車道分隔線","無",69,"未使用",120.516815,24.197798,"臺中市","龍井區"
"側撞","2021",6,14,20,"晴","夜間(或隧道、地下道、涵洞)有照明",50,"四岔路","交叉路口內","柏油","乾燥","良好","正常","無","未繪設快慢車道分隔線","無",84,"非駕駛人",120.441117,23.48527,"嘉義市","西區"
"側撞","2021",6,14,20,"晴","夜間(或隧道、地下道、涵洞)有照明",50,"四岔路","交叉路口內","柏油","乾燥","良好","正常","無","未繪設快慢車道分隔線","無",34,"未使用",120.441117,23.48527,"嘉義市","西區"
"衝出路外","2021",6,15,4,"陰","夜間(或隧道、地下道、涵洞)有照明",50,"直路","路肩、路緣","柏油","乾燥","良好","無號誌","行車分向線","未繪設快慢車道分隔線","有",58,"不明",120.240279,23.291762,"臺南市","鹽水區"
"其他","2021",6,15,6,"晴","日間自然光線",30,"直路","一般車道(未劃分快慢車道)","柏油","乾燥","良好","無號誌","無","未繪設快慢車道分隔線","有",90,"未使用",120.570138,23.934193,"彰化縣","永靖鄉"
"其他","2021",6,15,13,"晴","日間自然光線",50,"直路","機車優先道","柏油","乾燥","良好","無號誌","中央分向島","快慢車道分隔線","有",70,"未使用",120.18903,23.197639,"臺南市","佳里區"
"其他","2021",6,15,13,"晴","日間自然光線",50,"直路","機車優先道","柏油","乾燥","良好","無號誌","中央分向島","快慢車道分隔線","有",39,"未使用",120.18903,23.197639,"臺南市","佳里區"
"其他","2021",6,15,13,"雨","日間自然光線",30,"坡路","一般車道(未劃分快慢車道)","柏油","濕潤","良好","無號誌","無","未繪設快慢車道分隔線","有",41,"非駕駛人",120.671455,23.553719,"嘉義縣","梅山鄉"
"其他","2021",6,15,13,"雨","日間自然光線",30,"坡路","一般車道(未劃分快慢車道)","柏油","濕潤","良好","無號誌","無","未繪設快慢車道分隔線","有",65,"未使用",120.671455,23.553719,"嘉義縣","梅山鄉"
"撞路樹、電桿","2021",6,15,16,"晴","日間自然光線",50,"直路","路肩、路緣","柏油","乾燥","良好","無號誌","行車分向線","未繪設快慢車道分隔線","有",62,"不明",120.407045,23.601033,"嘉義縣","溪口鄉"
"同向擦撞","2021",6,15,17,"晴","日間自然光線",60,"直路","快車道","柏油","乾燥","良好","無號誌","雙向禁止超車線","快慢車道分隔線","有",73,"未使用",120.258253,22.881387,"高雄市","路竹區"
"同向擦撞","2021",6,15,17,"晴","日間自然光線",60,"直路","快車道","柏油","乾燥","良好","無號誌","雙向禁止超車線","快慢車道分隔線","有",34,"未使用",120.258253,22.881387,"高雄市","路竹區"
"其他","2021",6,15,23,"晴","夜間(或隧道、地下道、涵洞)有照明",50,"直路","一般車道(未劃分快慢車道)","柏油","乾燥","良好","無號誌","無","未繪設快慢車道分隔線","有",52,"不明",121.171304,25.014825,"桃園市","中壢區"
"其他","2021",6,15,23,"晴","夜間(或隧道、地下道、涵洞)有照明",50,"直路","一般車道(未劃分快慢車道)","柏油","乾燥","良好","無號誌","無","未繪設快慢車道分隔線","有",47,"未使用",121.171304,25.014825,"桃園市","中壢區"
"路口交岔撞","2021",6,16,7,"晴","日間自然光線",30,"四岔路","交叉路口內","柏油","乾燥","良好","無號誌","無","未繪設快慢車道分隔線","無",53,"未使用",121.192276,24.844749,"桃園市","龍潭區"
"路口交岔撞","2021",6,16,7,"晴","日間自然光線",30,"四岔路","交叉路口內","柏油","乾燥","良好","無號誌","無","未繪設快慢車道分隔線","無",62,"未使用",121.192276,24.844749,"桃園市","龍潭區"
"穿越道路中","2021",6,16,19,"晴","夜間(或隧道、地下道、涵洞)有照明",50,"直路","一般車道(未劃分快慢車道)","柏油","乾燥","良好","無號誌","行車分向線","未繪設快慢車道分隔線","有",18,"未使用",120.509943,22.512228,"屏東縣","崁頂鄉"
"穿越道路中","2021",6,16,19,"晴","夜間(或隧道、地下道、涵洞)有照明",50,"直路","一般車道(未劃分快慢車道)","柏油","乾燥","良好","無號誌","行車分向線","未繪設快慢車道分隔線","有",80,"非駕駛人",120.509943,22.512228,"屏東縣","崁頂鄉"
"側撞","2021",6,16,20,"晴","夜間(或隧道、地下道、涵洞)有照明",50,"四岔路","交叉路口內","柏油","乾燥","良好","正常","中央分向島","未繪設快慢車道分隔線","有",29,"未使用",121.499881,25.008991,"新北市","永和區"
"側撞","2021",6,16,20,"晴","夜間(或隧道、地下道、涵洞)有照明",50,"四岔路","交叉路口內","柏油","乾燥","良好","正常","中央分向島","未繪設快慢車道分隔線","有",70,"未使用",121.499881,25.008991,"新北市","永和區"
"其他","2021",6,16,22,"晴","日間自然光線",50,"直路","快車道","柏油","乾燥","良好","無號誌","中央分向島","快慢車道分隔線","無",58,"非駕駛人",120.663356,24.154769,"臺中市","西區"
"其他","2021",6,16,22,"晴","日間自然光線",50,"直路","快車道","柏油","乾燥","良好","無號誌","中央分向島","快慢車道分隔線","無",64,"未使用",120.663356,24.154769,"臺中市","西區"
"其他","2021",6,17,11,"晴","日間自然光線",50,"三岔路","交叉口附近","柏油","乾燥","良好","無號誌","雙向禁止超車線","未繪設快慢車道分隔線","有",76,"未使用",120.653992,23.851863,"南投縣","名間鄉"
"其他","2021",6,17,11,"晴","日間自然光線",50,"三岔路","交叉口附近","柏油","乾燥","良好","無號誌","雙向禁止超車線","未繪設快慢車道分隔線","有",53,"未使用",120.653992,23.851863,"南投縣","名間鄉"
"其他","2021",6,17,11,"晴","日間自然光線",50,"彎曲路及附近","其他","柏油","乾燥","良好","無號誌","雙向禁止超車線","快慢車道分隔線","無",110,"",120.42705,22.929094,"高雄市","內門區"
"其他","2021",6,17,11,"晴","日間自然光線",50,"彎曲路及附近","其他","柏油","乾燥","良好","無號誌","雙向禁止超車線","快慢車道分隔線","無",50,"未使用",120.42705,22.929094,"高雄市","內門區"
"穿越道路中","2021",6,17,16,"晴","日間自然光線",50,"三岔路","交叉路口內","柏油","乾燥","良好","正常","無","未繪設快慢車道分隔線","無",33,"不明",120.961044,24.815574,"新竹市","北區"
"穿越道路中","2021",6,17,16,"晴","日間自然光線",50,"三岔路","交叉路口內","柏油","乾燥","良好","正常","無","未繪設快慢車道分隔線","無",91,"非駕駛人",120.961044,24.815574,"新竹市","北區"
"穿越道路中","2021",6,17,16,"晴","日間自然光線",50,"三岔路","交叉路口內","柏油","乾燥","良好","正常","無","未繪設快慢車道分隔線","無",29,"非駕駛人",120.961044,24.815574,"新竹市","北區"
"撞路樹、電桿","2021",6,17,18,"晴","晨或暮光",50,"直路","一般車道(未劃分快慢車道)","柏油","乾燥","良好","無號誌","行車分向線","未繪設快慢車道分隔線","無",44,"未使用",120.689927,24.2905,"臺中市","后里區"
"路口交岔撞","2021",6,18,9,"晴","日間自然光線",50,"四岔路","交叉路口內","柏油","乾燥","良好","無號誌","無","未繪設快慢車道分隔線","無",80,"非駕駛人",121.464825,23.773309,"花蓮縣","鳳林鎮"
"路口交岔撞","2021",6,18,9,"晴","日間自然光線",50,"四岔路","交叉路口內","柏油","乾燥","良好","無號誌","無","未繪設快慢車道分隔線","無",47,"未使用",121.464825,23.773309,"花蓮縣","鳳林鎮"
"路口交岔撞","2021",6,18,9,"晴","日間自然光線",50,"四岔路","交叉路口內","柏油","乾燥","良好","無號誌","無","未繪設快慢車道分隔線","無",54,"未使用",121.464825,23.773309,"花蓮縣","鳳林鎮"
"路口交岔撞","2021",6,18,9,"晴","日間自然光線",50,"四岔路","交叉路口內","柏油","乾燥","良好","無號誌","無","未繪設快慢車道分隔線","無",12,"非駕駛人",121.464825,23.773309,"花蓮縣","鳳林鎮"
"撞路樹、電桿","2021",6,18,10,"晴","日間自然光線",50,"直路","路肩、路緣","柏油","乾燥","良好","無號誌","雙向禁止超車線","未繪設快慢車道分隔線","有",34,"未使用",121.054649,24.904832,"新竹縣","湖口鄉"
"同向擦撞","2021",6,18,10,"雨","日間自然光線",50,"四岔路","交叉路口內","柏油","濕潤","良好","正常","雙向禁止超車線","未繪設快慢車道分隔線","有",62,"未使用",120.46748,22.480901,"屏東縣","東港鎮"
"同向擦撞","2021",6,18,10,"雨","日間自然光線",50,"四岔路","交叉路口內","柏油","濕潤","良好","正常","雙向禁止超車線","未繪設快慢車道分隔線","有",62,"未使用",120.46748,22.480901,"屏東縣","東港鎮"
"追撞","2021",6,18,15,"晴","日間自然光線",50,"直路","一般車道(未劃分快慢車道)","柏油","乾燥","良好","無號誌","中央分向島","未繪設快慢車道分隔線","無",21,"未使用",121.536079,25.062325,"臺北市","中山區"
"追撞","2021",6,18,15,"晴","日間自然光線",50,"直路","一般車道(未劃分快慢車道)","柏油","乾燥","良好","無號誌","中央分向島","未繪設快慢車道分隔線","無",36,"未使用",121.536079,25.062325,"臺北市","中山區"
"追撞","2021",6,18,15,"晴","日間自然光線",50,"直路","一般車道(未劃分快慢車道)","柏油","乾燥","良好","無號誌","中央分向島","未繪設快慢車道分隔線","無",71,"未使用",121.536079,25.062325,"臺北市","中山區"
"追撞","2021",6,18,15,"晴","日間自然光線",50,"直路","一般車道(未劃分快慢車道)","柏油","乾燥","良好","無號誌","中央分向島","未繪設快慢車道分隔線","無",47,"未使用",121.536079,25.062325,"臺北市","中山區"
"撞護欄(樁)","2021",6,19,2,"雨","夜間(或隧道、地下道、涵洞)有照明",100,"直路","快車道","柏油","濕潤","良好","無號誌","中央分向島","未繪設快慢車道分隔線","有",26,"非駕駛人",120.333205,22.656458,"高雄市","三民區"
"撞護欄(樁)","2021",6,19,2,"雨","夜間(或隧道、地下道、涵洞)有照明",100,"直路","快車道","柏油","濕潤","良好","無號誌","中央分向島","未繪設快慢車道分隔線","有",26,"未使用",120.333205,22.656458,"高雄市","三民區"
"撞交通島","2021",6,19,3,"晴","夜間(或隧道、地下道、涵洞)有照明",50,"橋樑","一般車道(未劃分快慢車道)","柏油","乾燥","良好","無號誌","雙向禁止超車線","未繪設快慢車道分隔線","有",36,"不明",121.509007,25.086686,"臺北市","士林區"
"撞路樹、電桿","2021",6,19,4,"晴","夜間(或隧道、地下道、涵洞)有照明",30,"彎曲路及附近","一般車道(未劃分快慢車道)","柏油","乾燥","不良","無號誌","無","未繪設快慢車道分隔線","有",15,"未使用",121.068905,22.798976,"臺東縣","卑南鄉"
"撞路樹、電桿","2021",6,19,4,"晴","夜間(或隧道、地下道、涵洞)有照明",30,"彎曲路及附近","一般車道(未劃分快慢車道)","柏油","乾燥","不良","無號誌","無","未繪設快慢車道分隔線","有",16,"非駕駛人",121.068905,22.798976,"臺東縣","卑南鄉"
"路上翻車、摔倒","2021",6,19,5,"晴","日間自然光線",30,"坡路","一般車道(未劃分快慢車道)","柏油","乾燥","良好","無號誌","無","未繪設快慢車道分隔線","有",39,"不明",121.436049,24.966143,"新北市","土城區"
"路上翻車、摔倒","2021",6,19,5,"晴","日間自然光線",30,"坡路","一般車道(未劃分快慢車道)","柏油","乾燥","良好","無號誌","無","未繪設快慢車道分隔線","有",33,"非駕駛人",121.436049,24.966143,"新北市","土城區"
"對撞","2021",6,19,10,"晴","日間自然光線",60,"彎曲路及附近","一般車道(未劃分快慢車道)","柏油","乾燥","良好","無號誌","雙向禁止超車線","未繪設快慢車道分隔線","有",61,"未使用",120.993842,24.70082,"新竹縣","峨眉鄉"
"對撞","2021",6,19,10,"晴","日間自然光線",60,"彎曲路及附近","一般車道(未劃分快慢車道)","柏油","乾燥","良好","無號誌","雙向禁止超車線","未繪設快慢車道分隔線","有",35,"未使用",120.993842,24.70082,"新竹縣","峨眉鄉"
"對撞","2021",6,19,10,"晴","日間自然光線",60,"彎曲路及附近","一般車道(未劃分快慢車道)","柏油","乾燥","良好","無號誌","雙向禁止超車線","未繪設快慢車道分隔線","有",71,"未使用",120.993842,24.70082,"新竹縣","峨眉鄉"
"側撞","2021",6,19,13,"晴","日間自然光線",40,"多岔路","交叉路口內","柏油","乾燥","良好","正常","無","未繪設快慢車道分隔線","有",24,"非駕駛人",121.342275,24.951636,"新北市","鶯歌區"
"側撞","2021",6,19,13,"晴","日間自然光線",40,"多岔路","交叉路口內","柏油","乾燥","良好","正常","無","未繪設快慢車道分隔線","有",50,"未使用",121.342275,24.951636,"新北市","鶯歌區"
"側撞","2021",6,19,13,"晴","日間自然光線",40,"多岔路","交叉路口內","柏油","乾燥","良好","正常","無","未繪設快慢車道分隔線","有",25,"非駕駛人",121.342275,24.951636,"新北市","鶯歌區"
"路口交岔撞","2021",6,19,18,"晴","夜間(或隧道、地下道、涵洞)有照明",30,"四岔路","交叉路口內","柏油","乾燥","良好","無號誌","無","未繪設快慢車道分隔線","無",55,"未使用",121.773713,24.748286,"宜蘭縣","宜蘭市"
"路口交岔撞","2021",6,19,18,"晴","夜間(或隧道、地下道、涵洞)有照明",30,"四岔路","交叉路口內","柏油","乾燥","良好","無號誌","無","未繪設快慢車道分隔線","無",27,"未使用",121.773713,24.748286,"宜蘭縣","宜蘭市"
"撞路樹、電桿","2021",6,20,14,"晴","日間自然光線",40,"直路","一般車道(未劃分快慢車道)","柏油","乾燥","良好","無號誌","無","未繪設快慢車道分隔線","有",34,"未使用",120.434404,24.039568,"彰化縣","福興鄉"
"側撞","2021",6,20,16,"晴","日間自然光線",50,"四岔路","交叉路口內","柏油","乾燥","良好","無動作","中央分向島","未繪設快慢車道分隔線","有",54,"未使用",121.503661,25.068101,"新北市","三重區"
"側撞","2021",6,20,16,"晴","日間自然光線",50,"四岔路","交叉路口內","柏油","乾燥","良好","無動作","中央分向島","未繪設快慢車道分隔線","有",67,"未使用",121.503661,25.068101,"新北市","三重區"
"其他","2021",6,20,18,"晴","日間自然光線",50,"四岔路","交叉路口內","柏油","乾燥","良好","正常","無","未繪設快慢車道分隔線","無",42,"未使用",120.693282,24.182942,"臺中市","北屯區"
"其他","2021",6,20,18,"晴","日間自然光線",50,"四岔路","交叉路口內","柏油","乾燥","良好","正常","無","未繪設快慢車道分隔線","無",88,"未使用",120.693282,24.182942,"臺中市","北屯區"
"路上翻車、摔倒","2021",6,21,17,"晴","日間自然光線",50,"直路","路肩、路緣","柏油","乾燥","良好","無號誌","行車分向線","未繪設快慢車道分隔線","有",51,"不明",120.272135,23.333636,"臺南市","鹽水區"
"撞號誌、標誌桿","2021",6,21,21,"晴","夜間(或隧道、地下道、涵洞)有照明",30,"三岔路","交叉口附近","柏油","乾燥","良好","正常","無","未繪設快慢車道分隔線","無",21,"未使用",121.260969,25.069873,"桃園市","大園區"
"追撞","2021",6,22,2,"雨","夜間(或隧道、地下道、涵洞)有照明",60,"直路","慢車道","柏油","濕潤","良好","無號誌","中央分向島","快慢車道分隔線","有",43,"不明",120.488595,22.722886,"屏東縣","九如鄉"
"追撞","2021",6,22,2,"雨","夜間(或隧道、地下道、涵洞)有照明",60,"直路","慢車道","柏油","濕潤","良好","無號誌","中央分向島","快慢車道分隔線","有",20,"未使用",120.488595,22.722886,"屏東縣","九如鄉"
"其他","2021",6,22,5,"陰","晨或暮光",60,"四岔路","交叉路口內","柏油","乾燥","良好","正常","中央分向島","未繪設快慢車道分隔線","無",73,"不明",121.508185,25.056895,"臺北市","大同區"
"其他","2021",6,22,5,"陰","晨或暮光",60,"四岔路","交叉路口內","柏油","乾燥","良好","正常","中央分向島","未繪設快慢車道分隔線","無",89,"非駕駛人",121.508185,25.056895,"臺北市","大同區"
"撞橋樑、建築物","2021",6,22,6,"陰","晨或暮光",70,"直路","路肩、路緣","柏油","濕潤","良好","無號誌","中央分向島","快慢車道分隔線","有",52,"未使用",120.700097,22.153352,"屏東縣","枋山鄉"
"同向擦撞","2021",6,22,9,"陰","日間自然光線",50,"彎曲路及附近","一般車道(未劃分快慢車道)","柏油","乾燥","良好","無號誌","雙向禁止超車線","未繪設快慢車道分隔線","有",40,"未使用",121.239306,24.979223,"桃園市","中壢區"
"同向擦撞","2021",6,22,9,"陰","日間自然光線",50,"彎曲路及附近","一般車道(未劃分快慢車道)","柏油","乾燥","良好","無號誌","雙向禁止超車線","未繪設快慢車道分隔線","有",66,"未使用",121.239306,24.979223,"桃園市","中壢區"
"追撞","2021",6,22,19,"雨","夜間(或隧道、地下道、涵洞)有照明",50,"直路","一般車道(未劃分快慢車道)","柏油","濕潤","良好","無號誌","行車分向線","快慢車道分隔線","有",74,"不明",120.510417,22.596241,"屏東縣","萬丹鄉"
"追撞","2021",6,22,19,"雨","夜間(或隧道、地下道、涵洞)有照明",50,"直路","一般車道(未劃分快慢車道)","柏油","濕潤","良好","無號誌","行車分向線","快慢車道分隔線","有",20,"未使用",120.510417,22.596241,"屏東縣","萬丹鄉"
"側撞","2021",6,22,20,"雨","夜間(或隧道、地下道、涵洞)有照明",60,"四岔路","交叉口附近","柏油","濕潤","良好","正常","中央分向島","寛式快慢車道分隔島(50公分以上)","無",57,"未使用",120.292308,22.662519,"高雄市","鼓山區"
"側撞","2021",6,22,20,"雨","夜間(或隧道、地下道、涵洞)有照明",60,"四岔路","交叉口附近","柏油","濕潤","良好","正常","中央分向島","寛式快慢車道分隔島(50公分以上)","無",33,"未使用",120.292308,22.662519,"高雄市","鼓山區"
"側撞","2021",6,23,6,"雨","日間自然光線",50,"直路","一般車道(未劃分快慢車道)","柏油","濕潤","良好","無號誌","行車分向線","未繪設快慢車道分隔線","有",27,"未使用",120.291292,23.271276,"臺南市","柳營區"
"側撞","2021",6,23,6,"雨","日間自然光線",50,"直路","一般車道(未劃分快慢車道)","柏油","濕潤","良好","無號誌","行車分向線","未繪設快慢車道分隔線","有",27,"未使用",120.291292,23.271276,"臺南市","柳營區"
"側撞","2021",6,23,14,"陰","日間自然光線",50,"四岔路","交叉路口內","柏油","乾燥","良好","正常","無","未繪設快慢車道分隔線","無",51,"不明",120.969889,24.810966,"新竹市","東區"
"側撞","2021",6,23,14,"陰","日間自然光線",50,"四岔路","交叉路口內","柏油","乾燥","良好","正常","無","未繪設快慢車道分隔線","無",32,"不明",120.969889,24.810966,"新竹市","東區"
"側撞","2021",6,23,14,"陰","日間自然光線",50,"四岔路","交叉路口內","柏油","乾燥","良好","正常","無","未繪設快慢車道分隔線","無",33,"不明",120.969889,24.810966,"新竹市","東區"
"其他","2021",6,23,17,"雨","日間自然光線",40,"彎曲路及附近","一般車道(未劃分快慢車道)","柏油","濕潤","良好","無號誌","行車分向線","未繪設快慢車道分隔線","有",50,"未使用",120.940109,24.704443,"苗栗縣","頭份市"
"其他","2021",6,23,17,"雨","日間自然光線",40,"彎曲路及附近","一般車道(未劃分快慢車道)","柏油","濕潤","良好","無號誌","行車分向線","未繪設快慢車道分隔線","有",56,"未使用",120.940109,24.704443,"苗栗縣","頭份市"
"側撞","2021",6,23,22,"雨","夜間(或隧道、地下道、涵洞)有照明",40,"直路","一般車道(未劃分快慢車道)","柏油","濕潤","良好","無號誌","行車分向線","未繪設快慢車道分隔線","無",17,"未使用",121.499093,25.106776,"臺北市","北投區"
"側撞","2021",6,23,22,"雨","夜間(或隧道、地下道、涵洞)有照明",40,"直路","一般車道(未劃分快慢車道)","柏油","濕潤","良好","無號誌","行車分向線","未繪設快慢車道分隔線","無",63,"未使用",121.499093,25.106776,"臺北市","北投區"
"側撞","2021",6,24,18,"陰","日間自然光線",50,"直路","一般車道(未劃分快慢車道)","柏油","乾燥","良好","無號誌","行車分向線","快慢車道分隔線","有",69,"不明",120.416677,23.420924,"嘉義縣","水上鄉"
"側撞","2021",6,24,18,"陰","日間自然光線",50,"直路","一般車道(未劃分快慢車道)","柏油","乾燥","良好","無號誌","行車分向線","快慢車道分隔線","有",20,"不明",120.416677,23.420924,"嘉義縣","水上鄉"
"衝出路外","2021",6,25,0,"陰","夜間(或隧道、地下道、涵洞)有照明",50,"彎曲路及附近","一般車道(未劃分快慢車道)","柏油","乾燥","不良","無號誌","行車分向線","未繪設快慢車道分隔線","有",35,"未使用",121.155247,25.032096,"桃園市","觀音區"
"對撞","2021",6,25,2,"雨","夜間(或隧道、地下道、涵洞)有照明",50,"彎曲路及附近","一般車道(未劃分快慢車道)","柏油","濕潤","不良","無號誌","中央分向島","未繪設快慢車道分隔線","有",16,"未使用",120.393401,22.77301,"高雄市","燕巢區"
"對撞","2021",6,25,2,"雨","夜間(或隧道、地下道、涵洞)有照明",50,"彎曲路及附近","一般車道(未劃分快慢車道)","柏油","濕潤","不良","無號誌","中央分向島","未繪設快慢車道分隔線","有",20,"未使用",120.393401,22.77301,"高雄市","燕巢區"