"事故類型及型態子類別名稱","發生年度","發生月份","發生日期","發生時間","天候名稱","光線名稱","速限.第1當事者","道路型態子類別名稱","事故位置子類別名稱","路面狀況.路面鋪裝名稱","路面狀況.路面狀態名稱","道路障礙.視距品質名稱","號誌.號誌動作名稱","車道劃分設施.分向設施大類別名稱","車道劃分設施.分道設施.快慢車道間名稱","車道劃分設施.分道設施.路面邊線名稱","當事者事故發生時年齡","行動電話或電腦或其他相類功能裝置名稱","經度","緯度","縣市","鄉鎮"
"路上翻車、摔倒","2021",6,25,4,"陰","夜間(或隧道、地下道、涵洞)無照明",60,"彎曲路及附近","一般車道(未劃分快慢車道)","柏油","乾燥","不良","無號誌","雙向禁止超車線","未繪設快慢車道分隔線","有",41,"不明",121.842028,25.122113,"新北市","瑞芳區"
"側撞","2021",6,25,15,"晴","日間自然光線",50,"三岔路","交叉口附近","柏油","乾燥","良好","正常","無","未繪設快慢車道分隔線","無",78,"未使用",120.297551,22.595945,"高雄市","前鎮區"
"側撞","2021",6,25,15,"晴","日間自然光線",50,"三岔路","交叉口附近","柏油","乾燥","良好","正常","無","未繪設快慢車道分隔線","無",53,"未使用",120.297551,22.595945,"高雄市","前鎮區"
"其他","2021",6,25,15,"陰","日間自然光線",100,"直路","快車道","柏油","濕潤","良好","無號誌","中央分向島","未繪設快慢車道分隔線","有",32,"未使用",120.787798,24.461485,"苗栗縣","銅鑼鄉"
"其他","2021",6,25,15,"陰","日間自然光線",100,"直路","快車道","柏油","濕潤","良好","無號誌","中央分向島","未繪設快慢車道分隔線","有",57,"未使用",120.787798,24.461485,"苗栗縣","銅鑼鄉"
"其他","2021",6,25,15,"陰","日間自然光線",100,"直路","快車道","柏油","濕潤","良好","無號誌","中央分向島","未繪設快慢車道分隔線","有",37,"未使用",120.787798,24.461485,"苗栗縣","銅鑼鄉"
"撞路樹、電桿","2021",6,26,5,"雨","日間自然光線",50,"直路","一般車道(未劃分快慢車道)","柏油","濕潤","良好","無號誌","雙向禁止超車線","未繪設快慢車道分隔線","有",110,"",120.813351,24.188069,"臺中市","新社區"
"撞路樹、電桿","2021",6,26,5,"雨","日間自然光線",50,"直路","一般車道(未劃分快慢車道)","柏油","濕潤","良好","無號誌","雙向禁止超車線","未繪設快慢車道分隔線","有",74,"未使用",120.813351,24.188069,"臺中市","新社區"
"同向擦撞","2021",6,26,9,"晴","日間自然光線",50,"直路","一般車道(未劃分快慢車道)","柏油","乾燥","良好","無號誌","雙向禁止超車線","未繪設快慢車道分隔線","有",55,"未使用",121.121605,24.911434,"桃園市","楊梅區"
"同向擦撞","2021",6,26,9,"晴","日間自然光線",50,"直路","一般車道(未劃分快慢車道)","柏油","乾燥","良好","無號誌","雙向禁止超車線","未繪設快慢車道分隔線","有",68,"未使用",121.121605,24.911434,"桃園市","楊梅區"
"同向擦撞","2021",6,26,16,"晴","日間自然光線",60,"直路","快車道","柏油","乾燥","良好","無號誌","雙向禁止超車線","未繪設快慢車道分隔線","有",85,"未使用",120.2276,22.861,"高雄市","路竹區"
"同向擦撞","2021",6,26,16,"晴","日間自然光線",60,"直路","快車道","柏油","乾燥","良好","無號誌","雙向禁止超車線","未繪設快慢車道分隔線","有",39,"未使用",120.2276,22.861,"高雄市","路竹區"
"側撞","2021",6,26,20,"晴","夜間(或隧道、地下道、涵洞)有照明",30,"三岔路","交叉路口內","柏油","乾燥","良好","無號誌","無","未繪設快慢車道分隔線","有",60,"未使用",120.537821,23.929613,"彰化縣","埔心鄉"
"側撞","2021",6,26,20,"晴","夜間(或隧道、地下道、涵洞)有照明",30,"三岔路","交叉路口內","柏油","乾燥","良好","無號誌","無","未繪設快慢車道分隔線","有",40,"未使用",120.537821,23.929613,"彰化縣","埔心鄉"
"撞橋樑、建築物","2021",6,27,4,"晴","晨或暮光",60,"直路","一般車道(未劃分快慢車道)","柏油","乾燥","良好","無號誌","雙向禁止超車線","快慢車道分隔線","有",19,"未使用",121.176354,23.085211,"臺東縣","關山鎮"
"路口交岔撞","2021",6,27,7,"晴","日間自然光線",30,"四岔路","交叉路口內","柏油","乾燥","不良","正常","無","未繪設快慢車道分隔線","無",38,"不明",120.368437,23.69801,"雲林縣","土庫鎮"
"路口交岔撞","2021",6,27,7,"晴","日間自然光線",30,"四岔路","交叉路口內","柏油","乾燥","不良","正常","無","未繪設快慢車道分隔線","無",44,"未使用",120.368437,23.69801,"雲林縣","土庫鎮"
"同向擦撞","2021",6,27,8,"晴","日間自然光線",30,"直路","一般車道(未劃分快慢車道)","柏油","乾燥","良好","無號誌","中央分向島","未繪設快慢車道分隔線","有",77,"未使用",120.681599,23.974379,"南投縣","草屯鎮"
"同向擦撞","2021",6,27,8,"晴","日間自然光線",30,"直路","一般車道(未劃分快慢車道)","柏油","乾燥","良好","無號誌","中央分向島","未繪設快慢車道分隔線","有",74,"未使用",120.681599,23.974379,"南投縣","草屯鎮"
"對向擦撞","2021",6,27,11,"晴","日間自然光線",60,"四岔路","交叉口附近","柏油","乾燥","良好","無號誌","雙向禁止超車線","寛式快慢車道分隔島(50公分以上)","有",79,"未使用",120.293901,23.287475,"臺南市","柳營區"
"對向擦撞","2021",6,27,11,"晴","日間自然光線",60,"四岔路","交叉口附近","柏油","乾燥","良好","無號誌","雙向禁止超車線","寛式快慢車道分隔島(50公分以上)","有",27,"未使用",120.293901,23.287475,"臺南市","柳營區"
"路口交岔撞","2021",6,27,14,"雨","日間自然光線",50,"四岔路","交叉路口內","柏油","濕潤","良好","正常","中央分向島","快慢車道分隔線","有",20,"未使用",120.476874,22.568447,"屏東縣","萬丹鄉"
"路口交岔撞","2021",6,27,14,"雨","日間自然光線",50,"四岔路","交叉路口內","柏油","濕潤","良好","正常","中央分向島","快慢車道分隔線","有",61,"未使用",120.476874,22.568447,"屏東縣","萬丹鄉"
"追撞","2021",6,27,22,"晴","夜間(或隧道、地下道、涵洞)無照明",110,"直路","快車道","柏油","乾燥","不良","無號誌","中央分向島","未繪設快慢車道分隔線","有",28,"非駕駛人",120.553433,24.099015,"彰化縣","彰化市"
"追撞","2021",6,27,22,"晴","夜間(或隧道、地下道、涵洞)無照明",110,"直路","快車道","柏油","乾燥","不良","無號誌","中央分向島","未繪設快慢車道分隔線","有",41,"未使用",120.553433,24.099015,"彰化縣","彰化市"
"追撞","2021",6,27,22,"晴","夜間(或隧道、地下道、涵洞)無照明",110,"直路","快車道","柏油","乾燥","不良","無號誌","中央分向島","未繪設快慢車道分隔線","有",24,"未使用",120.553433,24.099015,"彰化縣","彰化市"
"追撞","2021",6,27,22,"晴","夜間(或隧道、地下道、涵洞)無照明",110,"直路","快車道","柏油","乾燥","不良","無號誌","中央分向島","未繪設快慢車道分隔線","有",26,"未使用",120.553433,24.099015,"彰化縣","彰化市"
"追撞","2021",6,27,22,"晴","夜間(或隧道、地下道、涵洞)無照明",110,"直路","快車道","柏油","乾燥","不良","無號誌","中央分向島","未繪設快慢車道分隔線","有",24,"未使用",120.553433,24.099015,"彰化縣","彰化市"
"追撞","2021",6,27,22,"晴","夜間(或隧道、地下道、涵洞)無照明",110,"直路","快車道","柏油","乾燥","不良","無號誌","中央分向島","未繪設快慢車道分隔線","有",28,"未使用",120.553433,24.099015,"彰化縣","彰化市"
"對撞","2021",6,27,23,"雨","夜間(或隧道、地下道、涵洞)無照明",100,"直路","快車道","柏油","濕潤","良好","無號誌","中央分向島","未繪設快慢車道分隔線","有",83,"未使用",120.328824,22.705846,"高雄市","仁武區"
"對撞","2021",6,27,23,"雨","夜間(或隧道、地下道、涵洞)無照明",100,"直路","快車道","柏油","濕潤","良好","無號誌","中央分向島","未繪設快慢車道分隔線","有",33,"未使用",120.328824,22.705846,"高雄市","仁武區"
"對撞","2021",6,27,23,"雨","夜間(或隧道、地下道、涵洞)無照明",100,"直路","快車道","柏油","濕潤","良好","無號誌","中央分向島","未繪設快慢車道分隔線","有",47,"未使用",120.328824,22.705846,"高雄市","仁武區"
"對撞","2021",6,27,23,"雨","夜間(或隧道、地下道、涵洞)無照明",100,"直路","快車道","柏油","濕潤","良好","無號誌","中央分向島","未繪設快慢車道分隔線","有",42,"未使用",120.328824,22.705846,"高雄市","仁武區"
"對撞","2021",6,27,23,"雨","夜間(或隧道、地下道、涵洞)無照明",100,"直路","快車道","柏油","濕潤","良好","無號誌","中央分向島","未繪設快慢車道分隔線","有",63,"未使用",120.328824,22.705846,"高雄市","仁武區"
"對撞","2021",6,27,23,"雨","夜間(或隧道、地下道、涵洞)無照明",100,"直路","快車道","柏油","濕潤","良好","無號誌","中央分向島","未繪設快慢車道分隔線","有",34,"未使用",120.328824,22.705846,"高雄市","仁武區"
"對撞","2021",6,27,23,"雨","夜間(或隧道、地下道、涵洞)無照明",100,"直路","快車道","柏油","濕潤","良好","無號誌","中央分向島","未繪設快慢車道分隔線","有",52,"未使用",120.328824,22.705846,"高雄市","仁武區"
"對撞","2021",6,27,23,"雨","夜間(或隧道、地下道、涵洞)無照明",100,"直路","快車道","柏油","濕潤","良好","無號誌","中央分向島","未繪設快慢車道分隔線","有",60,"未使用",120.328824,22.705846,"高雄市","仁武區"
"路口交岔撞","2021",6,28,12,"雨","日間自然光線",60,"多岔路","交叉口附近","柏油","濕潤","良好","正常","中央分向島","未繪設快慢車道分隔線","有",68,"未使用",120.496117,23.761193,"雲林縣","莿桐鄉"
"路口交岔撞","2021",6,28,12,"雨","日間自然光線",60,"多岔路","交叉口附近","柏油","濕潤","良好","正常","中央分向島","未繪設快慢車道分隔線","有",27,"未使用",120.496117,23.761193,"雲林縣","莿桐鄉"
"側撞","2021",6,28,14,"晴","日間自然光線",70,"直路","慢車道","柏油","濕潤","良好","無號誌","中央分向島","快慢車道分隔線","有",20,"未使用",120.549464,24.140446,"臺中市","大肚區"
"側撞","2021",6,28,14,"晴","日間自然光線",70,"直路","慢車道","柏油","濕潤","良好","無號誌","中央分向島","快慢車道分隔線","有",43,"未使用",120.549464,24.140446,"臺中市","大肚區"
"路口交岔撞","2021",6,28,17,"雨","日間自然光線",30,"四岔路","交叉路口內","柏油","濕潤","良好","正常","無","未繪設快慢車道分隔線","無",73,"不明",120.161556,23.183682,"臺南市","佳里區"
"路口交岔撞","2021",6,28,17,"雨","日間自然光線",30,"四岔路","交叉路口內","柏油","濕潤","良好","正常","無","未繪設快慢車道分隔線","無",50,"未使用",120.161556,23.183682,"臺南市","佳里區"
"穿越道路中","2021",6,28,20,"晴","夜間(或隧道、地下道、涵洞)有照明",50,"直路","一般車道(未劃分快慢車道)","柏油","乾燥","良好","無號誌","中央分向島","未繪設快慢車道分隔線","有",24,"未使用",121.212684,24.889726,"桃園市","龍潭區"
"穿越道路中","2021",6,28,20,"晴","夜間(或隧道、地下道、涵洞)有照明",50,"直路","一般車道(未劃分快慢車道)","柏油","乾燥","良好","無號誌","中央分向島","未繪設快慢車道分隔線","有",75,"非駕駛人",121.212684,24.889726,"桃園市","龍潭區"
"對撞","2021",6,28,21,"晴","夜間(或隧道、地下道、涵洞)有照明",60,"直路","一般車道(未劃分快慢車道)","柏油","乾燥","良好","無號誌","行車分向線","未繪設快慢車道分隔線","有",25,"不明",120.215987,23.573532,"雲林縣","水林鄉"
"對撞","2021",6,28,21,"晴","夜間(或隧道、地下道、涵洞)有照明",60,"直路","一般車道(未劃分快慢車道)","柏油","乾燥","良好","無號誌","行車分向線","未繪設快慢車道分隔線","有",44,"未使用",120.215987,23.573532,"雲林縣","水林鄉"
"側撞","2021",6,29,8,"晴","日間自然光線",50,"四岔路","交叉路口內","柏油","濕潤","良好","正常","無","未繪設快慢車道分隔線","無",79,"未使用",120.456303,23.476602,"嘉義市","東區"
"側撞","2021",6,29,8,"晴","日間自然光線",50,"四岔路","交叉路口內","柏油","濕潤","良好","正常","無","未繪設快慢車道分隔線","無",20,"未使用",120.456303,23.476602,"嘉義市","東區"
"撞路樹、電桿","2021",6,29,14,"雨","日間自然光線",50,"三岔路","交叉口附近","柏油","濕潤","良好","無號誌","中央分向島","未繪設快慢車道分隔線","有",27,"不明",120.199426,23.133966,"臺南市","西港區"
"對撞","2021",6,30,0,"晴","夜間(或隧道、地下道、涵洞)有照明",110,"直路","快車道","柏油","乾燥","良好","無號誌","中央分向島","未繪設快慢車道分隔線","有",35,"未使用",120.617928,24.139493,"臺中市","南屯區"
"對撞","2021",6,30,0,"晴","夜間(或隧道、地下道、涵洞)有照明",110,"直路","快車道","柏油","乾燥","良好","無號誌","中央分向島","未繪設快慢車道分隔線","有",80,"未使用",120.617928,24.139493,"臺中市","南屯區"
"同向擦撞","2021",6,30,2,"晴","夜間(或隧道、地下道、涵洞)有照明",100,"直路","快車道","柏油","乾燥","良好","無號誌","中央分向島","未繪設快慢車道分隔線","有",18,"未使用",121.58923,25.065516,"臺北市","內湖區"
"同向擦撞","2021",6,30,2,"晴","夜間(或隧道、地下道、涵洞)有照明",100,"直路","快車道","柏油","乾燥","良好","無號誌","中央分向島","未繪設快慢車道分隔線","有",33,"未使用",121.58923,25.065516,"臺北市","內湖區"
"穿越道路中","2021",6,30,5,"晴","日間自然光線",50,"直路","一般車道(未劃分快慢車道)","柏油","乾燥","良好","無號誌","中央分向島","未繪設快慢車道分隔線","無",19,"非駕駛人",121.697248,25.15444,"基隆市","安樂區"
"穿越道路中","2021",6,30,5,"晴","日間自然光線",50,"直路","一般車道(未劃分快慢車道)","柏油","乾燥","良好","無號誌","中央分向島","未繪設快慢車道分隔線","無",36,"未使用",121.697248,25.15444,"基隆市","安樂區"
"穿越道路中","2021",6,30,5,"晴","日間自然光線",50,"直路","一般車道(未劃分快慢車道)","柏油","乾燥","良好","無號誌","中央分向島","未繪設快慢車道分隔線","無",80,"未使用",121.697248,25.15444,"基隆市","安樂區"
"路口交岔撞","2021",6,30,14,"晴","日間自然光線",50,"四岔路","交叉路口內","柏油","乾燥","良好","正常","無","未繪設快慢車道分隔線","無",60,"未使用",121.361,25.064227,"桃園市","龜山區"
"路口交岔撞","2021",6,30,14,"晴","日間自然光線",50,"四岔路","交叉路口內","柏油","乾燥","良好","正常","無","未繪設快慢車道分隔線","無",62,"未使用",121.361,25.064227,"桃園市","龜山區"
"其他","2021",6,30,14,"晴","日間自然光線",40,"直路","機車優先道","柏油","乾燥","良好","無號誌","中央分向島","快慢車道分隔線","有",27,"未使用",120.262097,23.046378,"臺南市","永康區"
"其他","2021",6,30,14,"晴","日間自然光線",40,"直路","機車優先道","柏油","乾燥","良好","無號誌","中央分向島","快慢車道分隔線","有",62,"未使用",120.262097,23.046378,"臺南市","永康區"
"其他","2021",6,30,14,"晴","日間自然光線",40,"直路","機車優先道","柏油","乾燥","良好","無號誌","中央分向島","快慢車道分隔線","有",36,"未使用",120.262097,23.046378,"臺南市","永康區"
"側撞","2021",6,30,15,"晴","日間自然光線",50,"四岔路","交叉路口內","柏油","乾燥","良好","正常","無","未繪設快慢車道分隔線","無",86,"未使用",120.167604,23.557308,"雲林縣","口湖鄉"
"側撞","2021",6,30,15,"晴","日間自然光線",50,"四岔路","交叉路口內","柏油","乾燥","良好","正常","無","未繪設快慢車道分隔線","無",30,"未使用",120.167604,23.557308,"雲林縣","口湖鄉"
"路口交岔撞","2021",6,30,17,"晴","日間自然光線",60,"四岔路","交叉路口內","柏油","乾燥","良好","正常","中央分向島","快慢車道分隔線","有",17,"未使用",120.369674,23.704837,"雲林縣","土庫鎮"
"路口交岔撞","2021",6,30,17,"晴","日間自然光線",60,"四岔路","交叉路口內","柏油","乾燥","良好","正常","中央分向島","快慢車道分隔線","有",40,"未使用",120.369674,23.704837,"雲林縣","土庫鎮"
"撞路樹、電桿","2021",6,30,17,"晴","日間自然光線",40,"三岔路","交叉口附近","柏油","乾燥","良好","正常","無","未繪設快慢車道分隔線","有",81,"未使用",120.548923,23.871435,"彰化縣","北斗鎮"
"追撞","2021",6,30,18,"晴","日間自然光線",40,"直路","慢車道","柏油","乾燥","良好","無號誌","中央分向島","快慢車道分隔線","有",72,"未使用",120.372597,22.625055,"高雄市","鳳山區"
"追撞","2021",6,30,18,"晴","日間自然光線",40,"直路","慢車道","柏油","乾燥","良好","無號誌","中央分向島","快慢車道分隔線","有",39,"未使用",120.372597,22.625055,"高雄市","鳳山區"
"追撞","2021",6,30,18,"晴","日間自然光線",40,"直路","慢車道","柏油","乾燥","良好","無號誌","中央分向島","快慢車道分隔線","有",40,"未使用",120.372597,22.625055,"高雄市","鳳山區"
"追撞","2021",6,30,18,"晴","日間自然光線",40,"直路","慢車道","柏油","乾燥","良好","無號誌","中央分向島","快慢車道分隔線","有",54,"未使用",120.372597,22.625055,"高雄市","鳳山區"
"撞護欄(樁)","2021",7,1,3,"晴","夜間(或隧道、地下道、涵洞)有照明",50,"彎曲路及附近","交通島(含槽化線)","柏油","乾燥","良好","無號誌","中央分向島","未繪設快慢車道分隔線","有",21,"不明",121.070355,22.710245,"臺東縣","臺東市"
"撞護欄(樁)","2021",7,1,3,"晴","夜間(或隧道、地下道、涵洞)有照明",50,"彎曲路及附近","交通島(含槽化線)","柏油","乾燥","良好","無號誌","中央分向島","未繪設快慢車道分隔線","有",18,"不明",121.070355,22.710245,"臺東縣","臺東市"
"路口交岔撞","2021",7,1,6,"晴","晨或暮光",30,"多岔路","交叉路口內","柏油","乾燥","良好","正常","無","未繪設快慢車道分隔線","無",57,"未使用",120.575785,24.278105,"臺中市","清水區"
"路口交岔撞","2021",7,1,6,"晴","晨或暮光",30,"多岔路","交叉路口內","柏油","乾燥","良好","正常","無","未繪設快慢車道分隔線","無",37,"未使用",120.575785,24.278105,"臺中市","清水區"
"同向擦撞","2021",7,1,7,"晴","日間自然光線",40,"直路","慢車道","柏油","乾燥","良好","無號誌","中央分向島","窄式快慢車道分隔島(無柵欄)","無",25,"未使用",120.595033,24.156897,"臺中市","南屯區"
"同向擦撞","2021",7,1,7,"晴","日間自然光線",40,"直路","慢車道","柏油","乾燥","良好","無號誌","中央分向島","窄式快慢車道分隔島(無柵欄)","無",45,"未使用",120.595033,24.156897,"臺中市","南屯區"
"同向擦撞","2021",7,1,7,"晴","日間自然光線",40,"直路","慢車道","柏油","乾燥","良好","無號誌","中央分向島","窄式快慢車道分隔島(無柵欄)","無",58,"未使用",120.595033,24.156897,"臺中市","南屯區"
"側撞","2021",7,1,8,"晴","日間自然光線",50,"四岔路","交叉路口內","柏油","乾燥","良好","正常","中央分向島","快慢車道分隔線","有",45,"未使用",121.485198,24.993454,"新北市","中和區"
"側撞","2021",7,1,8,"晴","日間自然光線",50,"四岔路","交叉路口內","柏油","乾燥","良好","正常","中央分向島","快慢車道分隔線","有",23,"未使用",121.485198,24.993454,"新北市","中和區"
"側撞","2021",7,1,8,"晴","日間自然光線",50,"四岔路","交叉路口內","柏油","乾燥","良好","正常","中央分向島","快慢車道分隔線","有",49,"未使用",121.485198,24.993454,"新北市","中和區"
"側撞","2021",7,1,8,"晴","日間自然光線",50,"四岔路","交叉路口內","柏油","乾燥","良好","正常","中央分向島","快慢車道分隔線","有",36,"未使用",121.485198,24.993454,"新北市","中和區"
"同向擦撞","2021",7,1,9,"晴","日間自然光線",50,"三岔路","一般車道(未劃分快慢車道)","柏油","乾燥","良好","正常","雙向禁止超車線","未繪設快慢車道分隔線","無",69,"未使用",120.59815,24.16308,"臺中市","西屯區"
"同向擦撞","2021",7,1,9,"晴","日間自然光線",50,"三岔路","一般車道(未劃分快慢車道)","柏油","乾燥","良好","正常","雙向禁止超車線","未繪設快慢車道分隔線","無",45,"未使用",120.59815,24.16308,"臺中市","西屯區"
"衝出路外","2021",7,1,14,"晴","日間自然光線",50,"彎曲路及附近","一般車道(未劃分快慢車道)","柏油","乾燥","良好","無號誌","雙向禁止超車線","未繪設快慢車道分隔線","有",62,"未使用",120.877771,24.467961,"苗栗縣","獅潭鄉"
"側撞","2021",7,1,19,"晴","夜間(或隧道、地下道、涵洞)有照明",30,"四岔路","交叉路口內","柏油","乾燥","良好","正常","無","未繪設快慢車道分隔線","有",24,"未使用",121.808954,24.687057,"宜蘭縣","五結鄉"
"側撞","2021",7,1,19,"晴","夜間(或隧道、地下道、涵洞)有照明",30,"四岔路","交叉路口內","柏油","乾燥","良好","正常","無","未繪設快慢車道分隔線","有",51,"未使用",121.808954,24.687057,"宜蘭縣","五結鄉"
"同向通行中","2021",7,1,19,"晴","夜間(或隧道、地下道、涵洞)無照明",30,"直路","一般車道(未劃分快慢車道)","柏油","乾燥","不良","無號誌","無","未繪設快慢車道分隔線","無",36,"不明",120.253433,23.00777,"臺南市","永康區"
"同向通行中","2021",7,1,19,"晴","夜間(或隧道、地下道、涵洞)無照明",30,"直路","一般車道(未劃分快慢車道)","柏油","乾燥","不良","無號誌","無","未繪設快慢車道分隔線","無",48,"非駕駛人",120.253433,23.00777,"臺南市","永康區"
"其他","2021",7,2,18,"晴","夜間(或隧道、地下道、涵洞)有照明",50,"直路","其他","柏油","乾燥","良好","無號誌","中央分向島","快慢車道分隔線","無",37,"不明",120.632992,24.009504,"彰化縣","芬園鄉"
"穿越道路中","2021",7,3,4,"晴","夜間(或隧道、地下道、涵洞)有照明",50,"三岔路","交叉路口內","柏油","乾燥","良好","無號誌","雙向禁止超車線","未繪設快慢車道分隔線","有",69,"未使用",121.452231,24.996701,"新北市","板橋區"
"穿越道路中","2021",7,3,4,"晴","夜間(或隧道、地下道、涵洞)有照明",50,"三岔路","交叉路口內","柏油","乾燥","良好","無號誌","雙向禁止超車線","未繪設快慢車道分隔線","有",79,"非駕駛人",121.452231,24.996701,"新北市","板橋區"
"撞號誌、標誌桿","2021",7,3,9,"晴","日間自然光線",30,"直路","一般車道(未劃分快慢車道)","柏油","乾燥","良好","無號誌","無","未繪設快慢車道分隔線","有",70,"未使用",121.257671,24.885893,"桃園市","大溪區"
"側撞","2021",7,3,9,"晴","日間自然光線",40,"直路","快車道","柏油","乾燥","良好","正常","中央分向島","快慢車道分隔線","有",51,"未使用",120.486907,22.657715,"屏東縣","屏東市"
"側撞","2021",7,3,9,"晴","日間自然光線",40,"直路","快車道","柏油","乾燥","良好","正常","中央分向島","快慢車道分隔線","有",77,"未使用",120.486907,22.657715,"屏東縣","屏東市"
"其他","2021",7,3,14,"晴","日間自然光線",70,"直路","一般車道(未劃分快慢車道)","柏油","乾燥","良好","無號誌","中央分向島","未繪設快慢車道分隔線","有",60,"未使用",120.65648,23.959664,"南投縣","草屯鎮"
"追撞","2021",7,3,17,"晴","日間自然光線",60,"直路","機車專用道","柏油","乾燥","良好","無號誌","中央分向島","快慢車道分隔線","有",34,"未使用",120.195583,22.954673,"臺南市","南區"
"追撞","2021",7,3,17,"晴","日間自然光線",60,"直路","機車專用道","柏油","乾燥","良好","無號誌","中央分向島","快慢車道分隔線","有",61,"未使用",120.195583,22.954673,"臺南市","南區"
"側撞","2021",7,4,2,"晴","夜間(或隧道、地下道、涵洞)無照明",60,"直路","一般車道(未劃分快慢車道)","柏油","乾燥","良好","無號誌","雙向禁止超車線","未繪設快慢車道分隔線","有",36,"未使用",120.459991,22.537062,"屏東縣","新園鄉"
"側撞","2021",7,4,2,"晴","夜間(或隧道、地下道、涵洞)無照明",60,"直路","一般車道(未劃分快慢車道)","柏油","乾燥","良好","無號誌","雙向禁止超車線","未繪設快慢車道分隔線","有",70,"未使用",120.459991,22.537062,"屏東縣","新園鄉"
"其他","2021",7,4,4,"晴","夜間(或隧道、地下道、涵洞)有照明",50,"四岔路","交叉路口內","柏油","乾燥","良好","無號誌","無","未繪設快慢車道分隔線","無",48,"非駕駛人",120.681521,24.137928,"臺中市","中區"
"其他","2021",7,4,4,"晴","夜間(或隧道、地下道、涵洞)有照明",50,"四岔路","交叉路口內","柏油","乾燥","良好","無號誌","無","未繪設快慢車道分隔線","無",25,"未使用",120.681521,24.137928,"臺中市","中區"
"撞路樹、電桿","2021",7,4,4,"晴","晨或暮光",30,"三岔路","交叉口附近","柏油","乾燥","良好","無號誌","雙向禁止超車線","未繪設快慢車道分隔線","有",23,"不明",120.815418,24.450253,"苗栗縣","銅鑼鄉"
"側撞","2021",7,4,8,"晴","日間自然光線",50,"四岔路","交叉路口內","柏油","乾燥","良好","正常","雙向禁止超車線","快慢車道分隔線","有",46,"未使用",120.535343,24.098581,"彰化縣","和美鎮"
"側撞","2021",7,4,8,"晴","日間自然光線",50,"四岔路","交叉路口內","柏油","乾燥","良好","正常","雙向禁止超車線","快慢車道分隔線","有",87,"未使用",120.535343,24.098581,"彰化縣","和美鎮"
"路口交岔撞","2021",7,4,11,"晴","日間自然光線",50,"四岔路","交叉路口內","柏油","乾燥","良好","正常","無","未繪設快慢車道分隔線","無",32,"未使用",120.717639,24.306852,"臺中市","后里區"
"路口交岔撞","2021",7,4,11,"晴","日間自然光線",50,"四岔路","交叉路口內","柏油","乾燥","良好","正常","無","未繪設快慢車道分隔線","無",65,"未使用",120.717639,24.306852,"臺中市","后里區"
"衝出路外","2021",7,4,12,"晴","日間自然光線",50,"直路","路肩、路緣","柏油","乾燥","良好","無號誌","雙向禁止超車線","快慢車道分隔線","有",49,"不明",120.514172,22.435116,"屏東縣","林邊鄉"
"衝出路外","2021",7,4,12,"晴","日間自然光線",50,"直路","路肩、路緣","柏油","乾燥","良好","無號誌","雙向禁止超車線","快慢車道分隔線","有",66,"未使用",120.514172,22.435116,"屏東縣","林邊鄉"
"側撞","2021",7,4,16,"陰","日間自然光線",80,"四岔路","交叉路口內","柏油","乾燥","良好","正常","無","未繪設快慢車道分隔線","無",43,"不明",120.916702,24.785565,"新竹市","香山區"
"側撞","2021",7,4,16,"陰","日間自然光線",80,"四岔路","交叉路口內","柏油","乾燥","良好","正常","無","未繪設快慢車道分隔線","無",21,"非駕駛人",120.916702,24.785565,"新竹市","香山區"
"側撞","2021",7,4,16,"陰","日間自然光線",80,"四岔路","交叉路口內","柏油","乾燥","良好","正常","無","未繪設快慢車道分隔線","無",18,"不明",120.916702,24.785565,"新竹市","香山區"
"撞路樹、電桿","2021",7,4,23,"晴","日間自然光線",50,"直路","路肩、路緣","柏油","乾燥","良好","正常","雙向禁止超車線","未繪設快慢車道分隔線","有",17,"未使用",120.548806,22.694977,"屏東縣","長治鄉"
"撞護欄(樁)","2021",7,5,7,"晴","日間自然光線",40,"彎曲路及附近","一般車道(未劃分快慢車道)","柏油","乾燥","良好","無號誌","雙向禁止超車線","未繪設快慢車道分隔線","有",20,"未使用",121.720231,24.901738,"新北市","坪林區"
"側撞","2021",7,5,13,"晴","日間自然光線",50,"直路","一般車道(未劃分快慢車道)","柏油","乾燥","良好","無號誌","行車分向線","未繪設快慢車道分隔線","有",44,"未使用",120.275278,23.030751,"臺南市","永康區"
"側撞","2021",7,5,13,"晴","日間自然光線",50,"直路","一般車道(未劃分快慢車道)","柏油","乾燥","良好","無號誌","行車分向線","未繪設快慢車道分隔線","有",49,"未使用",120.275278,23.030751,"臺南市","永康區"