"事故類型及型態子類別名稱","發生年度","發生月份","發生日期","發生時間","天候名稱","光線名稱","速限.第1當事者","道路型態子類別名稱","事故位置子類別名稱","路面狀況.路面鋪裝名稱","路面狀況.路面狀態名稱","道路障礙.視距品質名稱","號誌.號誌動作名稱","車道劃分設施.分向設施大類別名稱","車道劃分設施.分道設施.快慢車道間名稱","車道劃分設施.分道設施.路面邊線名稱","當事者事故發生時年齡","行動電話或電腦或其他相類功能裝置名稱","經度","緯度","縣市","鄉鎮"
"側撞","2021",7,5,13,"晴","日間自然光線",50,"直路","一般車道(未劃分快慢車道)","柏油","乾燥","良好","無號誌","行車分向線","未繪設快慢車道分隔線","有",53,"未使用",120.275278,23.030751,"臺南市","永康區"
"撞護欄(樁)","2021",7,5,14,"晴","日間自然光線",30,"彎曲路及附近","一般車道(未劃分快慢車道)","柏油","乾燥","良好","無號誌","無","未繪設快慢車道分隔線","無",110,"",120.753043,24.118547,"臺中市","太平區"
"撞護欄(樁)","2021",7,5,14,"晴","日間自然光線",30,"彎曲路及附近","一般車道(未劃分快慢車道)","柏油","乾燥","良好","無號誌","無","未繪設快慢車道分隔線","無",80,"不明",120.753043,24.118547,"臺中市","太平區"
"同向擦撞","2021",7,5,15,"雨","日間自然光線",110,"直路","快車道","柏油","濕潤","良好","無號誌","中央分向島","未繪設快慢車道分隔線","有",31,"未使用",120.381792,22.851111,"高雄市","田寮區"
"同向擦撞","2021",7,5,15,"雨","日間自然光線",110,"直路","快車道","柏油","濕潤","良好","無號誌","中央分向島","未繪設快慢車道分隔線","有",62,"非駕駛人",120.381792,22.851111,"高雄市","田寮區"
"同向擦撞","2021",7,5,15,"雨","日間自然光線",110,"直路","快車道","柏油","濕潤","良好","無號誌","中央分向島","未繪設快慢車道分隔線","有",64,"未使用",120.381792,22.851111,"高雄市","田寮區"
"側撞","2021",7,5,17,"晴","日間自然光線",50,"四岔路","交叉路口內","柏油","乾燥","良好","正常","中央分向島","未繪設快慢車道分隔線","有",73,"未使用",120.44465,23.954564,"彰化縣","二林鎮"
"側撞","2021",7,5,17,"晴","日間自然光線",50,"四岔路","交叉路口內","柏油","乾燥","良好","正常","中央分向島","未繪設快慢車道分隔線","有",20,"未使用",120.44465,23.954564,"彰化縣","二林鎮"
"路口交岔撞","2021",7,5,19,"晴","夜間(或隧道、地下道、涵洞)有照明",30,"四岔路","交叉路口內","柏油","乾燥","良好","無號誌","無","未繪設快慢車道分隔線","無",56,"未使用",120.498198,22.60495,"屏東縣","萬丹鄉"
"路口交岔撞","2021",7,5,19,"晴","夜間(或隧道、地下道、涵洞)有照明",30,"四岔路","交叉路口內","柏油","乾燥","良好","無號誌","無","未繪設快慢車道分隔線","無",25,"未使用",120.498198,22.60495,"屏東縣","萬丹鄉"
"路口交岔撞","2021",7,5,19,"晴","夜間(或隧道、地下道、涵洞)有照明",30,"四岔路","交叉路口內","柏油","乾燥","良好","無號誌","無","未繪設快慢車道分隔線","無",52,"不明",120.498198,22.60495,"屏東縣","萬丹鄉"
"穿越道路中","2021",7,5,22,"晴","夜間(或隧道、地下道、涵洞)有照明",50,"直路","一般車道(未劃分快慢車道)","柏油","乾燥","良好","無號誌","中央分向島","未繪設快慢車道分隔線","無",19,"未使用",121.539819,24.999989,"臺北市","文山區"
"穿越道路中","2021",7,5,22,"晴","夜間(或隧道、地下道、涵洞)有照明",50,"直路","一般車道(未劃分快慢車道)","柏油","乾燥","良好","無號誌","中央分向島","未繪設快慢車道分隔線","無",59,"非駕駛人",121.539819,24.999989,"臺北市","文山區"
"側撞","2021",7,6,7,"晴","日間自然光線",50,"四岔路","交叉路口內","柏油","乾燥","良好","正常","無","未繪設快慢車道分隔線","有",60,"未使用",120.672783,24.044752,"臺中市","霧峰區"
"側撞","2021",7,6,7,"晴","日間自然光線",50,"四岔路","交叉路口內","柏油","乾燥","良好","正常","無","未繪設快慢車道分隔線","有",34,"未使用",120.672783,24.044752,"臺中市","霧峰區"
"撞路樹、電桿","2021",7,6,9,"晴","日間自然光線",30,"四岔路","交叉路口內","柏油","乾燥","良好","無號誌","無","未繪設快慢車道分隔線","有",76,"未使用",120.559854,22.627195,"屏東縣","內埔鄉"
"側撞","2021",7,6,10,"晴","日間自然光線",70,"三岔路","交叉路口內","柏油","乾燥","良好","正常","無","未繪設快慢車道分隔線","無",49,"未使用",120.614963,24.24355,"臺中市","沙鹿區"
"側撞","2021",7,6,10,"晴","日間自然光線",70,"三岔路","交叉路口內","柏油","乾燥","良好","正常","無","未繪設快慢車道分隔線","無",47,"未使用",120.614963,24.24355,"臺中市","沙鹿區"
"其他","2021",7,6,19,"雨","夜間(或隧道、地下道、涵洞)有照明",50,"直路","一般車道(未劃分快慢車道)","柏油","濕潤","良好","無號誌","中央分向島","未繪設快慢車道分隔線","無",41,"不明",121.540396,25.041589,"臺北市","大安區"
"其他","2021",7,6,19,"雨","夜間(或隧道、地下道、涵洞)有照明",50,"直路","一般車道(未劃分快慢車道)","柏油","濕潤","良好","無號誌","中央分向島","未繪設快慢車道分隔線","無",56,"不明",121.540396,25.041589,"臺北市","大安區"
"其他","2021",7,6,19,"雨","夜間(或隧道、地下道、涵洞)有照明",50,"直路","一般車道(未劃分快慢車道)","柏油","濕潤","良好","無號誌","中央分向島","未繪設快慢車道分隔線","無",46,"不明",121.540396,25.041589,"臺北市","大安區"
"其他","2021",7,6,19,"雨","夜間(或隧道、地下道、涵洞)有照明",50,"直路","一般車道(未劃分快慢車道)","柏油","濕潤","良好","無號誌","中央分向島","未繪設快慢車道分隔線","無",23,"不明",121.540396,25.041589,"臺北市","大安區"
"路口交岔撞","2021",7,7,7,"晴","日間自然光線",50,"四岔路","交叉路口內","柏油","乾燥","良好","正常","無","未繪設快慢車道分隔線","無",76,"未使用",120.489077,22.687793,"屏東縣","屏東市"
"路口交岔撞","2021",7,7,7,"晴","日間自然光線",50,"四岔路","交叉路口內","柏油","乾燥","良好","正常","無","未繪設快慢車道分隔線","無",36,"未使用",120.489077,22.687793,"屏東縣","屏東市"
"路上翻車、摔倒","2021",7,7,12,"晴","日間自然光線",40,"彎曲路及附近","一般車道(未劃分快慢車道)","柏油","乾燥","良好","無號誌","無","未繪設快慢車道分隔線","有",59,"未使用",121.396111,25.109071,"新北市","八里區"
"側撞","2021",7,7,12,"晴","日間自然光線",50,"三岔路","交叉路口內","柏油","乾燥","良好","正常","無","未繪設快慢車道分隔線","無",66,"未使用",120.3453,22.60463,"高雄市","鳳山區"
"側撞","2021",7,7,12,"晴","日間自然光線",50,"三岔路","交叉路口內","柏油","乾燥","良好","正常","無","未繪設快慢車道分隔線","無",66,"未使用",120.3453,22.60463,"高雄市","鳳山區"
"穿越道路中","2021",7,7,16,"陰","日間自然光線",50,"直路","快車道","柏油","乾燥","良好","無號誌","中央分向島","快慢車道分隔線","無",36,"未使用",120.680462,24.157328,"臺中市","北區"
"穿越道路中","2021",7,7,16,"陰","日間自然光線",50,"直路","快車道","柏油","乾燥","良好","無號誌","中央分向島","快慢車道分隔線","無",58,"非駕駛人",120.680462,24.157328,"臺中市","北區"
"同向擦撞","2021",7,7,17,"晴","日間自然光線",30,"直路","一般車道(未劃分快慢車道)","柏油","乾燥","良好","無號誌","無","未繪設快慢車道分隔線","無",71,"非駕駛人",120.250617,22.737009,"高雄市","梓官區"
"同向擦撞","2021",7,7,17,"晴","日間自然光線",30,"直路","一般車道(未劃分快慢車道)","柏油","乾燥","良好","無號誌","無","未繪設快慢車道分隔線","無",47,"未使用",120.250617,22.737009,"高雄市","梓官區"
"佇立路邊(外)","2021",7,7,17,"晴","日間自然光線",50,"四岔路","交叉路口內","柏油","乾燥","良好","無號誌","無","未繪設快慢車道分隔線","無",68,"未使用",120.340075,22.565256,"高雄市","小港區"
"佇立路邊(外)","2021",7,7,17,"晴","日間自然光線",50,"四岔路","交叉路口內","柏油","乾燥","良好","無號誌","無","未繪設快慢車道分隔線","無",64,"非駕駛人",120.340075,22.565256,"高雄市","小港區"
"同向擦撞","2021",7,8,4,"晴","日間自然光線",50,"隧道","一般車道(未劃分快慢車道)","柏油","乾燥","良好","無號誌","無","未繪設快慢車道分隔線","無",51,"未使用",121.733213,25.110002,"基隆市","暖暖區"
"同向擦撞","2021",7,8,4,"晴","日間自然光線",50,"隧道","一般車道(未劃分快慢車道)","柏油","乾燥","良好","無號誌","無","未繪設快慢車道分隔線","無",59,"未使用",121.733213,25.110002,"基隆市","暖暖區"
"同向擦撞","2021",7,8,4,"晴","日間自然光線",50,"隧道","一般車道(未劃分快慢車道)","柏油","乾燥","良好","無號誌","無","未繪設快慢車道分隔線","無",38,"未使用",121.733213,25.110002,"基隆市","暖暖區"
"同向擦撞","2021",7,8,4,"晴","日間自然光線",50,"隧道","一般車道(未劃分快慢車道)","柏油","乾燥","良好","無號誌","無","未繪設快慢車道分隔線","無",30,"未使用",121.733213,25.110002,"基隆市","暖暖區"
"側撞","2021",7,8,8,"晴","日間自然光線",60,"三岔路","交叉路口內","柏油","乾燥","良好","正常","雙向禁止超車線","未繪設快慢車道分隔線","無",47,"不明",120.216101,23.069372,"臺南市","南區"
"側撞","2021",7,8,8,"晴","日間自然光線",60,"三岔路","交叉路口內","柏油","乾燥","良好","正常","雙向禁止超車線","未繪設快慢車道分隔線","無",20,"未使用",120.216101,23.069372,"臺南市","南區"
"側撞","2021",7,8,8,"晴","日間自然光線",60,"三岔路","交叉路口內","柏油","乾燥","良好","正常","雙向禁止超車線","未繪設快慢車道分隔線","無",59,"未使用",120.216101,23.069372,"臺南市","南區"
"側撞","2021",7,8,9,"晴","日間自然光線",60,"三岔路","交叉路口內","柏油","乾燥","良好","無號誌","無","未繪設快慢車道分隔線","無",73,"不明",121.109725,24.895519,"桃園市","楊梅區"
"側撞","2021",7,8,9,"晴","日間自然光線",60,"三岔路","交叉路口內","柏油","乾燥","良好","無號誌","無","未繪設快慢車道分隔線","無",47,"不明",121.109725,24.895519,"桃園市","楊梅區"
"路口交岔撞","2021",7,8,16,"晴","日間自然光線",30,"四岔路","交叉路口內","柏油","乾燥","良好","無號誌","無","未繪設快慢車道分隔線","有",63,"未使用",120.976652,24.859527,"新竹縣","竹北市"
"路口交岔撞","2021",7,8,16,"晴","日間自然光線",30,"四岔路","交叉路口內","柏油","乾燥","良好","無號誌","無","未繪設快慢車道分隔線","有",74,"未使用",120.976652,24.859527,"新竹縣","竹北市"
"撞護欄(樁)","2021",7,8,17,"晴","日間自然光線",50,"直路","一般車道(未劃分快慢車道)","柏油","乾燥","良好","無號誌","行車分向線","未繪設快慢車道分隔線","有",46,"不明",120.502131,22.478842,"屏東縣","南州鄉"
"側撞","2021",7,8,19,"晴","夜間(或隧道、地下道、涵洞)有照明",60,"直路","快車道","柏油","乾燥","良好","無號誌","雙向禁止超車線","快慢車道分隔線","有",71,"未使用",121.152701,23.018217,"臺東縣","關山鎮"
"側撞","2021",7,8,19,"晴","夜間(或隧道、地下道、涵洞)有照明",60,"直路","快車道","柏油","乾燥","良好","無號誌","雙向禁止超車線","快慢車道分隔線","有",21,"未使用",121.152701,23.018217,"臺東縣","關山鎮"
"路口交岔撞","2021",7,9,10,"晴","日間自然光線",50,"四岔路","交叉路口內","柏油","乾燥","良好","正常","雙向禁止超車線","快慢車道分隔線","有",62,"未使用",120.563086,22.428113,"屏東縣","佳冬鄉"
"路口交岔撞","2021",7,9,10,"晴","日間自然光線",50,"四岔路","交叉路口內","柏油","乾燥","良好","正常","雙向禁止超車線","快慢車道分隔線","有",39,"未使用",120.563086,22.428113,"屏東縣","佳冬鄉"
"其他","2021",7,9,21,"晴","夜間(或隧道、地下道、涵洞)有照明",50,"多岔路","交叉路口內","柏油","乾燥","良好","正常","中央分向島","快慢車道分隔線","無",62,"不明",121.497967,25.093992,"臺北市","士林區"
"其他","2021",7,9,21,"晴","夜間(或隧道、地下道、涵洞)有照明",50,"多岔路","交叉路口內","柏油","乾燥","良好","正常","中央分向島","快慢車道分隔線","無",41,"不明",121.497967,25.093992,"臺北市","士林區"
"路上翻車、摔倒","2021",7,10,6,"晴","日間自然光線",50,"彎曲路及附近","路肩、路緣","柏油","乾燥","良好","無號誌","中央分向島","未繪設快慢車道分隔線","有",46,"未使用",121.209483,24.964076,"桃園市","中壢區"
"側撞","2021",7,10,15,"晴","日間自然光線",50,"四岔路","交叉路口內","柏油","乾燥","良好","正常","無","未繪設快慢車道分隔線","無",64,"不明",121.315512,25.001108,"桃園市","桃園區"
"側撞","2021",7,10,15,"晴","日間自然光線",50,"四岔路","交叉路口內","柏油","乾燥","良好","正常","無","未繪設快慢車道分隔線","無",23,"不明",121.315512,25.001108,"桃園市","桃園區"
"追撞","2021",7,10,17,"晴","日間自然光線",50,"直路","路肩、路緣","柏油","乾燥","良好","無號誌","雙向禁止超車線","未繪設快慢車道分隔線","無",38,"不明",120.345302,23.761058,"雲林縣","崙背鄉"
"追撞","2021",7,10,17,"晴","日間自然光線",50,"直路","路肩、路緣","柏油","乾燥","良好","無號誌","雙向禁止超車線","未繪設快慢車道分隔線","無",81,"不明",120.345302,23.761058,"雲林縣","崙背鄉"
"側撞","2021",7,10,19,"晴","夜間(或隧道、地下道、涵洞)有照明",50,"直路","一般車道(未劃分快慢車道)","柏油","乾燥","良好","無號誌","行車分向線","未繪設快慢車道分隔線","有",18,"未使用",120.549625,23.952396,"彰化縣","埔心鄉"
"側撞","2021",7,10,19,"晴","夜間(或隧道、地下道、涵洞)有照明",50,"直路","一般車道(未劃分快慢車道)","柏油","乾燥","良好","無號誌","行車分向線","未繪設快慢車道分隔線","有",21,"未使用",120.549625,23.952396,"彰化縣","埔心鄉"
"其他","2021",7,10,21,"雨","夜間(或隧道、地下道、涵洞)有照明",50,"三岔路","交叉口附近","柏油","濕潤","良好","正常","雙向禁止超車線","快慢車道分隔線","無",20,"未使用",120.333313,23.372045,"臺南市","後壁區"
"其他","2021",7,10,21,"雨","夜間(或隧道、地下道、涵洞)有照明",50,"三岔路","交叉口附近","柏油","濕潤","良好","正常","雙向禁止超車線","快慢車道分隔線","無",46,"未使用",120.333313,23.372045,"臺南市","後壁區"
"同向擦撞","2021",7,11,9,"晴","日間自然光線",50,"直路","一般車道(未劃分快慢車道)","柏油","乾燥","良好","無號誌","中央分向島","未繪設快慢車道分隔線","有",8,"未使用",121.370524,25.060931,"桃園市","龜山區"
"同向擦撞","2021",7,11,9,"晴","日間自然光線",50,"直路","一般車道(未劃分快慢車道)","柏油","乾燥","良好","無號誌","中央分向島","未繪設快慢車道分隔線","有",44,"未使用",121.370524,25.060931,"桃園市","龜山區"
"同向擦撞","2021",7,11,9,"晴","日間自然光線",50,"直路","一般車道(未劃分快慢車道)","柏油","乾燥","良好","無號誌","中央分向島","未繪設快慢車道分隔線","有",52,"未使用",121.370524,25.060931,"桃園市","龜山區"
"路口交岔撞","2021",7,11,12,"晴","日間自然光線",30,"四岔路","交叉路口內","柏油","乾燥","不良","無號誌","無","未繪設快慢車道分隔線","無",31,"不明",120.224295,23.637832,"雲林縣","四湖鄉"
"路口交岔撞","2021",7,11,12,"晴","日間自然光線",30,"四岔路","交叉路口內","柏油","乾燥","不良","無號誌","無","未繪設快慢車道分隔線","無",67,"不明",120.224295,23.637832,"雲林縣","四湖鄉"
"路口交岔撞","2021",7,11,12,"晴","日間自然光線",50,"四岔路","交叉路口內","柏油","乾燥","良好","正常","無","未繪設快慢車道分隔線","無",28,"未使用",121.741353,24.768378,"宜蘭縣","宜蘭市"
"路口交岔撞","2021",7,11,12,"晴","日間自然光線",50,"四岔路","交叉路口內","柏油","乾燥","良好","正常","無","未繪設快慢車道分隔線","無",28,"非駕駛人",121.741353,24.768378,"宜蘭縣","宜蘭市"
"路口交岔撞","2021",7,11,12,"晴","日間自然光線",50,"四岔路","交叉路口內","柏油","乾燥","良好","正常","無","未繪設快慢車道分隔線","無",58,"未使用",121.741353,24.768378,"宜蘭縣","宜蘭市"
"其他","2021",7,11,13,"晴","日間自然光線",50,"三岔路","交叉路口內","柏油","乾燥","良好","正常","雙向禁止超車線","未繪設快慢車道分隔線","無",37,"未使用",120.537008,24.077039,"彰化縣","彰化市"
"其他","2021",7,11,13,"晴","日間自然光線",50,"三岔路","交叉路口內","柏油","乾燥","良好","正常","雙向禁止超車線","未繪設快慢車道分隔線","無",20,"未使用",120.537008,24.077039,"彰化縣","彰化市"
"側撞","2021",7,12,7,"晴","日間自然光線",30,"三岔路","交叉路口內","柏油","乾燥","良好","無號誌","無","未繪設快慢車道分隔線","無",40,"未使用",120.572646,24.104538,"彰化縣","彰化市"
"側撞","2021",7,12,7,"晴","日間自然光線",30,"三岔路","交叉路口內","柏油","乾燥","良好","無號誌","無","未繪設快慢車道分隔線","無",35,"未使用",120.572646,24.104538,"彰化縣","彰化市"
"路口交岔撞","2021",7,12,8,"晴","日間自然光線",30,"四岔路","交叉路口內","柏油","乾燥","良好","正常","無","未繪設快慢車道分隔線","無",18,"未使用",120.740993,24.329555,"臺中市","后里區"
"路口交岔撞","2021",7,12,8,"晴","日間自然光線",30,"四岔路","交叉路口內","柏油","乾燥","良好","正常","無","未繪設快慢車道分隔線","無",41,"未使用",120.740993,24.329555,"臺中市","后里區"
"路上翻車、摔倒","2021",7,12,14,"雨","日間自然光線",40,"直路","機車專用道","柏油","濕潤","良好","無號誌","雙向禁止超車線","未繪設快慢車道分隔線","無",58,"未使用",121.46982,25.036062,"新北市","板橋區"
"衝出路外","2021",7,12,21,"陰","夜間(或隧道、地下道、涵洞)有照明",40,"彎曲路及附近","快車道","柏油","乾燥","良好","無號誌","無","未繪設快慢車道分隔線","無",55,"不明",121.398394,25.141247,"新北市","五股區"
"側撞","2021",7,13,6,"晴","日間自然光線",50,"直路","一般車道(未劃分快慢車道)","柏油","乾燥","良好","無號誌","行車分向線","未繪設快慢車道分隔線","有",61,"不明",120.559685,22.469845,"屏東縣","新埤鄉"
"側撞","2021",7,13,6,"晴","日間自然光線",50,"直路","一般車道(未劃分快慢車道)","柏油","乾燥","良好","無號誌","行車分向線","未繪設快慢車道分隔線","有",62,"未使用",120.559685,22.469845,"屏東縣","新埤鄉"
"側撞","2021",7,13,8,"晴","日間自然光線",40,"四岔路","交叉路口內","柏油","乾燥","良好","正常","中央分向島","快慢車道分隔線","無",32,"不明",120.478683,22.681779,"屏東縣","屏東市"
"側撞","2021",7,13,8,"晴","日間自然光線",40,"四岔路","交叉路口內","柏油","乾燥","良好","正常","中央分向島","快慢車道分隔線","無",34,"未使用",120.478683,22.681779,"屏東縣","屏東市"
"側撞","2021",7,13,8,"晴","日間自然光線",40,"四岔路","交叉路口內","柏油","乾燥","良好","正常","中央分向島","快慢車道分隔線","無",82,"未使用",120.478683,22.681779,"屏東縣","屏東市"
"對撞","2021",7,13,8,"晴","日間自然光線",40,"彎曲路及附近","一般車道(未劃分快慢車道)","柏油","乾燥","良好","無號誌","雙向禁止超車線","未繪設快慢車道分隔線","有",60,"未使用",120.606243,23.308373,"嘉義縣","大埔鄉"
"對撞","2021",7,13,8,"晴","日間自然光線",40,"彎曲路及附近","一般車道(未劃分快慢車道)","柏油","乾燥","良好","無號誌","雙向禁止超車線","未繪設快慢車道分隔線","有",58,"未使用",120.606243,23.308373,"嘉義縣","大埔鄉"
"同向擦撞","2021",7,13,8,"晴","日間自然光線",50,"直路","一般車道(未劃分快慢車道)","柏油","乾燥","良好","無號誌","行車分向線","未繪設快慢車道分隔線","有",38,"未使用",120.67084,24.22726,"臺中市","大雅區"
"同向擦撞","2021",7,13,8,"晴","日間自然光線",50,"直路","一般車道(未劃分快慢車道)","柏油","乾燥","良好","無號誌","行車分向線","未繪設快慢車道分隔線","有",67,"未使用",120.67084,24.22726,"臺中市","大雅區"
"側撞","2021",7,13,9,"晴","日間自然光線",50,"四岔路","交叉路口內","柏油","乾燥","良好","正常","無","未繪設快慢車道分隔線","無",78,"未使用",120.451017,23.600061,"嘉義縣","大林鎮"
"側撞","2021",7,13,9,"晴","日間自然光線",50,"四岔路","交叉路口內","柏油","乾燥","良好","正常","無","未繪設快慢車道分隔線","無",58,"未使用",120.451017,23.600061,"嘉義縣","大林鎮"
"同向擦撞","2021",7,13,16,"晴","日間自然光線",60,"四岔路","交叉路口內","柏油","乾燥","良好","正常","中央分向島","寛式快慢車道分隔島(50公分以上)","無",49,"未使用",121.78879,24.634272,"宜蘭縣","冬山鄉"
"同向擦撞","2021",7,13,16,"晴","日間自然光線",60,"四岔路","交叉路口內","柏油","乾燥","良好","正常","中央分向島","寛式快慢車道分隔島(50公分以上)","無",26,"未使用",121.78879,24.634272,"宜蘭縣","冬山鄉"
"其他","2021",7,13,19,"晴","夜間(或隧道、地下道、涵洞)有照明",50,"直路","一般車道(未劃分快慢車道)","柏油","乾燥","良好","無號誌","行車分向線","未繪設快慢車道分隔線","無",42,"非駕駛人",120.440771,23.376413,"臺南市","白河區"
"其他","2021",7,13,19,"晴","夜間(或隧道、地下道、涵洞)有照明",50,"直路","一般車道(未劃分快慢車道)","柏油","乾燥","良好","無號誌","行車分向線","未繪設快慢車道分隔線","無",72,"未使用",120.440771,23.376413,"臺南市","白河區"
"穿越道路中","2021",7,13,19,"雨","夜間(或隧道、地下道、涵洞)有照明",50,"直路","一般車道(未劃分快慢車道)","柏油","濕潤","不良","無號誌","雙向禁止超車線","未繪設快慢車道分隔線","有",43,"未使用",121.081812,24.74539,"新竹縣","竹東鎮"
"穿越道路中","2021",7,13,19,"雨","夜間(或隧道、地下道、涵洞)有照明",50,"直路","一般車道(未劃分快慢車道)","柏油","濕潤","不良","無號誌","雙向禁止超車線","未繪設快慢車道分隔線","有",45,"未使用",121.081812,24.74539,"新竹縣","竹東鎮"
"穿越道路中","2021",7,13,19,"雨","夜間(或隧道、地下道、涵洞)有照明",50,"直路","一般車道(未劃分快慢車道)","柏油","濕潤","不良","無號誌","雙向禁止超車線","未繪設快慢車道分隔線","有",77,"非駕駛人",121.081812,24.74539,"新竹縣","竹東鎮"
"路口交岔撞","2021",7,13,19,"陰","夜間(或隧道、地下道、涵洞)有照明",50,"四岔路","交叉路口內","柏油","乾燥","良好","無號誌","無","未繪設快慢車道分隔線","無",38,"未使用",121.172697,25.007993,"桃園市","中壢區"
"路口交岔撞","2021",7,13,19,"陰","夜間(或隧道、地下道、涵洞)有照明",50,"四岔路","交叉路口內","柏油","乾燥","良好","無號誌","無","未繪設快慢車道分隔線","無",55,"未使用",121.172697,25.007993,"桃園市","中壢區"
"追撞","2021",7,14,5,"晴","晨或暮光",50,"直路","一般車道(未劃分快慢車道)","柏油","乾燥","良好","無號誌","行車分向線","未繪設快慢車道分隔線","有",22,"未使用",120.384376,23.70308,"雲林縣","虎尾鎮"
"追撞","2021",7,14,5,"晴","晨或暮光",50,"直路","一般車道(未劃分快慢車道)","柏油","乾燥","良好","無號誌","行車分向線","未繪設快慢車道分隔線","有",22,"未使用",120.384376,23.70308,"雲林縣","虎尾鎮"
"追撞","2021",7,14,5,"晴","晨或暮光",50,"直路","一般車道(未劃分快慢車道)","柏油","乾燥","良好","無號誌","行車分向線","未繪設快慢車道分隔線","有",87,"未使用",120.384376,23.70308,"雲林縣","虎尾鎮"
"追撞","2021",7,14,10,"晴","日間自然光線",40,"坡路","快車道","柏油","乾燥","良好","無號誌","無","未繪設快慢車道分隔線","有",36,"不明",121.444316,25.058071,"新北市","八里區"
"追撞","2021",7,14,10,"晴","日間自然光線",40,"坡路","快車道","柏油","乾燥","良好","無號誌","無","未繪設快慢車道分隔線","有",41,"未使用",121.444316,25.058071,"新北市","八里區"
"追撞","2021",7,14,10,"晴","日間自然光線",40,"坡路","快車道","柏油","乾燥","良好","無號誌","無","未繪設快慢車道分隔線","有",60,"未使用",121.444316,25.058071,"新北市","八里區"
"追撞","2021",7,14,10,"晴","日間自然光線",40,"坡路","快車道","柏油","乾燥","良好","無號誌","無","未繪設快慢車道分隔線","有",56,"未使用",121.444316,25.058071,"新北市","八里區"
"追撞","2021",7,14,10,"晴","日間自然光線",40,"坡路","快車道","柏油","乾燥","良好","無號誌","無","未繪設快慢車道分隔線","有",37,"未使用",121.444316,25.058071,"新北市","八里區"
"追撞","2021",7,14,10,"晴","日間自然光線",40,"坡路","快車道","柏油","乾燥","良好","無號誌","無","未繪設快慢車道分隔線","有",47,"未使用",121.444316,25.058071,"新北市","八里區"
"追撞","2021",7,14,10,"晴","日間自然光線",40,"坡路","快車道","柏油","乾燥","良好","無號誌","無","未繪設快慢車道分隔線","有",37,"未使用",121.444316,25.058071,"新北市","八里區"
"追撞","2021",7,14,10,"晴","日間自然光線",40,"坡路","快車道","柏油","乾燥","良好","無號誌","無","未繪設快慢車道分隔線","有",60,"未使用",121.444316,25.058071,"新北市","八里區"
"追撞","2021",7,14,10,"晴","日間自然光線",40,"坡路","快車道","柏油","乾燥","良好","無號誌","無","未繪設快慢車道分隔線","有",40,"未使用",121.444316,25.058071,"新北市","八里區"
"追撞","2021",7,14,10,"晴","日間自然光線",40,"坡路","快車道","柏油","乾燥","良好","無號誌","無","未繪設快慢車道分隔線","有",32,"未使用",121.444316,25.058071,"新北市","八里區"
"側撞","2021",7,14,16,"晴","日間自然光線",50,"三岔路","交叉路口內","柏油","乾燥","良好","無號誌","無","未繪設快慢車道分隔線","有",57,"未使用",120.664849,23.983981,"南投縣","草屯鎮"
"側撞","2021",7,14,16,"晴","日間自然光線",50,"三岔路","交叉路口內","柏油","乾燥","良好","無號誌","無","未繪設快慢車道分隔線","有",44,"未使用",120.664849,23.983981,"南投縣","草屯鎮"
"側撞","2021",7,14,20,"晴","夜間(或隧道、地下道、涵洞)有照明",60,"四岔路","交叉路口內","柏油","乾燥","良好","正常","無","未繪設快慢車道分隔線","無",46,"未使用",120.411817,22.561158,"高雄市","大寮區"
"側撞","2021",7,14,20,"晴","夜間(或隧道、地下道、涵洞)有照明",60,"四岔路","交叉路口內","柏油","乾燥","良好","正常","無","未繪設快慢車道分隔線","無",20,"未使用",120.411817,22.561158,"高雄市","大寮區"
"側撞","2021",7,14,20,"晴","夜間(或隧道、地下道、涵洞)有照明",60,"四岔路","交叉路口內","柏油","乾燥","良好","正常","無","未繪設快慢車道分隔線","無",56,"非駕駛人",120.411817,22.561158,"高雄市","大寮區"
"側撞","2021",7,14,20,"晴","夜間(或隧道、地下道、涵洞)有照明",60,"四岔路","交叉路口內","柏油","乾燥","良好","正常","無","未繪設快慢車道分隔線","無",49,"非駕駛人",120.411817,22.561158,"高雄市","大寮區"
"對向擦撞","2021",7,15,7,"晴","日間自然光線",50,"三岔路","交叉口附近","柏油","乾燥","良好","無號誌","行車分向線","未繪設快慢車道分隔線","有",47,"未使用",120.725491,24.091424,"臺中市","大里區"
"對向擦撞","2021",7,15,7,"晴","日間自然光線",50,"三岔路","交叉口附近","柏油","乾燥","良好","無號誌","行車分向線","未繪設快慢車道分隔線","有",26,"未使用",120.725491,24.091424,"臺中市","大里區"
"追撞","2021",7,16,6,"晴","日間自然光線",40,"直路","慢車道","柏油","乾燥","良好","無號誌","中央分向島","快慢車道分隔線","有",52,"不明",120.3147,22.74935,"高雄市","橋頭區"