"事故類型及型態子類別名稱","發生年度","發生月份","發生日期","發生時間","天候名稱","光線名稱","速限.第1當事者","道路型態子類別名稱","事故位置子類別名稱","路面狀況.路面鋪裝名稱","路面狀況.路面狀態名稱","道路障礙.視距品質名稱","號誌.號誌動作名稱","車道劃分設施.分向設施大類別名稱","車道劃分設施.分道設施.快慢車道間名稱","車道劃分設施.分道設施.路面邊線名稱","當事者事故發生時年齡","行動電話或電腦或其他相類功能裝置名稱","經度","緯度","縣市","鄉鎮"
"追撞","2021",7,16,6,"晴","日間自然光線",40,"直路","慢車道","柏油","乾燥","良好","無號誌","中央分向島","快慢車道分隔線","有",80,"不明",120.3147,22.74935,"高雄市","橋頭區"
"側撞","2021",7,16,8,"晴","日間自然光線",60,"三岔路","交叉路口內","柏油","乾燥","良好","正常","中央分向島","未繪設快慢車道分隔線","有",75,"未使用",120.489824,22.739527,"屏東縣","九如鄉"
"側撞","2021",7,16,8,"晴","日間自然光線",60,"三岔路","交叉路口內","柏油","乾燥","良好","正常","中央分向島","未繪設快慢車道分隔線","有",63,"非駕駛人",120.489824,22.739527,"屏東縣","九如鄉"
"側撞","2021",7,16,8,"晴","日間自然光線",60,"三岔路","交叉路口內","柏油","乾燥","良好","正常","中央分向島","未繪設快慢車道分隔線","有",25,"未使用",120.489824,22.739527,"屏東縣","九如鄉"
"對撞","2021",7,16,9,"晴","日間自然光線",60,"直路","快車道","柏油","乾燥","良好","無號誌","雙向禁止超車線","快慢車道分隔線","有",53,"未使用",121.097182,22.864567,"臺東縣","卑南鄉"
"對撞","2021",7,16,9,"晴","日間自然光線",60,"直路","快車道","柏油","乾燥","良好","無號誌","雙向禁止超車線","快慢車道分隔線","有",45,"未使用",121.097182,22.864567,"臺東縣","卑南鄉"
"對向擦撞","2021",7,16,10,"晴","日間自然光線",50,"彎曲路及附近","一般車道(未劃分快慢車道)","柏油","乾燥","良好","無號誌","雙向禁止超車線","未繪設快慢車道分隔線","有",25,"未使用",121.944716,25.01589,"新北市","貢寮區"
"對向擦撞","2021",7,16,10,"晴","日間自然光線",50,"彎曲路及附近","一般車道(未劃分快慢車道)","柏油","乾燥","良好","無號誌","雙向禁止超車線","未繪設快慢車道分隔線","有",48,"未使用",121.944716,25.01589,"新北市","貢寮區"
"對撞","2021",7,16,13,"晴","日間自然光線",40,"三岔路","一般車道(未劃分快慢車道)","柏油","乾燥","良好","無號誌","雙向禁止超車線","未繪設快慢車道分隔線","有",71,"未使用",120.675742,24.063981,"臺中市","霧峰區"
"對撞","2021",7,16,13,"晴","日間自然光線",40,"三岔路","一般車道(未劃分快慢車道)","柏油","乾燥","良好","無號誌","雙向禁止超車線","未繪設快慢車道分隔線","有",52,"未使用",120.675742,24.063981,"臺中市","霧峰區"
"追撞","2021",7,16,22,"晴","夜間(或隧道、地下道、涵洞)有照明",110,"直路","快車道","柏油","乾燥","良好","無號誌","中央分向島","未繪設快慢車道分隔線","有",36,"未使用",120.490954,23.879498,"彰化縣","埤頭鄉"
"追撞","2021",7,16,22,"晴","夜間(或隧道、地下道、涵洞)有照明",110,"直路","快車道","柏油","乾燥","良好","無號誌","中央分向島","未繪設快慢車道分隔線","有",30,"未使用",120.490954,23.879498,"彰化縣","埤頭鄉"
"追撞","2021",7,16,22,"晴","夜間(或隧道、地下道、涵洞)有照明",110,"直路","快車道","柏油","乾燥","良好","無號誌","中央分向島","未繪設快慢車道分隔線","有",26,"未使用",120.490954,23.879498,"彰化縣","埤頭鄉"
"路口交岔撞","2021",7,17,10,"晴","日間自然光線",50,"四岔路","交叉路口內","柏油","乾燥","良好","無號誌","無","未繪設快慢車道分隔線","無",50,"未使用",121.353587,23.493791,"花蓮縣","瑞穗鄉"
"路口交岔撞","2021",7,17,10,"晴","日間自然光線",50,"四岔路","交叉路口內","柏油","乾燥","良好","無號誌","無","未繪設快慢車道分隔線","無",46,"不明",121.353587,23.493791,"花蓮縣","瑞穗鄉"
"路口交岔撞","2021",7,17,10,"晴","日間自然光線",50,"四岔路","交叉路口內","柏油","乾燥","良好","無號誌","無","未繪設快慢車道分隔線","無",49,"不明",121.353587,23.493791,"花蓮縣","瑞穗鄉"
"撞路樹、電桿","2021",7,18,6,"晴","日間自然光線",50,"彎曲路及附近","路肩、路緣","柏油","乾燥","良好","無號誌","雙向禁止超車線","未繪設快慢車道分隔線","有",23,"未使用",121.203068,24.921265,"桃園市","平鎮區"
"其他","2021",7,18,6,"晴","日間自然光線",50,"直路","一般車道(未劃分快慢車道)","柏油","乾燥","良好","無號誌","中央分向島","未繪設快慢車道分隔線","有",13,"非駕駛人",121.460478,25.143585,"新北市","淡水區"
"其他","2021",7,18,6,"晴","日間自然光線",50,"直路","一般車道(未劃分快慢車道)","柏油","乾燥","良好","無號誌","中央分向島","未繪設快慢車道分隔線","有",14,"未使用",121.460478,25.143585,"新北市","淡水區"
"其他","2021",7,18,11,"晴","日間自然光線",40,"直路","一般車道(未劃分快慢車道)","柏油","乾燥","良好","無號誌","無","未繪設快慢車道分隔線","無",64,"未使用",120.563056,24.24,"臺中市","沙鹿區"
"其他","2021",7,18,11,"晴","日間自然光線",40,"直路","一般車道(未劃分快慢車道)","柏油","乾燥","良好","無號誌","無","未繪設快慢車道分隔線","無",23,"未使用",120.563056,24.24,"臺中市","沙鹿區"
"其他","2021",7,18,11,"晴","日間自然光線",40,"直路","一般車道(未劃分快慢車道)","柏油","乾燥","良好","無號誌","無","未繪設快慢車道分隔線","無",50,"未使用",120.563056,24.24,"臺中市","沙鹿區"
"其他","2021",7,18,11,"晴","日間自然光線",40,"直路","一般車道(未劃分快慢車道)","柏油","乾燥","良好","無號誌","無","未繪設快慢車道分隔線","無",41,"未使用",120.563056,24.24,"臺中市","沙鹿區"
"側撞","2021",7,18,13,"晴","日間自然光線",50,"四岔路","交叉路口內","柏油","乾燥","良好","正常","雙向禁止超車線","未繪設快慢車道分隔線","有",48,"不明",121.460423,25.042322,"新北市","新莊區"
"側撞","2021",7,18,13,"晴","日間自然光線",50,"四岔路","交叉路口內","柏油","乾燥","良好","正常","雙向禁止超車線","未繪設快慢車道分隔線","有",30,"不明",121.460423,25.042322,"新北市","新莊區"
"追撞","2021",7,18,19,"晴","夜間(或隧道、地下道、涵洞)無照明",30,"直路","一般車道(未劃分快慢車道)","柏油","乾燥","不良","無號誌","無","未繪設快慢車道分隔線","無",49,"不明",120.307717,23.463198,"嘉義縣","太保市"
"追撞","2021",7,18,19,"晴","夜間(或隧道、地下道、涵洞)無照明",30,"直路","一般車道(未劃分快慢車道)","柏油","乾燥","不良","無號誌","無","未繪設快慢車道分隔線","無",45,"未使用",120.307717,23.463198,"嘉義縣","太保市"
"穿越道路中","2021",7,19,7,"晴","日間自然光線",60,"三岔路","行人穿越道","柏油","乾燥","良好","正常","中央分向島","未繪設快慢車道分隔線","有",70,"非駕駛人",121.244414,24.841457,"桃園市","龍潭區"
"穿越道路中","2021",7,19,7,"晴","日間自然光線",60,"三岔路","行人穿越道","柏油","乾燥","良好","正常","中央分向島","未繪設快慢車道分隔線","有",52,"不明",121.244414,24.841457,"桃園市","龍潭區"
"側撞","2021",7,19,8,"晴","日間自然光線",50,"四岔路","交叉路口內","柏油","乾燥","良好","無號誌","無","未繪設快慢車道分隔線","無",82,"未使用",121.218279,23.129391,"臺東縣","池上鄉"
"側撞","2021",7,19,8,"晴","日間自然光線",50,"四岔路","交叉路口內","柏油","乾燥","良好","無號誌","無","未繪設快慢車道分隔線","無",68,"未使用",121.218279,23.129391,"臺東縣","池上鄉"
"追撞","2021",7,19,16,"雨","日間自然光線",50,"直路","慢車道","柏油","濕潤","良好","無號誌","雙向禁止超車線","快慢車道分隔線","有",70,"未使用",120.313598,23.042199,"臺南市","新化區"
"追撞","2021",7,19,16,"雨","日間自然光線",50,"直路","慢車道","柏油","濕潤","良好","無號誌","雙向禁止超車線","快慢車道分隔線","有",42,"不明",120.313598,23.042199,"臺南市","新化區"
"側撞","2021",7,19,17,"晴","日間自然光線",50,"多岔路","機車停等區","柏油","乾燥","良好","正常","雙向禁止超車線","未繪設快慢車道分隔線","有",65,"未使用",121.201386,24.947345,"桃園市","平鎮區"
"側撞","2021",7,19,17,"晴","日間自然光線",50,"多岔路","機車停等區","柏油","乾燥","良好","正常","雙向禁止超車線","未繪設快慢車道分隔線","有",19,"未使用",121.201386,24.947345,"桃園市","平鎮區"
"撞護欄(樁)","2021",7,20,0,"陰","夜間(或隧道、地下道、涵洞)無照明",110,"直路","快車道","柏油","濕潤","良好","無號誌","中央分向島","未繪設快慢車道分隔線","有",67,"未使用",120.333758,22.753875,"高雄市","橋頭區"
"撞護欄(樁)","2021",7,20,0,"陰","夜間(或隧道、地下道、涵洞)無照明",110,"直路","快車道","柏油","濕潤","良好","無號誌","中央分向島","未繪設快慢車道分隔線","有",26,"未使用",120.333758,22.753875,"高雄市","橋頭區"
"撞護欄(樁)","2021",7,20,0,"陰","夜間(或隧道、地下道、涵洞)無照明",110,"直路","快車道","柏油","濕潤","良好","無號誌","中央分向島","未繪設快慢車道分隔線","有",33,"未使用",120.333758,22.753875,"高雄市","橋頭區"
"撞護欄(樁)","2021",7,20,0,"陰","夜間(或隧道、地下道、涵洞)無照明",110,"直路","快車道","柏油","濕潤","良好","無號誌","中央分向島","未繪設快慢車道分隔線","有",43,"未使用",120.333758,22.753875,"高雄市","橋頭區"
"撞護欄(樁)","2021",7,20,0,"陰","夜間(或隧道、地下道、涵洞)無照明",110,"直路","快車道","柏油","濕潤","良好","無號誌","中央分向島","未繪設快慢車道分隔線","有",29,"未使用",120.333758,22.753875,"高雄市","橋頭區"
"撞護欄(樁)","2021",7,20,0,"陰","夜間(或隧道、地下道、涵洞)無照明",110,"直路","快車道","柏油","濕潤","良好","無號誌","中央分向島","未繪設快慢車道分隔線","有",23,"未使用",120.333758,22.753875,"高雄市","橋頭區"
"撞護欄(樁)","2021",7,20,0,"陰","夜間(或隧道、地下道、涵洞)無照明",110,"直路","快車道","柏油","濕潤","良好","無號誌","中央分向島","未繪設快慢車道分隔線","有",26,"未使用",120.333758,22.753875,"高雄市","橋頭區"
"路上翻車、摔倒","2021",7,20,8,"晴","日間自然光線",40,"直路","路肩、路緣","柏油","乾燥","良好","無號誌","無","未繪設快慢車道分隔線","有",45,"不明",121.288295,23.277001,"花蓮縣","玉里鎮"
"路上翻車、摔倒","2021",7,20,8,"晴","日間自然光線",40,"直路","路肩、路緣","柏油","乾燥","良好","無號誌","無","未繪設快慢車道分隔線","有",75,"未使用",121.288295,23.277001,"花蓮縣","玉里鎮"
"穿越道路中","2021",7,20,21,"晴","夜間(或隧道、地下道、涵洞)有照明",60,"四岔路","交叉路口內","柏油","乾燥","良好","正常","無","未繪設快慢車道分隔線","無",38,"不明",120.913117,24.734015,"新竹市","香山區"
"穿越道路中","2021",7,20,21,"晴","夜間(或隧道、地下道、涵洞)有照明",60,"四岔路","交叉路口內","柏油","乾燥","良好","正常","無","未繪設快慢車道分隔線","無",71,"非駕駛人",120.913117,24.734015,"新竹市","香山區"
"路上翻車、摔倒","2021",7,20,23,"晴","夜間(或隧道、地下道、涵洞)有照明",50,"四岔路","交叉路口內","柏油","乾燥","良好","正常","無","未繪設快慢車道分隔線","無",110,"",120.737369,24.178431,"臺中市","北屯區"
"路上翻車、摔倒","2021",7,20,23,"晴","夜間(或隧道、地下道、涵洞)有照明",50,"四岔路","交叉路口內","柏油","乾燥","良好","正常","無","未繪設快慢車道分隔線","無",17,"未使用",120.737369,24.178431,"臺中市","北屯區"
"路上翻車、摔倒","2021",7,20,23,"晴","夜間(或隧道、地下道、涵洞)有照明",50,"四岔路","交叉路口內","柏油","乾燥","良好","正常","無","未繪設快慢車道分隔線","無",17,"非駕駛人",120.737369,24.178431,"臺中市","北屯區"
"路上翻車、摔倒","2021",7,20,23,"晴","夜間(或隧道、地下道、涵洞)有照明",50,"四岔路","交叉路口內","柏油","乾燥","良好","正常","無","未繪設快慢車道分隔線","無",35,"未使用",120.737369,24.178431,"臺中市","北屯區"
"路口交岔撞","2021",7,21,6,"晴","日間自然光線",50,"多岔路","交叉路口內","柏油","乾燥","良好","正常","無","未繪設快慢車道分隔線","無",77,"未使用",120.453435,23.477829,"嘉義市","東區"
"路口交岔撞","2021",7,21,6,"晴","日間自然光線",50,"多岔路","交叉路口內","柏油","乾燥","良好","正常","無","未繪設快慢車道分隔線","無",49,"未使用",120.453435,23.477829,"嘉義市","東區"
"其他","2021",7,21,11,"晴","日間自然光線",50,"直路","一般車道(未劃分快慢車道)","柏油","乾燥","良好","無號誌","雙向禁止超車線","未繪設快慢車道分隔線","有",45,"不明",121.239674,24.96153,"桃園市","中壢區"
"其他","2021",7,21,11,"晴","日間自然光線",50,"直路","一般車道(未劃分快慢車道)","柏油","乾燥","良好","無號誌","雙向禁止超車線","未繪設快慢車道分隔線","有",43,"不明",121.239674,24.96153,"桃園市","中壢區"
"其他","2021",7,21,11,"晴","日間自然光線",50,"直路","一般車道(未劃分快慢車道)","柏油","乾燥","良好","無號誌","雙向禁止超車線","未繪設快慢車道分隔線","有",46,"未使用",121.239674,24.96153,"桃園市","中壢區"
"穿越道路中","2021",7,21,16,"雨","日間自然光線",50,"多岔路","機車停等區","柏油","濕潤","良好","正常","雙向禁止超車線","快慢車道分隔線","有",70,"未使用",121.162575,24.739019,"新竹縣","橫山鄉"
"穿越道路中","2021",7,21,16,"雨","日間自然光線",50,"多岔路","機車停等區","柏油","濕潤","良好","正常","雙向禁止超車線","快慢車道分隔線","有",29,"未使用",121.162575,24.739019,"新竹縣","橫山鄉"
"其他","2021",7,21,17,"晴","日間自然光線",60,"直路","一般車道(未劃分快慢車道)","柏油","乾燥","良好","無號誌","雙向禁止超車線","快慢車道分隔線","有",74,"未使用",120.430932,23.896428,"彰化縣","二林鎮"
"其他","2021",7,21,17,"晴","日間自然光線",60,"直路","一般車道(未劃分快慢車道)","柏油","乾燥","良好","無號誌","雙向禁止超車線","快慢車道分隔線","有",58,"不明",120.430932,23.896428,"彰化縣","二林鎮"
"撞路樹、電桿","2021",7,21,18,"陰","夜間(或隧道、地下道、涵洞)有照明",50,"彎曲路及附近","一般車道(未劃分快慢車道)","柏油","濕潤","良好","無號誌","雙向禁止超車線","未繪設快慢車道分隔線","有",69,"不明",120.712843,24.441051,"苗栗縣","通霄鎮"
"其他","2021",7,21,20,"雨","夜間(或隧道、地下道、涵洞)有照明",50,"直路","一般車道(未劃分快慢車道)","柏油","濕潤","良好","無號誌","雙向禁止超車線","未繪設快慢車道分隔線","有",73,"未使用",121.596121,23.964043,"花蓮縣","吉安鄉"
"其他","2021",7,21,20,"雨","夜間(或隧道、地下道、涵洞)有照明",50,"直路","一般車道(未劃分快慢車道)","柏油","濕潤","良好","無號誌","雙向禁止超車線","未繪設快慢車道分隔線","有",46,"未使用",121.596121,23.964043,"花蓮縣","吉安鄉"
"路口交岔撞","2021",7,22,6,"晴","日間自然光線",50,"四岔路","交叉路口內","柏油","乾燥","良好","無號誌","無","未繪設快慢車道分隔線","無",24,"未使用",121.150913,22.752001,"臺東縣","臺東市"
"路口交岔撞","2021",7,22,6,"晴","日間自然光線",50,"四岔路","交叉路口內","柏油","乾燥","良好","無號誌","無","未繪設快慢車道分隔線","無",16,"未使用",121.150913,22.752001,"臺東縣","臺東市"
"路口交岔撞","2021",7,22,6,"晴","日間自然光線",50,"四岔路","交叉路口內","柏油","乾燥","良好","無號誌","無","未繪設快慢車道分隔線","無",58,"未使用",121.150913,22.752001,"臺東縣","臺東市"
"側撞","2021",7,22,8,"晴","日間自然光線",30,"四岔路","交叉路口內","柏油","乾燥","良好","無號誌","無","未繪設快慢車道分隔線","有",75,"未使用",120.475039,22.587652,"屏東縣","萬丹鄉"
"側撞","2021",7,22,8,"晴","日間自然光線",30,"四岔路","交叉路口內","柏油","乾燥","良好","無號誌","無","未繪設快慢車道分隔線","有",23,"未使用",120.475039,22.587652,"屏東縣","萬丹鄉"
"對撞","2021",7,22,10,"晴","日間自然光線",50,"直路","一般車道(未劃分快慢車道)","柏油","乾燥","良好","無號誌","行車分向線","未繪設快慢車道分隔線","有",15,"不明",121.48126,25.072889,"新北市","三重區"
"對撞","2021",7,22,10,"晴","日間自然光線",50,"直路","一般車道(未劃分快慢車道)","柏油","乾燥","良好","無號誌","行車分向線","未繪設快慢車道分隔線","有",40,"未使用",121.48126,25.072889,"新北市","三重區"
"撞護欄(樁)","2021",7,22,11,"雨","日間自然光線",110,"直路","快車道","柏油","濕潤","不良","無號誌","中央分向島","未繪設快慢車道分隔線","有",24,"不明",120.703844,24.490201,"苗栗縣","通霄鎮"
"撞護欄(樁)","2021",7,22,11,"雨","日間自然光線",110,"直路","快車道","柏油","濕潤","不良","無號誌","中央分向島","未繪設快慢車道分隔線","有",31,"非駕駛人",120.703844,24.490201,"苗栗縣","通霄鎮"
"撞護欄(樁)","2021",7,22,11,"雨","日間自然光線",110,"直路","快車道","柏油","濕潤","不良","無號誌","中央分向島","未繪設快慢車道分隔線","有",35,"未使用",120.703844,24.490201,"苗栗縣","通霄鎮"
"衝進路中","2021",7,22,15,"陰","日間自然光線",70,"直路","快車道","柏油","乾燥","良好","無號誌","中央分向島","快慢車道分隔線","有",65,"未使用",121.83511,24.643009,"宜蘭縣","蘇澳鎮"
"衝進路中","2021",7,22,15,"陰","日間自然光線",70,"直路","快車道","柏油","乾燥","良好","無號誌","中央分向島","快慢車道分隔線","有",35,"未使用",121.83511,24.643009,"宜蘭縣","蘇澳鎮"
"撞路樹、電桿","2021",7,23,2,"陰","夜間(或隧道、地下道、涵洞)有照明",50,"直路","一般車道(未劃分快慢車道)","柏油","乾燥","良好","無號誌","行車分向線","未繪設快慢車道分隔線","有",110,"",120.2863,22.86345,"高雄市","路竹區"
"撞路樹、電桿","2021",7,23,2,"陰","夜間(或隧道、地下道、涵洞)有照明",50,"直路","一般車道(未劃分快慢車道)","柏油","乾燥","良好","無號誌","行車分向線","未繪設快慢車道分隔線","有",33,"未使用",120.2863,22.86345,"高雄市","路竹區"
"同向擦撞","2021",7,23,10,"陰","日間自然光線",50,"直路","一般車道(未劃分快慢車道)","柏油","乾燥","良好","無號誌","雙向禁止超車線","未繪設快慢車道分隔線","有",83,"未使用",121.086092,24.975993,"桃園市","新屋區"
"同向擦撞","2021",7,23,10,"陰","日間自然光線",50,"直路","一般車道(未劃分快慢車道)","柏油","乾燥","良好","無號誌","雙向禁止超車線","未繪設快慢車道分隔線","有",54,"未使用",121.086092,24.975993,"桃園市","新屋區"
"路口交岔撞","2021",7,23,11,"晴","日間自然光線",70,"四岔路","交叉路口內","柏油","乾燥","良好","正常","中央分向島","寛式快慢車道分隔島(50公分以上)","有",56,"不明",120.347625,23.906731,"彰化縣","大城鄉"
"路口交岔撞","2021",7,23,11,"晴","日間自然光線",70,"四岔路","交叉路口內","柏油","乾燥","良好","正常","中央分向島","寛式快慢車道分隔島(50公分以上)","有",80,"不明",120.347625,23.906731,"彰化縣","大城鄉"
"側撞","2021",7,23,18,"雨","日間自然光線",60,"三岔路","交叉路口內","柏油","濕潤","良好","正常","中央分向島","未繪設快慢車道分隔線","有",49,"未使用",121.607722,25.280475,"新北市","石門區"
"側撞","2021",7,23,18,"雨","日間自然光線",60,"三岔路","交叉路口內","柏油","濕潤","良好","正常","中央分向島","未繪設快慢車道分隔線","有",23,"未使用",121.607722,25.280475,"新北市","石門區"
"撞路樹、電桿","2021",7,24,5,"晴","日間自然光線",40,"直路","慢車道","柏油","乾燥","良好","無號誌","中央分向島","窄式快慢車道分隔島(無柵欄)","無",110,"",120.321851,22.692201,"高雄市","仁武區"
"撞路樹、電桿","2021",7,24,5,"晴","日間自然光線",40,"直路","慢車道","柏油","乾燥","良好","無號誌","中央分向島","窄式快慢車道分隔島(無柵欄)","無",48,"未使用",120.321851,22.692201,"高雄市","仁武區"
"路口交岔撞","2021",7,24,9,"晴","日間自然光線",70,"三岔路","交叉路口內","柏油","乾燥","良好","正常","無","未繪設快慢車道分隔線","無",34,"未使用",120.356303,23.350212,"臺南市","後壁區"
"路口交岔撞","2021",7,24,9,"晴","日間自然光線",70,"三岔路","交叉路口內","柏油","乾燥","良好","正常","無","未繪設快慢車道分隔線","無",27,"未使用",120.356303,23.350212,"臺南市","後壁區"
"撞號誌、標誌桿","2021",7,24,18,"晴","夜間(或隧道、地下道、涵洞)無照明",40,"彎曲路及附近","路肩、路緣","柏油","乾燥","良好","無號誌","無","快慢車道分隔線","有",38,"不明",120.798295,24.646322,"苗栗縣","後龍鎮"
"撞路樹、電桿","2021",7,24,20,"晴","夜間(或隧道、地下道、涵洞)無照明",50,"彎曲路及附近","一般車道(未劃分快慢車道)","柏油","乾燥","良好","無號誌","行車分向線","未繪設快慢車道分隔線","有",42,"不明",120.585045,23.989089,"彰化縣","大村鄉"
"撞號誌、標誌桿","2021",7,25,0,"晴","夜間(或隧道、地下道、涵洞)有照明",60,"三岔路","交叉路口內","柏油","乾燥","良好","正常","中央分向島","未繪設快慢車道分隔線","有",38,"不明",120.26597,23.769019,"雲林縣","麥寮鄉"
"穿越道路中","2021",7,25,4,"雨","夜間(或隧道、地下道、涵洞)有照明",50,"直路","快車道","柏油","濕潤","良好","無號誌","雙向禁止超車線","快慢車道分隔線","有",46,"未使用",120.492301,22.673795,"屏東縣","屏東市"
"穿越道路中","2021",7,25,4,"雨","夜間(或隧道、地下道、涵洞)有照明",50,"直路","快車道","柏油","濕潤","良好","無號誌","雙向禁止超車線","快慢車道分隔線","有",78,"未使用",120.492301,22.673795,"屏東縣","屏東市"
"撞橋樑、建築物","2021",7,25,18,"晴","晨或暮光",30,"三岔路","交叉口附近","柏油","乾燥","良好","無號誌","無","未繪設快慢車道分隔線","無",70,"不明",120.24522,23.390473,"嘉義縣","義竹鄉"
"衝出路外","2021",7,25,18,"晴","日間自然光線",50,"彎曲路及附近","路肩、路緣","柏油","乾燥","良好","無號誌","雙向禁止超車線","快慢車道分隔線","有",39,"不明",121.425713,23.272367,"臺東縣","長濱鄉"
"撞路樹、電桿","2021",7,26,7,"晴","日間自然光線",60,"直路","路肩、路緣","柏油","乾燥","良好","無號誌","雙向禁止超車線","未繪設快慢車道分隔線","有",43,"不明",121.268646,24.829029,"桃園市","大溪區"
"其他","2021",7,26,13,"晴","日間自然光線",50,"橋樑","機車專用道","柏油","乾燥","良好","無號誌","中央分向島","未繪設快慢車道分隔線","無",37,"未使用",121.515477,25.017918,"新北市","永和區"
"其他","2021",7,26,13,"晴","日間自然光線",50,"橋樑","機車專用道","柏油","乾燥","良好","無號誌","中央分向島","未繪設快慢車道分隔線","無",8,"非駕駛人",121.515477,25.017918,"新北市","永和區"
"其他","2021",7,26,13,"晴","日間自然光線",50,"橋樑","機車專用道","柏油","乾燥","良好","無號誌","中央分向島","未繪設快慢車道分隔線","無",55,"未使用",121.515477,25.017918,"新北市","永和區"
"側撞","2021",7,26,16,"晴","日間自然光線",50,"三岔路","交叉口附近","柏油","乾燥","良好","無號誌","無","未繪設快慢車道分隔線","無",73,"不明",120.665285,24.147474,"臺中市","西區"
"側撞","2021",7,26,16,"晴","日間自然光線",50,"三岔路","交叉口附近","柏油","乾燥","良好","無號誌","無","未繪設快慢車道分隔線","無",29,"不明",120.665285,24.147474,"臺中市","西區"
"撞交通島","2021",7,26,18,"晴","日間自然光線",50,"彎曲路及附近","一般車道(未劃分快慢車道)","柏油","乾燥","良好","無號誌","中央分向島","未繪設快慢車道分隔線","無",52,"未使用",121.209778,24.964084,"桃園市","中壢區"
"衝出路外","2021",7,26,21,"晴","夜間(或隧道、地下道、涵洞)有照明",25,"彎曲路及附近","路肩、路緣","柏油","乾燥","不良","無號誌","雙向禁止超車線","未繪設快慢車道分隔線","有",22,"未使用",120.298578,23.419315,"嘉義縣","鹿草鄉"
"同向擦撞","2021",7,27,16,"晴","日間自然光線",50,"直路","慢車道","柏油","乾燥","良好","無號誌","中央分向島","快慢車道分隔線","有",64,"未使用",120.442154,22.4774,"屏東縣","新園鄉"
"同向擦撞","2021",7,27,16,"晴","日間自然光線",50,"直路","慢車道","柏油","乾燥","良好","無號誌","中央分向島","快慢車道分隔線","有",59,"未使用",120.442154,22.4774,"屏東縣","新園鄉"
"同向擦撞","2021",7,27,16,"晴","日間自然光線",50,"直路","慢車道","柏油","乾燥","良好","無號誌","中央分向島","快慢車道分隔線","有",46,"未使用",120.442154,22.4774,"屏東縣","新園鄉"
"追撞","2021",7,27,17,"晴","日間自然光線",90,"直路","快車道","柏油","乾燥","良好","無號誌","中央分向島","未繪設快慢車道分隔線","有",69,"非駕駛人",121.325041,24.954143,"桃園市","八德區"
"追撞","2021",7,27,17,"晴","日間自然光線",90,"直路","快車道","柏油","乾燥","良好","無號誌","中央分向島","未繪設快慢車道分隔線","有",2,"非駕駛人",121.325041,24.954143,"桃園市","八德區"
"追撞","2021",7,27,17,"晴","日間自然光線",90,"直路","快車道","柏油","乾燥","良好","無號誌","中央分向島","未繪設快慢車道分隔線","有",63,"非駕駛人",121.325041,24.954143,"桃園市","八德區"
"追撞","2021",7,27,17,"晴","日間自然光線",90,"直路","快車道","柏油","乾燥","良好","無號誌","中央分向島","未繪設快慢車道分隔線","有",28,"非駕駛人",121.325041,24.954143,"桃園市","八德區"
"追撞","2021",7,27,17,"晴","日間自然光線",90,"直路","快車道","柏油","乾燥","良好","無號誌","中央分向島","未繪設快慢車道分隔線","有",61,"未使用",121.325041,24.954143,"桃園市","八德區"
"追撞","2021",7,27,17,"晴","日間自然光線",90,"直路","快車道","柏油","乾燥","良好","無號誌","中央分向島","未繪設快慢車道分隔線","有",65,"未使用",121.325041,24.954143,"桃園市","八德區"
"追撞","2021",7,27,17,"晴","日間自然光線",90,"直路","快車道","柏油","乾燥","良好","無號誌","中央分向島","未繪設快慢車道分隔線","有",73,"未使用",121.325041,24.954143,"桃園市","八德區"
"追撞","2021",7,27,17,"晴","日間自然光線",90,"直路","快車道","柏油","乾燥","良好","無號誌","中央分向島","未繪設快慢車道分隔線","有",50,"未使用",121.325041,24.954143,"桃園市","八德區"
"追撞","2021",7,27,17,"晴","日間自然光線",90,"直路","快車道","柏油","乾燥","良好","無號誌","中央分向島","未繪設快慢車道分隔線","有",24,"未使用",121.325041,24.954143,"桃園市","八德區"
"追撞","2021",7,27,17,"晴","日間自然光線",90,"直路","快車道","柏油","乾燥","良好","無號誌","中央分向島","未繪設快慢車道分隔線","有",40,"未使用",121.325041,24.954143,"桃園市","八德區"
"路上翻車、摔倒","2021",7,28,1,"陰","夜間(或隧道、地下道、涵洞)無照明",50,"直路","一般車道(未劃分快慢車道)","柏油","乾燥","良好","無號誌","無","未繪設快慢車道分隔線","有",67,"不明",120.622731,22.337234,"屏東縣","枋山鄉"
"路上翻車、摔倒","2021",7,28,6,"晴","日間自然光線",50,"彎曲路及附近","一般車道(未劃分快慢車道)","柏油","乾燥","良好","無號誌","雙向禁止超車線","未繪設快慢車道分隔線","無",110,"",120.772645,24.197222,"臺中市","北屯區"
"路上翻車、摔倒","2021",7,28,6,"晴","日間自然光線",50,"彎曲路及附近","一般車道(未劃分快慢車道)","柏油","乾燥","良好","無號誌","雙向禁止超車線","未繪設快慢車道分隔線","無",110,"",120.772645,24.197222,"臺中市","北屯區"