"事故類型及型態子類別名稱","發生年度","發生月份","發生日期","發生時間","天候名稱","光線名稱","速限.第1當事者","道路型態子類別名稱","事故位置子類別名稱","路面狀況.路面鋪裝名稱","路面狀況.路面狀態名稱","道路障礙.視距品質名稱","號誌.號誌動作名稱","車道劃分設施.分向設施大類別名稱","車道劃分設施.分道設施.快慢車道間名稱","車道劃分設施.分道設施.路面邊線名稱","當事者事故發生時年齡","行動電話或電腦或其他相類功能裝置名稱","經度","緯度","縣市","鄉鎮"
"撞護欄(樁)","2021",8,7,23,"陰","夜間(或隧道、地下道、涵洞)無照明",100,"直路","路肩、路緣","柏油","濕潤","良好","無號誌","中央分向島","未繪設快慢車道分隔線","有",30,"未使用",121.441498,24.966118,"新北市","土城區"
"撞護欄(樁)","2021",8,7,23,"陰","夜間(或隧道、地下道、涵洞)無照明",100,"直路","路肩、路緣","柏油","濕潤","良好","無號誌","中央分向島","未繪設快慢車道分隔線","有",18,"非駕駛人",121.441498,24.966118,"新北市","土城區"
"撞護欄(樁)","2021",8,7,23,"陰","夜間(或隧道、地下道、涵洞)無照明",100,"直路","路肩、路緣","柏油","濕潤","良好","無號誌","中央分向島","未繪設快慢車道分隔線","有",49,"未使用",121.441498,24.966118,"新北市","土城區"
"撞護欄(樁)","2021",8,7,23,"陰","夜間(或隧道、地下道、涵洞)無照明",100,"直路","路肩、路緣","柏油","濕潤","良好","無號誌","中央分向島","未繪設快慢車道分隔線","有",19,"未使用",121.441498,24.966118,"新北市","土城區"
"撞護欄(樁)","2021",8,7,23,"陰","夜間(或隧道、地下道、涵洞)無照明",100,"直路","路肩、路緣","柏油","濕潤","良好","無號誌","中央分向島","未繪設快慢車道分隔線","有",38,"未使用",121.441498,24.966118,"新北市","土城區"
"路上翻車、摔倒","2021",8,8,14,"晴","日間自然光線",50,"直路","一般車道(未劃分快慢車道)","柏油","乾燥","良好","無號誌","行車分向線","未繪設快慢車道分隔線","無",36,"未使用",121.508,25.040455,"臺北市","中正區"
"側撞","2021",8,8,17,"晴","日間自然光線",30,"四岔路","交叉路口內","柏油","乾燥","良好","無號誌","無","未繪設快慢車道分隔線","無",73,"未使用",120.490205,23.441779,"嘉義縣","中埔鄉"
"側撞","2021",8,8,17,"晴","日間自然光線",30,"四岔路","交叉路口內","柏油","乾燥","良好","無號誌","無","未繪設快慢車道分隔線","無",40,"未使用",120.490205,23.441779,"嘉義縣","中埔鄉"
"側撞","2021",8,8,19,"陰","夜間(或隧道、地下道、涵洞)有照明",50,"三岔路","交叉路口內","柏油","乾燥","良好","正常","無","未繪設快慢車道分隔線","無",18,"未使用",121.215669,24.93548,"桃園市","平鎮區"
"側撞","2021",8,8,19,"陰","夜間(或隧道、地下道、涵洞)有照明",50,"三岔路","交叉路口內","柏油","乾燥","良好","正常","無","未繪設快慢車道分隔線","無",26,"未使用",121.215669,24.93548,"桃園市","平鎮區"
"側撞","2021",8,8,19,"陰","夜間(或隧道、地下道、涵洞)有照明",50,"三岔路","交叉路口內","柏油","乾燥","良好","正常","無","未繪設快慢車道分隔線","無",29,"非駕駛人",121.215669,24.93548,"桃園市","平鎮區"
"側撞","2021",8,8,19,"陰","夜間(或隧道、地下道、涵洞)有照明",50,"三岔路","交叉路口內","柏油","乾燥","良好","正常","無","未繪設快慢車道分隔線","無",27,"未使用",121.215669,24.93548,"桃園市","平鎮區"
"側撞","2021",8,8,19,"陰","夜間(或隧道、地下道、涵洞)有照明",50,"三岔路","交叉路口內","柏油","乾燥","良好","正常","無","未繪設快慢車道分隔線","無",51,"未使用",121.215669,24.93548,"桃園市","平鎮區"
"穿越道路中","2021",8,8,19,"晴","夜間(或隧道、地下道、涵洞)有照明",50,"直路","慢車道","柏油","乾燥","良好","無號誌","雙向禁止超車線","快慢車道分隔線","有",28,"未使用",121.415511,24.984179,"新北市","樹林區"
"穿越道路中","2021",8,8,19,"晴","夜間(或隧道、地下道、涵洞)有照明",50,"直路","慢車道","柏油","乾燥","良好","無號誌","雙向禁止超車線","快慢車道分隔線","有",31,"非駕駛人",121.415511,24.984179,"新北市","樹林區"
"穿越道路中","2021",8,8,19,"晴","夜間(或隧道、地下道、涵洞)有照明",50,"直路","慢車道","柏油","乾燥","良好","無號誌","雙向禁止超車線","快慢車道分隔線","有",74,"非駕駛人",121.415511,24.984179,"新北市","樹林區"
"路口交岔撞","2021",8,8,22,"晴","夜間(或隧道、地下道、涵洞)有照明",50,"四岔路","交叉路口內","柏油","乾燥","良好","正常","無","未繪設快慢車道分隔線","無",58,"不明",121.140352,22.767968,"臺東縣","臺東市"
"路口交岔撞","2021",8,8,22,"晴","夜間(或隧道、地下道、涵洞)有照明",50,"四岔路","交叉路口內","柏油","乾燥","良好","正常","無","未繪設快慢車道分隔線","無",58,"不明",121.140352,22.767968,"臺東縣","臺東市"
"路口交岔撞","2021",8,8,22,"晴","夜間(或隧道、地下道、涵洞)有照明",50,"四岔路","交叉路口內","柏油","乾燥","良好","正常","無","未繪設快慢車道分隔線","無",44,"不明",121.140352,22.767968,"臺東縣","臺東市"
"路口交岔撞","2021",8,8,22,"晴","夜間(或隧道、地下道、涵洞)有照明",50,"四岔路","交叉路口內","柏油","乾燥","良好","正常","無","未繪設快慢車道分隔線","無",58,"不明",121.140352,22.767968,"臺東縣","臺東市"
"路口交岔撞","2021",8,8,22,"晴","夜間(或隧道、地下道、涵洞)有照明",50,"四岔路","交叉路口內","柏油","乾燥","良好","正常","無","未繪設快慢車道分隔線","無",40,"未使用",121.140352,22.767968,"臺東縣","臺東市"
"路口交岔撞","2021",8,8,22,"晴","夜間(或隧道、地下道、涵洞)有照明",50,"四岔路","交叉路口內","柏油","乾燥","良好","正常","無","未繪設快慢車道分隔線","無",42,"未使用",121.140352,22.767968,"臺東縣","臺東市"
"路口交岔撞","2021",8,8,22,"晴","夜間(或隧道、地下道、涵洞)有照明",50,"四岔路","交叉路口內","柏油","乾燥","良好","正常","無","未繪設快慢車道分隔線","無",25,"未使用",121.140352,22.767968,"臺東縣","臺東市"
"路口交岔撞","2021",8,8,22,"晴","夜間(或隧道、地下道、涵洞)有照明",50,"四岔路","交叉路口內","柏油","乾燥","良好","正常","無","未繪設快慢車道分隔線","無",17,"未使用",121.140352,22.767968,"臺東縣","臺東市"
"追撞","2021",8,9,5,"陰","日間自然光線",50,"直路","一般車道(未劃分快慢車道)","柏油","乾燥","良好","無號誌","中央分向島","未繪設快慢車道分隔線","有",41,"未使用",120.944389,23.966331,"南投縣","埔里鎮"
"追撞","2021",8,9,5,"陰","日間自然光線",50,"直路","一般車道(未劃分快慢車道)","柏油","乾燥","良好","無號誌","中央分向島","未繪設快慢車道分隔線","有",79,"未使用",120.944389,23.966331,"南投縣","埔里鎮"
"穿越道路中","2021",8,9,9,"晴","日間自然光線",50,"直路","一般車道(未劃分快慢車道)","柏油","乾燥","良好","無號誌","雙向禁止超車線","未繪設快慢車道分隔線","無",37,"不明",121.220006,24.962359,"桃園市","中壢區"
"穿越道路中","2021",8,9,9,"晴","日間自然光線",50,"直路","一般車道(未劃分快慢車道)","柏油","乾燥","良好","無號誌","雙向禁止超車線","未繪設快慢車道分隔線","無",81,"非駕駛人",121.220006,24.962359,"桃園市","中壢區"
"穿越道路中","2021",8,9,9,"晴","日間自然光線",50,"直路","一般車道(未劃分快慢車道)","柏油","乾燥","良好","無號誌","雙向禁止超車線","未繪設快慢車道分隔線","無",81,"非駕駛人",121.220006,24.962359,"桃園市","中壢區"
"同向擦撞","2021",8,9,9,"雨","日間自然光線",60,"四岔路","交叉路口內","柏油","濕潤","良好","正常","中央分向島","快慢車道分隔線","有",70,"不明",120.332643,22.720404,"高雄市","楠梓區"
"同向擦撞","2021",8,9,9,"雨","日間自然光線",60,"四岔路","交叉路口內","柏油","濕潤","良好","正常","中央分向島","快慢車道分隔線","有",28,"未使用",120.332643,22.720404,"高雄市","楠梓區"
"側撞","2021",8,9,14,"雨","日間自然光線",70,"四岔路","交叉路口內","柏油","濕潤","良好","正常","中央分向島","快慢車道分隔線","有",59,"不明",120.54974,22.466548,"屏東縣","新埤鄉"
"側撞","2021",8,9,14,"雨","日間自然光線",70,"四岔路","交叉路口內","柏油","濕潤","良好","正常","中央分向島","快慢車道分隔線","有",40,"不明",120.54974,22.466548,"屏東縣","新埤鄉"
"側撞","2021",8,9,14,"雨","日間自然光線",70,"四岔路","交叉路口內","柏油","濕潤","良好","正常","中央分向島","快慢車道分隔線","有",55,"不明",120.54974,22.466548,"屏東縣","新埤鄉"
"側撞","2021",8,9,14,"雨","日間自然光線",70,"四岔路","交叉路口內","柏油","濕潤","良好","正常","中央分向島","快慢車道分隔線","有",34,"未使用",120.54974,22.466548,"屏東縣","新埤鄉"
"側撞","2021",8,9,14,"雨","日間自然光線",70,"四岔路","交叉路口內","柏油","濕潤","良好","正常","中央分向島","快慢車道分隔線","有",26,"未使用",120.54974,22.466548,"屏東縣","新埤鄉"
"側撞","2021",8,9,14,"雨","日間自然光線",70,"四岔路","交叉路口內","柏油","濕潤","良好","正常","中央分向島","快慢車道分隔線","有",55,"使用免持或未有礙駕駛安全",120.54974,22.466548,"屏東縣","新埤鄉"
"其他","2021",8,9,17,"陰","日間自然光線",50,"三岔路","交叉路口內","柏油","乾燥","良好","正常","無","未繪設快慢車道分隔線","無",58,"未使用",121.453971,25.033547,"新北市","新莊區"
"其他","2021",8,9,17,"陰","日間自然光線",50,"三岔路","交叉路口內","柏油","乾燥","良好","正常","無","未繪設快慢車道分隔線","無",58,"未使用",121.453971,25.033547,"新北市","新莊區"
"側撞","2021",8,9,17,"晴","日間自然光線",50,"四岔路","交叉路口內","柏油","乾燥","良好","正常","無","未繪設快慢車道分隔線","無",70,"未使用",120.29176,22.644803,"高雄市","三民區"
"側撞","2021",8,9,17,"晴","日間自然光線",50,"四岔路","交叉路口內","柏油","乾燥","良好","正常","無","未繪設快慢車道分隔線","無",47,"未使用",120.29176,22.644803,"高雄市","三民區"
"其他","2021",8,10,0,"晴","夜間(或隧道、地下道、涵洞)有照明",50,"直路","路肩、路緣","柏油","乾燥","良好","無號誌","雙向禁止超車線","快慢車道分隔線","有",27,"未使用",120.186983,23.164846,"臺南市","佳里區"
"其他","2021",8,10,0,"晴","夜間(或隧道、地下道、涵洞)有照明",50,"直路","路肩、路緣","柏油","乾燥","良好","無號誌","雙向禁止超車線","快慢車道分隔線","有",60,"不明",120.186983,23.164846,"臺南市","佳里區"
"其他","2021",8,10,0,"晴","夜間(或隧道、地下道、涵洞)有照明",50,"直路","路肩、路緣","柏油","乾燥","良好","無號誌","雙向禁止超車線","快慢車道分隔線","有",61,"未使用",120.186983,23.164846,"臺南市","佳里區"
"其他","2021",8,10,0,"晴","夜間(或隧道、地下道、涵洞)有照明",50,"直路","路肩、路緣","柏油","乾燥","良好","無號誌","雙向禁止超車線","快慢車道分隔線","有",61,"未使用",120.186983,23.164846,"臺南市","佳里區"
"其他","2021",8,10,4,"晴","夜間(或隧道、地下道、涵洞)有照明",40,"直路","快車道","柏油","乾燥","不良","無號誌","中央分向島","未繪設快慢車道分隔線","無",58,"未使用",121.526249,25.019861,"臺北市","中正區"
"其他","2021",8,10,4,"晴","夜間(或隧道、地下道、涵洞)有照明",40,"直路","快車道","柏油","乾燥","不良","無號誌","中央分向島","未繪設快慢車道分隔線","無",76,"非駕駛人",121.526249,25.019861,"臺北市","中正區"
"撞路樹、電桿","2021",8,10,5,"晴","日間自然光線",50,"直路","路肩、路緣","柏油","乾燥","良好","無號誌","行車分向線","未繪設快慢車道分隔線","有",49,"非駕駛人",121.74303,24.64929,"宜蘭縣","冬山鄉"
"撞路樹、電桿","2021",8,10,5,"晴","日間自然光線",50,"直路","路肩、路緣","柏油","乾燥","良好","無號誌","行車分向線","未繪設快慢車道分隔線","有",35,"未使用",121.74303,24.64929,"宜蘭縣","冬山鄉"
"衝出路外","2021",8,10,8,"晴","日間自然光線",30,"三岔路","交叉口附近","柏油","乾燥","良好","無號誌","無","未繪設快慢車道分隔線","有",110,"",120.388708,22.861438,"高雄市","田寮區"
"衝出路外","2021",8,10,8,"晴","日間自然光線",30,"三岔路","交叉口附近","柏油","乾燥","良好","無號誌","無","未繪設快慢車道分隔線","有",78,"未使用",120.388708,22.861438,"高雄市","田寮區"
"同向擦撞","2021",8,10,8,"晴","日間自然光線",50,"直路","路肩、路緣","柏油","乾燥","良好","無號誌","雙向禁止超車線","未繪設快慢車道分隔線","有",64,"未使用",120.986755,24.870812,"新竹縣","新豐鄉"
"同向擦撞","2021",8,10,8,"晴","日間自然光線",50,"直路","路肩、路緣","柏油","乾燥","良好","無號誌","雙向禁止超車線","未繪設快慢車道分隔線","有",37,"未使用",120.986755,24.870812,"新竹縣","新豐鄉"
"同向擦撞","2021",8,10,8,"晴","日間自然光線",50,"直路","路肩、路緣","柏油","乾燥","良好","無號誌","雙向禁止超車線","未繪設快慢車道分隔線","有",56,"未使用",120.986755,24.870812,"新竹縣","新豐鄉"
"路口交岔撞","2021",8,10,12,"晴","日間自然光線",50,"四岔路","交叉路口內","柏油","乾燥","良好","無號誌","無","未繪設快慢車道分隔線","無",38,"不明",120.591093,23.854376,"彰化縣","田中鎮"
"路口交岔撞","2021",8,10,12,"晴","日間自然光線",50,"四岔路","交叉路口內","柏油","乾燥","良好","無號誌","無","未繪設快慢車道分隔線","無",20,"不明",120.591093,23.854376,"彰化縣","田中鎮"
"撞路樹、電桿","2021",8,10,14,"雨","日間自然光線",40,"直路","慢車道","柏油","濕潤","良好","無號誌","雙向禁止超車線","快慢車道分隔線","有",39,"不明",120.632973,23.995006,"彰化縣","芬園鄉"
"穿越道路中","2021",8,11,5,"晴","日間自然光線",50,"四岔路","交叉路口內","柏油","乾燥","良好","正常","中央分向島","未繪設快慢車道分隔線","有",69,"未使用",121.455572,24.982137,"新北市","土城區"
"穿越道路中","2021",8,11,5,"晴","日間自然光線",50,"四岔路","交叉路口內","柏油","乾燥","良好","正常","中央分向島","未繪設快慢車道分隔線","有",88,"非駕駛人",121.455572,24.982137,"新北市","土城區"
"撞護欄(樁)","2021",8,11,6,"晴","日間自然光線",80,"高架道路","減速車道","柏油","乾燥","良好","無號誌","中央分向島","未繪設快慢車道分隔線","有",110,"",120.680196,24.200901,"臺中市","北屯區"
"撞護欄(樁)","2021",8,11,6,"晴","日間自然光線",80,"高架道路","減速車道","柏油","乾燥","良好","無號誌","中央分向島","未繪設快慢車道分隔線","有",48,"不明",120.680196,24.200901,"臺中市","北屯區"
"側撞","2021",8,11,9,"晴","日間自然光線",50,"三岔路","交叉路口內","柏油","乾燥","良好","正常","無","未繪設快慢車道分隔線","無",41,"未使用",120.344412,22.528432,"高雄市","小港區"
"側撞","2021",8,11,9,"晴","日間自然光線",50,"三岔路","交叉路口內","柏油","乾燥","良好","正常","無","未繪設快慢車道分隔線","無",58,"未使用",120.344412,22.528432,"高雄市","小港區"
"同向擦撞","2021",8,11,17,"雨","晨或暮光",60,"直路","快車道","柏油","濕潤","不良","無號誌","中央分向島","快慢車道分隔線","有",52,"不明",120.488758,22.730686,"屏東縣","九如鄉"
"同向擦撞","2021",8,11,17,"雨","晨或暮光",60,"直路","快車道","柏油","濕潤","不良","無號誌","中央分向島","快慢車道分隔線","有",49,"不明",120.488758,22.730686,"屏東縣","九如鄉"
"同向擦撞","2021",8,11,17,"雨","晨或暮光",60,"直路","快車道","柏油","濕潤","不良","無號誌","中央分向島","快慢車道分隔線","有",31,"未使用",120.488758,22.730686,"屏東縣","九如鄉"
"同向擦撞","2021",8,11,17,"雨","晨或暮光",60,"直路","快車道","柏油","濕潤","不良","無號誌","中央分向島","快慢車道分隔線","有",58,"未使用",120.488758,22.730686,"屏東縣","九如鄉"
"撞路樹、電桿","2021",8,12,1,"晴","夜間(或隧道、地下道、涵洞)有照明",50,"直路","一般車道(未劃分快慢車道)","柏油","乾燥","良好","無號誌","雙向禁止超車線","未繪設快慢車道分隔線","有",33,"不明",120.809958,24.610433,"苗栗縣","後龍鎮"
"側撞","2021",8,12,14,"晴","日間自然光線",50,"四岔路","交叉路口內","柏油","乾燥","良好","正常","無","未繪設快慢車道分隔線","無",49,"不明",120.219332,22.979693,"臺南市","東區"
"側撞","2021",8,12,14,"晴","日間自然光線",50,"四岔路","交叉路口內","柏油","乾燥","良好","正常","無","未繪設快慢車道分隔線","無",66,"未使用",120.219332,22.979693,"臺南市","東區"
"側撞","2021",8,12,14,"晴","日間自然光線",50,"四岔路","交叉路口內","柏油","乾燥","良好","正常","無","未繪設快慢車道分隔線","無",23,"未使用",120.219332,22.979693,"臺南市","東區"
"其他","2021",8,12,17,"晴","日間自然光線",60,"四岔路","交叉路口內","柏油","乾燥","良好","正常","中央分向島","寛式快慢車道分隔島(50公分以上)","無",27,"不明",120.634906,24.17991,"臺中市","西屯區"
"其他","2021",8,12,17,"晴","日間自然光線",60,"四岔路","交叉路口內","柏油","乾燥","良好","正常","中央分向島","寛式快慢車道分隔島(50公分以上)","無",25,"不明",120.634906,24.17991,"臺中市","西屯區"
"其他","2021",8,12,17,"晴","日間自然光線",60,"四岔路","交叉路口內","柏油","乾燥","良好","正常","中央分向島","寛式快慢車道分隔島(50公分以上)","無",28,"不明",120.634906,24.17991,"臺中市","西屯區"
"路口交岔撞","2021",8,12,17,"晴","日間自然光線",30,"四岔路","交叉路口內","柏油","乾燥","良好","無號誌","無","未繪設快慢車道分隔線","無",50,"不明",120.305848,23.102825,"臺南市","新市區"
"路口交岔撞","2021",8,12,17,"晴","日間自然光線",30,"四岔路","交叉路口內","柏油","乾燥","良好","無號誌","無","未繪設快慢車道分隔線","無",28,"不明",120.305848,23.102825,"臺南市","新市區"
"側撞","2021",8,13,6,"陰","日間自然光線",50,"三岔路","交叉路口內","柏油","濕潤","良好","正常","無","未繪設快慢車道分隔線","無",86,"未使用",120.3245,22.59027,"高雄市","鳳山區"
"側撞","2021",8,13,6,"陰","日間自然光線",50,"三岔路","交叉路口內","柏油","濕潤","良好","正常","無","未繪設快慢車道分隔線","無",26,"未使用",120.3245,22.59027,"高雄市","鳳山區"
"追撞","2021",8,13,8,"晴","日間自然光線",70,"直路","慢車道","柏油","乾燥","良好","無號誌","中央分向島","快慢車道分隔線","有",63,"不明",120.333962,23.726362,"雲林縣","褒忠鄉"
"追撞","2021",8,13,8,"晴","日間自然光線",70,"直路","慢車道","柏油","乾燥","良好","無號誌","中央分向島","快慢車道分隔線","有",61,"未使用",120.333962,23.726362,"雲林縣","褒忠鄉"
"路口交岔撞","2021",8,13,11,"晴","日間自然光線",50,"四岔路","交叉路口內","柏油","乾燥","良好","正常","無","未繪設快慢車道分隔線","無",72,"不明",120.436513,23.447869,"嘉義市","西區"
"路口交岔撞","2021",8,13,11,"晴","日間自然光線",50,"四岔路","交叉路口內","柏油","乾燥","良好","正常","無","未繪設快慢車道分隔線","無",62,"未使用",120.436513,23.447869,"嘉義市","西區"
"追撞","2021",8,14,4,"晴","夜間(或隧道、地下道、涵洞)有照明",60,"直路","一般車道(未劃分快慢車道)","柏油","乾燥","良好","無號誌","雙向禁止超車線","未繪設快慢車道分隔線","有",77,"不明",120.472351,23.114833,"臺南市","玉井區"
"追撞","2021",8,14,4,"晴","夜間(或隧道、地下道、涵洞)有照明",60,"直路","一般車道(未劃分快慢車道)","柏油","乾燥","良好","無號誌","雙向禁止超車線","未繪設快慢車道分隔線","有",82,"未使用",120.472351,23.114833,"臺南市","玉井區"
"撞交通島","2021",8,14,6,"晴","日間自然光線",60,"橋樑","快車道","柏油","乾燥","良好","無號誌","中央分向島","快慢車道分隔線","有",51,"未使用",121.173547,22.776035,"臺東縣","臺東市"
"路上翻車、摔倒","2021",8,14,14,"雨","日間自然光線",50,"直路","一般車道(未劃分快慢車道)","柏油","濕潤","良好","無號誌","雙向禁止超車線","未繪設快慢車道分隔線","有",15,"不明",121.282893,24.921706,"桃園市","八德區"
"路上翻車、摔倒","2021",8,14,14,"雨","日間自然光線",50,"直路","一般車道(未劃分快慢車道)","柏油","濕潤","良好","無號誌","雙向禁止超車線","未繪設快慢車道分隔線","有",57,"不明",121.282893,24.921706,"桃園市","八德區"
"穿越道路中","2021",8,14,22,"晴","日間自然光線",40,"直路","一般車道(未劃分快慢車道)","柏油","濕潤","良好","無號誌","行車分向線","未繪設快慢車道分隔線","有",17,"未使用",120.582371,23.967296,"彰化縣","員林市"
"穿越道路中","2021",8,14,22,"晴","日間自然光線",40,"直路","一般車道(未劃分快慢車道)","柏油","濕潤","良好","無號誌","行車分向線","未繪設快慢車道分隔線","有",58,"非駕駛人",120.582371,23.967296,"彰化縣","員林市"
"撞交通島","2021",8,15,5,"晴","日間自然光線",50,"直路","一般車道(未劃分快慢車道)","柏油","乾燥","良好","正常","中央分向島","未繪設快慢車道分隔線","有",19,"不明",120.714077,22.079187,"屏東縣","車城鄉"
"撞交通島","2021",8,15,5,"晴","日間自然光線",50,"直路","一般車道(未劃分快慢車道)","柏油","乾燥","良好","正常","中央分向島","未繪設快慢車道分隔線","有",19,"不明",120.714077,22.079187,"屏東縣","車城鄉"
"路口交岔撞","2021",8,15,6,"晴","日間自然光線",50,"三岔路","交叉路口內","柏油","乾燥","良好","正常","行車分向線","快慢車道分隔線","有",81,"非駕駛人",121.468854,25.009212,"新北市","板橋區"
"路口交岔撞","2021",8,15,6,"晴","日間自然光線",50,"三岔路","交叉路口內","柏油","乾燥","良好","正常","行車分向線","快慢車道分隔線","有",52,"未使用",121.468854,25.009212,"新北市","板橋區"
"側撞","2021",8,15,8,"晴","日間自然光線",50,"四岔路","交叉路口內","柏油","乾燥","良好","正常","無","未繪設快慢車道分隔線","無",82,"未使用",120.301796,22.641339,"高雄市","三民區"
"側撞","2021",8,15,8,"晴","日間自然光線",50,"四岔路","交叉路口內","柏油","乾燥","良好","正常","無","未繪設快慢車道分隔線","無",43,"未使用",120.301796,22.641339,"高雄市","三民區"
"穿越道路中","2021",8,15,11,"晴","日間自然光線",50,"三岔路","行人穿越道","柏油","乾燥","良好","正常","無","未繪設快慢車道分隔線","無",60,"不明",121.225742,24.956462,"桃園市","中壢區"
"穿越道路中","2021",8,15,11,"晴","日間自然光線",50,"三岔路","行人穿越道","柏油","乾燥","良好","正常","無","未繪設快慢車道分隔線","無",58,"不明",121.225742,24.956462,"桃園市","中壢區"
"路口交岔撞","2021",8,16,11,"晴","日間自然光線",40,"四岔路","交叉路口內","柏油","乾燥","良好","正常","行車分向線","未繪設快慢車道分隔線","有",19,"不明",120.489099,23.824512,"彰化縣","溪州鄉"
"路口交岔撞","2021",8,16,11,"晴","日間自然光線",40,"四岔路","交叉路口內","柏油","乾燥","良好","正常","行車分向線","未繪設快慢車道分隔線","有",46,"不明",120.489099,23.824512,"彰化縣","溪州鄉"
"追撞","2021",8,16,12,"晴","日間自然光線",30,"直路","一般車道(未劃分快慢車道)","柏油","乾燥","良好","無號誌","行車分向線","未繪設快慢車道分隔線","有",65,"不明",121.301986,25.010994,"桃園市","桃園區"
"追撞","2021",8,16,12,"晴","日間自然光線",30,"直路","一般車道(未劃分快慢車道)","柏油","乾燥","良好","無號誌","行車分向線","未繪設快慢車道分隔線","有",65,"不明",121.301986,25.010994,"桃園市","桃園區"
"追撞","2021",8,16,12,"晴","日間自然光線",30,"直路","一般車道(未劃分快慢車道)","柏油","乾燥","良好","無號誌","行車分向線","未繪設快慢車道分隔線","有",55,"未使用",121.301986,25.010994,"桃園市","桃園區"
"追撞","2021",8,16,12,"晴","日間自然光線",30,"直路","一般車道(未劃分快慢車道)","柏油","乾燥","良好","無號誌","行車分向線","未繪設快慢車道分隔線","有",76,"未使用",121.301986,25.010994,"桃園市","桃園區"
"撞路樹、電桿","2021",8,17,6,"晴","日間自然光線",30,"直路","一般車道(未劃分快慢車道)","其他鋪裝","乾燥","良好","無號誌","無","未繪設快慢車道分隔線","無",78,"未使用",120.329123,23.352038,"臺南市","後壁區"
"穿越道路中","2021",8,17,10,"晴","日間自然光線",50,"四岔路","交叉口附近","柏油","乾燥","良好","正常","無","未繪設快慢車道分隔線","無",56,"未使用",121.508635,25.044355,"臺北市","萬華區"
"穿越道路中","2021",8,17,10,"晴","日間自然光線",50,"四岔路","交叉口附近","柏油","乾燥","良好","正常","無","未繪設快慢車道分隔線","無",79,"非駕駛人",121.508635,25.044355,"臺北市","萬華區"
"追撞","2021",8,17,14,"晴","日間自然光線",60,"直路","一般車道(未劃分快慢車道)","柏油","乾燥","良好","無號誌","雙向禁止超車線","未繪設快慢車道分隔線","有",24,"未使用",120.778384,21.950221,"屏東縣","恆春鎮"
"追撞","2021",8,17,14,"晴","日間自然光線",60,"直路","一般車道(未劃分快慢車道)","柏油","乾燥","良好","無號誌","雙向禁止超車線","未繪設快慢車道分隔線","有",27,"未使用",120.778384,21.950221,"屏東縣","恆春鎮"
"其他","2021",8,17,18,"晴","夜間(或隧道、地下道、涵洞)有照明",50,"直路","路肩、路緣","柏油","乾燥","良好","無號誌","中央分向島","未繪設快慢車道分隔線","有",41,"未使用",121.352869,25.007011,"桃園市","龜山區"
"其他","2021",8,17,18,"晴","夜間(或隧道、地下道、涵洞)有照明",50,"直路","路肩、路緣","柏油","乾燥","良好","無號誌","中央分向島","未繪設快慢車道分隔線","有",32,"未使用",121.352869,25.007011,"桃園市","龜山區"
"路口交岔撞","2021",8,18,9,"晴","日間自然光線",50,"三岔路","交叉路口內","柏油","乾燥","良好","正常","無","未繪設快慢車道分隔線","無",55,"未使用",120.674424,24.188926,"臺中市","北屯區"
"路口交岔撞","2021",8,18,9,"晴","日間自然光線",50,"三岔路","交叉路口內","柏油","乾燥","良好","正常","無","未繪設快慢車道分隔線","無",66,"未使用",120.674424,24.188926,"臺中市","北屯區"
"路口交岔撞","2021",8,18,9,"晴","日間自然光線",50,"三岔路","交叉路口內","柏油","乾燥","良好","正常","無","未繪設快慢車道分隔線","無",72,"非駕駛人",120.674424,24.188926,"臺中市","北屯區"
"撞橋樑、建築物","2021",8,18,13,"晴","日間自然光線",50,"直路","一般車道(未劃分快慢車道)","柏油","乾燥","良好","無號誌","無","未繪設快慢車道分隔線","有",89,"未使用",120.202739,23.156334,"臺南市","西港區"
"對向擦撞","2021",8,18,16,"陰","日間自然光線",50,"直路","一般車道(未劃分快慢車道)","柏油","濕潤","良好","無號誌","雙向禁止超車線","未繪設快慢車道分隔線","有",32,"未使用",121.537926,23.944249,"花蓮縣","吉安鄉"
"對向擦撞","2021",8,18,16,"陰","日間自然光線",50,"直路","一般車道(未劃分快慢車道)","柏油","濕潤","良好","無號誌","雙向禁止超車線","未繪設快慢車道分隔線","有",18,"未使用",121.537926,23.944249,"花蓮縣","吉安鄉"
"側撞","2021",8,18,17,"晴","日間自然光線",50,"多岔路","交叉路口內","柏油","乾燥","良好","正常","無","未繪設快慢車道分隔線","無",18,"未使用",120.280924,23.031892,"臺南市","永康區"
"側撞","2021",8,18,17,"晴","日間自然光線",50,"多岔路","交叉路口內","柏油","乾燥","良好","正常","無","未繪設快慢車道分隔線","無",24,"未使用",120.280924,23.031892,"臺南市","永康區"