"事故類型及型態子類別名稱","發生年度","發生月份","發生日期","發生時間","天候名稱","光線名稱","速限.第1當事者","道路型態子類別名稱","事故位置子類別名稱","路面狀況.路面鋪裝名稱","路面狀況.路面狀態名稱","道路障礙.視距品質名稱","號誌.號誌動作名稱","車道劃分設施.分向設施大類別名稱","車道劃分設施.分道設施.快慢車道間名稱","車道劃分設施.分道設施.路面邊線名稱","當事者事故發生時年齡","行動電話或電腦或其他相類功能裝置名稱","經度","緯度","縣市","鄉鎮"
"側撞","2021",8,18,18,"晴","日間自然光線",50,"四岔路","交叉路口內","柏油","乾燥","良好","正常","無","未繪設快慢車道分隔線","無",63,"未使用",121.28037,25.0373,"桃園市","蘆竹區"
"側撞","2021",8,18,18,"晴","日間自然光線",50,"四岔路","交叉路口內","柏油","乾燥","良好","正常","無","未繪設快慢車道分隔線","無",49,"未使用",121.28037,25.0373,"桃園市","蘆竹區"
"側撞","2021",8,19,0,"晴","夜間(或隧道、地下道、涵洞)有照明",30,"四岔路","交叉路口內","柏油","乾燥","良好","正常","無","未繪設快慢車道分隔線","無",43,"未使用",120.3964,22.50057,"高雄市","林園區"
"側撞","2021",8,19,0,"晴","夜間(或隧道、地下道、涵洞)有照明",30,"四岔路","交叉路口內","柏油","乾燥","良好","正常","無","未繪設快慢車道分隔線","無",18,"非駕駛人",120.3964,22.50057,"高雄市","林園區"
"側撞","2021",8,19,0,"晴","夜間(或隧道、地下道、涵洞)有照明",30,"四岔路","交叉路口內","柏油","乾燥","良好","正常","無","未繪設快慢車道分隔線","無",26,"未使用",120.3964,22.50057,"高雄市","林園區"
"對向通行中","2021",8,19,11,"晴","日間自然光線",50,"巷弄","一般車道(未劃分快慢車道)","柏油","乾燥","良好","無號誌","行車分向線","未繪設快慢車道分隔線","無",40,"未使用",121.564647,25.026551,"臺北市","信義區"
"對向通行中","2021",8,19,11,"晴","日間自然光線",50,"巷弄","一般車道(未劃分快慢車道)","柏油","乾燥","良好","無號誌","行車分向線","未繪設快慢車道分隔線","無",91,"非駕駛人",121.564647,25.026551,"臺北市","信義區"
"追撞","2021",8,19,22,"晴","夜間(或隧道、地下道、涵洞)有照明",90,"直路","快車道","柏油","乾燥","良好","無號誌","中央分向島","未繪設快慢車道分隔線","有",62,"未使用",120.460922,23.675468,"雲林縣","斗南鎮"
"追撞","2021",8,19,22,"晴","夜間(或隧道、地下道、涵洞)有照明",90,"直路","快車道","柏油","乾燥","良好","無號誌","中央分向島","未繪設快慢車道分隔線","有",5,"未使用",120.460922,23.675468,"雲林縣","斗南鎮"
"追撞","2021",8,19,22,"晴","夜間(或隧道、地下道、涵洞)有照明",90,"直路","快車道","柏油","乾燥","良好","無號誌","中央分向島","未繪設快慢車道分隔線","有",50,"未使用",120.460922,23.675468,"雲林縣","斗南鎮"
"追撞","2021",8,19,22,"晴","夜間(或隧道、地下道、涵洞)有照明",90,"直路","快車道","柏油","乾燥","良好","無號誌","中央分向島","未繪設快慢車道分隔線","有",35,"未使用",120.460922,23.675468,"雲林縣","斗南鎮"
"追撞","2021",8,19,22,"晴","夜間(或隧道、地下道、涵洞)有照明",90,"直路","快車道","柏油","乾燥","良好","無號誌","中央分向島","未繪設快慢車道分隔線","有",48,"未使用",120.460922,23.675468,"雲林縣","斗南鎮"
"追撞","2021",8,19,22,"晴","夜間(或隧道、地下道、涵洞)有照明",90,"直路","快車道","柏油","乾燥","良好","無號誌","中央分向島","未繪設快慢車道分隔線","有",51,"未使用",120.460922,23.675468,"雲林縣","斗南鎮"
"追撞","2021",8,19,22,"晴","夜間(或隧道、地下道、涵洞)有照明",90,"直路","快車道","柏油","乾燥","良好","無號誌","中央分向島","未繪設快慢車道分隔線","有",62,"未使用",120.460922,23.675468,"雲林縣","斗南鎮"
"其他","2021",8,20,4,"晴","夜間(或隧道、地下道、涵洞)有照明",50,"四岔路","行人穿越道","柏油","乾燥","良好","正常","中央分向島","未繪設快慢車道分隔線","無",57,"不明",120.732146,24.274624,"臺中市","豐原區"
"其他","2021",8,20,4,"晴","夜間(或隧道、地下道、涵洞)有照明",50,"四岔路","行人穿越道","柏油","乾燥","良好","正常","中央分向島","未繪設快慢車道分隔線","無",84,"不明",120.732146,24.274624,"臺中市","豐原區"
"穿越道路中","2021",8,20,6,"晴","晨或暮光",50,"直路","一般車道(未劃分快慢車道)","柏油","乾燥","良好","無號誌","雙向禁止超車線","未繪設快慢車道分隔線","無",69,"未使用",120.734185,24.177003,"臺中市","北屯區"
"穿越道路中","2021",8,20,6,"晴","晨或暮光",50,"直路","一般車道(未劃分快慢車道)","柏油","乾燥","良好","無號誌","雙向禁止超車線","未繪設快慢車道分隔線","無",44,"非駕駛人",120.734185,24.177003,"臺中市","北屯區"
"側撞","2021",8,20,7,"晴","日間自然光線",50,"直路","慢車道","柏油","乾燥","良好","無號誌","中央分向島","快慢車道分隔線","有",39,"未使用",121.816009,24.762205,"宜蘭縣","壯圍鄉"
"側撞","2021",8,20,7,"晴","日間自然光線",50,"直路","慢車道","柏油","乾燥","良好","無號誌","中央分向島","快慢車道分隔線","有",22,"未使用",121.816009,24.762205,"宜蘭縣","壯圍鄉"
"側撞","2021",8,20,8,"晴","日間自然光線",50,"四岔路","交叉路口內","柏油","乾燥","良好","正常","中央分向島","未繪設快慢車道分隔線","無",76,"未使用",120.251374,22.879274,"高雄市","湖內區"
"側撞","2021",8,20,8,"晴","日間自然光線",50,"四岔路","交叉路口內","柏油","乾燥","良好","正常","中央分向島","未繪設快慢車道分隔線","無",31,"未使用",120.251374,22.879274,"高雄市","湖內區"
"側撞","2021",8,20,8,"晴","日間自然光線",50,"三岔路","交叉路口內","柏油","乾燥","良好","正常","無","未繪設快慢車道分隔線","無",84,"未使用",120.19094,23.027807,"臺南市","南區"
"側撞","2021",8,20,8,"晴","日間自然光線",50,"三岔路","交叉路口內","柏油","乾燥","良好","正常","無","未繪設快慢車道分隔線","無",67,"未使用",120.19094,23.027807,"臺南市","南區"
"其他","2021",8,20,19,"晴","日間自然光線",50,"直路","一般車道(未劃分快慢車道)","柏油","乾燥","良好","無號誌","雙向禁止超車線","未繪設快慢車道分隔線","有",69,"未使用",121.199716,25.065106,"桃園市","大園區"
"其他","2021",8,20,19,"晴","日間自然光線",50,"直路","一般車道(未劃分快慢車道)","柏油","乾燥","良好","無號誌","雙向禁止超車線","未繪設快慢車道分隔線","有",83,"非駕駛人",121.199716,25.065106,"桃園市","大園區"
"追撞","2021",8,20,20,"晴","夜間(或隧道、地下道、涵洞)有照明",50,"直路","一般車道(未劃分快慢車道)","柏油","乾燥","良好","無號誌","無","未繪設快慢車道分隔線","有",43,"不明",121.178267,25.082194,"桃園市","大園區"
"追撞","2021",8,20,20,"晴","夜間(或隧道、地下道、涵洞)有照明",50,"直路","一般車道(未劃分快慢車道)","柏油","乾燥","良好","無號誌","無","未繪設快慢車道分隔線","有",41,"不明",121.178267,25.082194,"桃園市","大園區"
"路口交岔撞","2021",8,20,23,"晴","夜間(或隧道、地下道、涵洞)有照明",50,"四岔路","交叉路口內","柏油","乾燥","良好","正常","無","未繪設快慢車道分隔線","無",22,"未使用",120.719896,24.156303,"臺中市","太平區"
"路口交岔撞","2021",8,20,23,"晴","夜間(或隧道、地下道、涵洞)有照明",50,"四岔路","交叉路口內","柏油","乾燥","良好","正常","無","未繪設快慢車道分隔線","無",24,"未使用",120.719896,24.156303,"臺中市","太平區"
"路口交岔撞","2021",8,20,23,"晴","夜間(或隧道、地下道、涵洞)有照明",50,"四岔路","交叉路口內","柏油","乾燥","良好","正常","無","未繪設快慢車道分隔線","無",57,"未使用",120.719896,24.156303,"臺中市","太平區"
"路口交岔撞","2021",8,20,23,"晴","夜間(或隧道、地下道、涵洞)有照明",50,"四岔路","交叉路口內","柏油","乾燥","良好","正常","無","未繪設快慢車道分隔線","無",61,"未使用",120.719896,24.156303,"臺中市","太平區"
"路口交岔撞","2021",8,21,16,"晴","日間自然光線",70,"四岔路","交叉路口內","柏油","乾燥","良好","正常","無","未繪設快慢車道分隔線","無",39,"未使用",120.47028,23.642981,"雲林縣","大埤鄉"
"路口交岔撞","2021",8,21,16,"晴","日間自然光線",70,"四岔路","交叉路口內","柏油","乾燥","良好","正常","無","未繪設快慢車道分隔線","無",29,"未使用",120.47028,23.642981,"雲林縣","大埤鄉"
"路口交岔撞","2021",8,21,18,"晴","夜間(或隧道、地下道、涵洞)有照明",50,"四岔路","交叉路口內","柏油","乾燥","良好","正常","無","未繪設快慢車道分隔線","有",74,"未使用",120.514567,23.974281,"彰化縣","埔心鄉"
"路口交岔撞","2021",8,21,18,"晴","夜間(或隧道、地下道、涵洞)有照明",50,"四岔路","交叉路口內","柏油","乾燥","良好","正常","無","未繪設快慢車道分隔線","有",21,"未使用",120.514567,23.974281,"彰化縣","埔心鄉"
"追撞","2021",8,23,9,"晴","日間自然光線",60,"四岔路","交叉路口內","柏油","乾燥","良好","正常","雙向禁止超車線","未繪設快慢車道分隔線","無",43,"未使用",120.583451,23.905344,"彰化縣","社頭鄉"
"追撞","2021",8,23,9,"晴","日間自然光線",60,"四岔路","交叉路口內","柏油","乾燥","良好","正常","雙向禁止超車線","未繪設快慢車道分隔線","無",38,"不明",120.583451,23.905344,"彰化縣","社頭鄉"
"側撞","2021",8,23,14,"晴","日間自然光線",30,"四岔路","交叉路口內","柏油","乾燥","良好","無號誌","無","未繪設快慢車道分隔線","有",23,"未使用",120.302445,22.873952,"高雄市","路竹區"
"側撞","2021",8,23,14,"晴","日間自然光線",30,"四岔路","交叉路口內","柏油","乾燥","良好","無號誌","無","未繪設快慢車道分隔線","有",31,"未使用",120.302445,22.873952,"高雄市","路竹區"
"路口交岔撞","2021",8,23,15,"晴","晨或暮光",40,"四岔路","交叉路口內","柏油","乾燥","良好","無號誌","無","未繪設快慢車道分隔線","有",69,"不明",120.373645,23.99824,"彰化縣","芳苑鄉"
"路口交岔撞","2021",8,23,15,"晴","晨或暮光",40,"四岔路","交叉路口內","柏油","乾燥","良好","無號誌","無","未繪設快慢車道分隔線","有",19,"不明",120.373645,23.99824,"彰化縣","芳苑鄉"
"路上翻車、摔倒","2021",8,23,16,"晴","日間自然光線",40,"彎曲路及附近","一般車道(未劃分快慢車道)","柏油","乾燥","良好","無號誌","中央分向島","未繪設快慢車道分隔線","有",19,"不明",120.595268,24.028616,"彰化縣","芬園鄉"
"路上翻車、摔倒","2021",8,23,17,"陰","日間自然光線",30,"彎曲路及附近","一般車道(未劃分快慢車道)","柏油","乾燥","良好","無號誌","雙向禁止超車線","未繪設快慢車道分隔線","有",63,"不明",121.418597,25.029608,"新北市","新莊區"
"路上翻車、摔倒","2021",8,23,17,"陰","日間自然光線",30,"彎曲路及附近","一般車道(未劃分快慢車道)","柏油","乾燥","良好","無號誌","雙向禁止超車線","未繪設快慢車道分隔線","有",64,"非駕駛人",121.418597,25.029608,"新北市","新莊區"
"側撞","2021",8,23,20,"晴","夜間(或隧道、地下道、涵洞)有照明",50,"四岔路","交叉路口內","柏油","乾燥","良好","正常","無","未繪設快慢車道分隔線","無",41,"不明",120.992211,24.814581,"新竹市","東區"
"側撞","2021",8,23,20,"晴","夜間(或隧道、地下道、涵洞)有照明",50,"四岔路","交叉路口內","柏油","乾燥","良好","正常","無","未繪設快慢車道分隔線","無",65,"不明",120.992211,24.814581,"新竹市","東區"
"追撞","2021",8,24,10,"晴","日間自然光線",60,"直路","慢車道","柏油","乾燥","良好","無號誌","中央分向島","快慢車道分隔線","有",30,"未使用",120.421163,23.062566,"臺南市","左鎮區"
"追撞","2021",8,24,10,"晴","日間自然光線",60,"直路","慢車道","柏油","乾燥","良好","無號誌","中央分向島","快慢車道分隔線","有",62,"未使用",120.421163,23.062566,"臺南市","左鎮區"
"其他","2021",8,24,12,"晴","日間自然光線",70,"直路","路肩、路緣","柏油","乾燥","良好","無號誌","中央分向島","快慢車道分隔線","有",18,"未使用",120.82929,24.638348,"苗栗縣","造橋鄉"
"其他","2021",8,24,12,"晴","日間自然光線",70,"直路","路肩、路緣","柏油","乾燥","良好","無號誌","中央分向島","快慢車道分隔線","有",55,"未使用",120.82929,24.638348,"苗栗縣","造橋鄉"
"其他","2021",8,24,12,"晴","日間自然光線",70,"直路","路肩、路緣","柏油","乾燥","良好","無號誌","中央分向島","快慢車道分隔線","有",41,"未使用",120.82929,24.638348,"苗栗縣","造橋鄉"
"其他","2021",8,24,12,"晴","日間自然光線",70,"直路","路肩、路緣","柏油","乾燥","良好","無號誌","中央分向島","快慢車道分隔線","有",50,"未使用",120.82929,24.638348,"苗栗縣","造橋鄉"
"其他","2021",8,24,12,"晴","日間自然光線",70,"直路","路肩、路緣","柏油","乾燥","良好","無號誌","中央分向島","快慢車道分隔線","有",45,"未使用",120.82929,24.638348,"苗栗縣","造橋鄉"
"路上翻車、摔倒","2021",8,24,13,"晴","日間自然光線",50,"直路","快車道","柏油","乾燥","良好","無號誌","雙向禁止超車線","快慢車道分隔線","有",45,"未使用",120.47458,22.48854,"屏東縣","東港鎮"
"衝出路外","2021",8,24,14,"晴","日間自然光線",30,"坡路","一般車道(未劃分快慢車道)","柏油","乾燥","良好","無號誌","雙向禁止超車線","未繪設快慢車道分隔線","有",33,"未使用",121.097416,22.827397,"臺東縣","卑南鄉"
"路口交岔撞","2021",8,24,16,"晴","日間自然光線",40,"四岔路","交叉路口內","柏油","乾燥","良好","無號誌","無","未繪設快慢車道分隔線","無",46,"未使用",121.593469,23.947573,"花蓮縣","吉安鄉"
"路口交岔撞","2021",8,24,16,"晴","日間自然光線",40,"四岔路","交叉路口內","柏油","乾燥","良好","無號誌","無","未繪設快慢車道分隔線","無",50,"未使用",121.593469,23.947573,"花蓮縣","吉安鄉"
"路口交岔撞","2021",8,25,7,"晴","日間自然光線",30,"四岔路","交叉路口內","柏油","乾燥","良好","無號誌","無","未繪設快慢車道分隔線","無",60,"不明",120.866539,24.675313,"苗栗縣","竹南鎮"
"路口交岔撞","2021",8,25,7,"晴","日間自然光線",30,"四岔路","交叉路口內","柏油","乾燥","良好","無號誌","無","未繪設快慢車道分隔線","無",46,"不明",120.866539,24.675313,"苗栗縣","竹南鎮"
"側撞","2021",8,25,8,"晴","日間自然光線",60,"三岔路","交叉路口內","柏油","乾燥","良好","正常","無","未繪設快慢車道分隔線","無",76,"未使用",120.500842,23.445335,"嘉義縣","中埔鄉"
"側撞","2021",8,25,8,"晴","日間自然光線",60,"三岔路","交叉路口內","柏油","乾燥","良好","正常","無","未繪設快慢車道分隔線","無",54,"未使用",120.500842,23.445335,"嘉義縣","中埔鄉"
"側撞","2021",8,25,9,"晴","日間自然光線",50,"三岔路","交叉路口內","柏油","乾燥","良好","正常","雙向禁止超車線","未繪設快慢車道分隔線","有",40,"未使用",120.453213,23.958645,"彰化縣","溪湖鎮"
"側撞","2021",8,25,9,"晴","日間自然光線",50,"三岔路","交叉路口內","柏油","乾燥","良好","正常","雙向禁止超車線","未繪設快慢車道分隔線","有",85,"未使用",120.453213,23.958645,"彰化縣","溪湖鎮"
"撞護欄(樁)","2021",8,25,9,"晴","日間自然光線",30,"直路","一般車道(未劃分快慢車道)","柏油","乾燥","良好","無號誌","無","未繪設快慢車道分隔線","無",82,"未使用",121.56258,24.978219,"臺北市","文山區"
"衝進路中","2021",8,25,18,"陰","晨或暮光",50,"直路","快車道","柏油","乾燥","良好","無號誌","中央分向島","未繪設快慢車道分隔線","有",47,"非駕駛人",121.604414,23.961818,"花蓮縣","吉安鄉"
"衝進路中","2021",8,25,18,"陰","晨或暮光",50,"直路","快車道","柏油","乾燥","良好","無號誌","中央分向島","未繪設快慢車道分隔線","有",56,"未使用",121.604414,23.961818,"花蓮縣","吉安鄉"
"穿越道路中","2021",8,25,19,"晴","夜間(或隧道、地下道、涵洞)有照明",50,"四岔路","行人穿越道","柏油","乾燥","良好","正常","中央分向島","快慢車道分隔線","有",84,"非駕駛人",120.488954,22.731937,"屏東縣","九如鄉"
"穿越道路中","2021",8,25,19,"晴","夜間(或隧道、地下道、涵洞)有照明",50,"四岔路","行人穿越道","柏油","乾燥","良好","正常","中央分向島","快慢車道分隔線","有",41,"未使用",120.488954,22.731937,"屏東縣","九如鄉"
"對撞","2021",8,25,22,"晴","夜間(或隧道、地下道、涵洞)有照明",50,"四岔路","交叉路口內","柏油","乾燥","良好","正常","無","未繪設快慢車道分隔線","無",59,"未使用",121.092099,22.851177,"臺東縣","卑南鄉"
"對撞","2021",8,25,22,"晴","夜間(或隧道、地下道、涵洞)有照明",50,"四岔路","交叉路口內","柏油","乾燥","良好","正常","無","未繪設快慢車道分隔線","無",21,"未使用",121.092099,22.851177,"臺東縣","卑南鄉"
"路口交岔撞","2021",8,26,5,"晴","晨或暮光",50,"四岔路","交叉路口內","柏油","乾燥","良好","正常","無","未繪設快慢車道分隔線","無",54,"未使用",120.481272,23.617045,"嘉義縣","大林鎮"
"路口交岔撞","2021",8,26,5,"晴","晨或暮光",50,"四岔路","交叉路口內","柏油","乾燥","良好","正常","無","未繪設快慢車道分隔線","無",39,"未使用",120.481272,23.617045,"嘉義縣","大林鎮"
"其他","2021",8,26,7,"晴","日間自然光線",40,"直路","一般車道(未劃分快慢車道)","柏油","乾燥","良好","無號誌","雙向禁止超車線","未繪設快慢車道分隔線","有",39,"未使用",121.720231,24.901738,"新北市","坪林區"
"其他","2021",8,26,7,"晴","日間自然光線",40,"直路","一般車道(未劃分快慢車道)","柏油","乾燥","良好","無號誌","雙向禁止超車線","未繪設快慢車道分隔線","有",40,"未使用",121.720231,24.901738,"新北市","坪林區"
"其他","2021",8,26,7,"晴","日間自然光線",40,"直路","一般車道(未劃分快慢車道)","柏油","乾燥","良好","無號誌","雙向禁止超車線","未繪設快慢車道分隔線","有",48,"未使用",121.720231,24.901738,"新北市","坪林區"
"撞路樹、電桿","2021",8,26,9,"晴","日間自然光線",50,"多岔路","交叉路口內","柏油","乾燥","良好","正常","無","未繪設快慢車道分隔線","無",51,"不明",121.582554,23.940178,"花蓮縣","吉安鄉"
"撞護欄(樁)","2021",8,26,12,"晴","日間自然光線",40,"彎曲路及附近","一般車道(未劃分快慢車道)","柏油","乾燥","良好","無號誌","雙向禁止超車線","未繪設快慢車道分隔線","有",18,"未使用",121.720231,24.901738,"新北市","坪林區"
"同向通行中","2021",8,26,22,"晴","夜間(或隧道、地下道、涵洞)有照明",50,"四岔路","交叉路口內","柏油","乾燥","良好","正常","行車分向線","快慢車道分隔線","無",38,"未使用",120.644405,24.202721,"臺中市","西屯區"
"同向通行中","2021",8,26,22,"晴","夜間(或隧道、地下道、涵洞)有照明",50,"四岔路","交叉路口內","柏油","乾燥","良好","正常","行車分向線","快慢車道分隔線","無",51,"非駕駛人",120.644405,24.202721,"臺中市","西屯區"
"側撞","2021",8,26,23,"晴","夜間(或隧道、地下道、涵洞)有照明",50,"四岔路","交叉路口內","柏油","乾燥","良好","正常","單向禁止超車線","未繪設快慢車道分隔線","無",49,"未使用",121.525323,25.051994,"臺北市","中山區"
"側撞","2021",8,26,23,"晴","夜間(或隧道、地下道、涵洞)有照明",50,"四岔路","交叉路口內","柏油","乾燥","良好","正常","單向禁止超車線","未繪設快慢車道分隔線","無",26,"未使用",121.525323,25.051994,"臺北市","中山區"
"其他","2021",8,27,3,"晴","日間自然光線",50,"三岔路","交叉路口內","柏油","乾燥","良好","正常","無","未繪設快慢車道分隔線","無",43,"未使用",120.194049,22.99366,"臺南市","西區"
"側撞","2021",8,27,9,"晴","日間自然光線",30,"四岔路","交叉路口內","柏油","乾燥","良好","無號誌","無","未繪設快慢車道分隔線","無",9,"非駕駛人",120.251771,23.579715,"雲林縣","水林鄉"
"側撞","2021",8,27,9,"晴","日間自然光線",30,"四岔路","交叉路口內","柏油","乾燥","良好","無號誌","無","未繪設快慢車道分隔線","無",13,"非駕駛人",120.251771,23.579715,"雲林縣","水林鄉"
"側撞","2021",8,27,9,"晴","日間自然光線",30,"四岔路","交叉路口內","柏油","乾燥","良好","無號誌","無","未繪設快慢車道分隔線","無",12,"非駕駛人",120.251771,23.579715,"雲林縣","水林鄉"
"側撞","2021",8,27,9,"晴","日間自然光線",30,"四岔路","交叉路口內","柏油","乾燥","良好","無號誌","無","未繪設快慢車道分隔線","無",39,"不明",120.251771,23.579715,"雲林縣","水林鄉"
"側撞","2021",8,27,9,"晴","日間自然光線",30,"四岔路","交叉路口內","柏油","乾燥","良好","無號誌","無","未繪設快慢車道分隔線","無",38,"未使用",120.251771,23.579715,"雲林縣","水林鄉"
"追撞","2021",8,27,9,"晴","日間自然光線",90,"直路","快車道","柏油","乾燥","良好","無號誌","中央分向島","未繪設快慢車道分隔線","有",65,"不明",121.152948,24.807332,"新竹縣","關西鎮"
"追撞","2021",8,27,9,"晴","日間自然光線",90,"直路","快車道","柏油","乾燥","良好","無號誌","中央分向島","未繪設快慢車道分隔線","有",69,"未使用",121.152948,24.807332,"新竹縣","關西鎮"
"對撞","2021",8,27,14,"晴","日間自然光線",60,"四岔路","交叉路口內","柏油","乾燥","良好","無號誌","雙向禁止超車線","快慢車道分隔線","有",80,"未使用",120.376976,23.692138,"雲林縣","土庫鎮"
"對撞","2021",8,27,14,"晴","日間自然光線",60,"四岔路","交叉路口內","柏油","乾燥","良好","無號誌","雙向禁止超車線","快慢車道分隔線","有",34,"未使用",120.376976,23.692138,"雲林縣","土庫鎮"
"其他","2021",8,27,16,"晴","日間自然光線",70,"直路","一般車道(未劃分快慢車道)","柏油","乾燥","良好","無號誌","中央分向島","未繪設快慢車道分隔線","有",81,"非駕駛人",120.415666,23.714664,"雲林縣","虎尾鎮"
"其他","2021",8,27,16,"晴","日間自然光線",70,"直路","一般車道(未劃分快慢車道)","柏油","乾燥","良好","無號誌","中央分向島","未繪設快慢車道分隔線","有",31,"未使用",120.415666,23.714664,"雲林縣","虎尾鎮"
"路口交岔撞","2021",8,28,15,"晴","日間自然光線",50,"四岔路","交叉路口內","柏油","乾燥","良好","無號誌","無","未繪設快慢車道分隔線","無",62,"未使用",120.679461,24.153583,"臺中市","北區"
"路口交岔撞","2021",8,28,15,"晴","日間自然光線",50,"四岔路","交叉路口內","柏油","乾燥","良好","無號誌","無","未繪設快慢車道分隔線","無",43,"未使用",120.679461,24.153583,"臺中市","北區"
"追撞","2021",8,28,18,"晴","日間自然光線",50,"直路","交叉口附近","柏油","乾燥","良好","正常","雙向禁止超車線","未繪設快慢車道分隔線","有",46,"未使用",120.299258,23.45909,"嘉義縣","太保市"
"追撞","2021",8,28,18,"晴","日間自然光線",50,"直路","交叉口附近","柏油","乾燥","良好","正常","雙向禁止超車線","未繪設快慢車道分隔線","有",36,"未使用",120.299258,23.45909,"嘉義縣","太保市"
"撞護欄(樁)","2021",8,29,2,"晴","日間自然光線",60,"三岔路","路肩、路緣","柏油","乾燥","良好","無號誌","雙向禁止超車線","快慢車道分隔線","有",15,"未使用",120.461022,22.50241,"屏東縣","新園鄉"
"其他","2021",8,29,2,"晴","夜間(或隧道、地下道、涵洞)有照明",50,"直路","一般車道(未劃分快慢車道)","柏油","乾燥","良好","無號誌","中央分向島","未繪設快慢車道分隔線","有",26,"未使用",121.457024,25.037166,"新北市","新莊區"
"撞路樹、電桿","2021",8,29,4,"陰","夜間(或隧道、地下道、涵洞)有照明",50,"直路","路肩、路緣","柏油","乾燥","良好","無號誌","行車分向線","未繪設快慢車道分隔線","無",18,"未使用",121.29146,25.057937,"桃園市","蘆竹區"
"撞路樹、電桿","2021",8,29,4,"陰","夜間(或隧道、地下道、涵洞)有照明",50,"直路","路肩、路緣","柏油","乾燥","良好","無號誌","行車分向線","未繪設快慢車道分隔線","無",17,"未使用",121.29146,25.057937,"桃園市","蘆竹區"
"衝出路外","2021",8,29,19,"晴","日間自然光線",50,"直路","其他","柏油","乾燥","良好","正常","雙向禁止超車線","快慢車道分隔線","有",61,"未使用",120.733401,21.974998,"屏東縣","恆春鎮"
"側撞","2021",8,30,7,"晴","日間自然光線",60,"直路","一般車道(未劃分快慢車道)","柏油","乾燥","良好","無號誌","中央分向島","未繪設快慢車道分隔線","有",31,"未使用",121.105968,24.722149,"新竹縣","橫山鄉"
"側撞","2021",8,30,7,"晴","日間自然光線",60,"直路","一般車道(未劃分快慢車道)","柏油","乾燥","良好","無號誌","中央分向島","未繪設快慢車道分隔線","有",87,"未使用",121.105968,24.722149,"新竹縣","橫山鄉"
"側撞","2021",8,30,14,"晴","日間自然光線",60,"四岔路","交叉路口內","柏油","乾燥","良好","正常","雙向禁止超車線","未繪設快慢車道分隔線","有",71,"未使用",120.56317,23.946053,"彰化縣","埔心鄉"
"側撞","2021",8,30,14,"晴","日間自然光線",60,"四岔路","交叉路口內","柏油","乾燥","良好","正常","雙向禁止超車線","未繪設快慢車道分隔線","有",36,"未使用",120.56317,23.946053,"彰化縣","埔心鄉"
"路上翻車、摔倒","2021",8,30,16,"晴","日間自然光線",30,"四岔路","交叉口附近","柏油","乾燥","良好","無號誌","無","未繪設快慢車道分隔線","無",71,"不明",120.285344,23.779399,"雲林縣","麥寮鄉"
"其他","2021",8,30,19,"雨","夜間(或隧道、地下道、涵洞)有照明",50,"直路","機車優先道","柏油","濕潤","良好","無號誌","單向禁止超車線","未繪設快慢車道分隔線","有",26,"未使用",121.506887,23.931787,"花蓮縣","秀林鄉"
"其他","2021",8,30,19,"雨","夜間(或隧道、地下道、涵洞)有照明",50,"直路","機車優先道","柏油","濕潤","良好","無號誌","單向禁止超車線","未繪設快慢車道分隔線","有",52,"不明",121.506887,23.931787,"花蓮縣","秀林鄉"
"追撞","2021",8,31,9,"晴","日間自然光線",80,"直路","快車道","柏油","乾燥","良好","無號誌","中央分向島","未繪設快慢車道分隔線","有",27,"未使用",121.441527,25.055863,"新北市","新莊區"
"追撞","2021",8,31,9,"晴","日間自然光線",80,"直路","快車道","柏油","乾燥","良好","無號誌","中央分向島","未繪設快慢車道分隔線","有",37,"未使用",121.441527,25.055863,"新北市","新莊區"
"追撞","2021",9,1,4,"晴","晨或暮光",50,"直路","一般車道(未劃分快慢車道)","柏油","乾燥","良好","無號誌","中央分向島","未繪設快慢車道分隔線","有",20,"未使用",121.252074,25.090432,"桃園市","大園區"
"追撞","2021",9,1,4,"晴","晨或暮光",50,"直路","一般車道(未劃分快慢車道)","柏油","乾燥","良好","無號誌","中央分向島","未繪設快慢車道分隔線","有",54,"未使用",121.252074,25.090432,"桃園市","大園區"
"側撞","2021",9,1,6,"晴","晨或暮光",40,"其他","其他","柏油","乾燥","良好","正常","無","未繪設快慢車道分隔線","無",47,"不明",120.699963,24.137521,"臺中市","東區"
"側撞","2021",9,1,6,"晴","晨或暮光",40,"其他","其他","柏油","乾燥","良好","正常","無","未繪設快慢車道分隔線","無",51,"非駕駛人",120.699963,24.137521,"臺中市","東區"
"側撞","2021",9,1,6,"晴","晨或暮光",40,"其他","其他","柏油","乾燥","良好","正常","無","未繪設快慢車道分隔線","無",65,"非駕駛人",120.699963,24.137521,"臺中市","東區"
"側撞","2021",9,1,6,"晴","晨或暮光",40,"其他","其他","柏油","乾燥","良好","正常","無","未繪設快慢車道分隔線","無",68,"非駕駛人",120.699963,24.137521,"臺中市","東區"