"事故類型及型態子類別名稱","發生年度","發生月份","發生日期","發生時間","天候名稱","光線名稱","速限.第1當事者","道路型態子類別名稱","事故位置子類別名稱","路面狀況.路面鋪裝名稱","路面狀況.路面狀態名稱","道路障礙.視距品質名稱","號誌.號誌動作名稱","車道劃分設施.分向設施大類別名稱","車道劃分設施.分道設施.快慢車道間名稱","車道劃分設施.分道設施.路面邊線名稱","當事者事故發生時年齡","行動電話或電腦或其他相類功能裝置名稱","經度","緯度","縣市","鄉鎮"
"側撞","2021",9,1,6,"晴","晨或暮光",40,"其他","其他","柏油","乾燥","良好","正常","無","未繪設快慢車道分隔線","無",62,"非駕駛人",120.699963,24.137521,"臺中市","東區"
"側撞","2021",9,1,6,"晴","晨或暮光",40,"其他","其他","柏油","乾燥","良好","正常","無","未繪設快慢車道分隔線","無",79,"不明",120.699963,24.137521,"臺中市","東區"
"撞護欄(樁)","2021",9,1,14,"雨","日間自然光線",110,"直路","路肩、路緣","柏油","濕潤","良好","無號誌","中央分向島","未繪設快慢車道分隔線","有",37,"未使用",120.573015,23.646712,"雲林縣","古坑鄉"
"撞護欄(樁)","2021",9,1,14,"雨","日間自然光線",110,"直路","路肩、路緣","柏油","濕潤","良好","無號誌","中央分向島","未繪設快慢車道分隔線","有",33,"非駕駛人",120.573015,23.646712,"雲林縣","古坑鄉"
"路上翻車、摔倒","2021",9,1,17,"晴","日間自然光線",30,"彎曲路及附近","一般車道(未劃分快慢車道)","柏油","乾燥","良好","無號誌","行車分向線","未繪設快慢車道分隔線","有",35,"未使用",120.711088,24.194075,"臺中市","潭子區"
"撞路樹、電桿","2021",9,1,22,"晴","夜間(或隧道、地下道、涵洞)有照明",50,"彎曲路及附近","一般車道(未劃分快慢車道)","柏油","乾燥","不良","無號誌","雙向禁止超車線","未繪設快慢車道分隔線","有",40,"不明",120.406383,23.624994,"嘉義縣","溪口鄉"
"側撞","2021",9,2,8,"晴","日間自然光線",60,"四岔路","交叉路口內","柏油","乾燥","良好","正常","無","未繪設快慢車道分隔線","無",57,"未使用",120.3167,22.74312,"高雄市","橋頭區"
"側撞","2021",9,2,8,"晴","日間自然光線",60,"四岔路","交叉路口內","柏油","乾燥","良好","正常","無","未繪設快慢車道分隔線","無",56,"未使用",120.3167,22.74312,"高雄市","橋頭區"
"路口交岔撞","2021",9,2,11,"晴","日間自然光線",60,"直路","一般車道(未劃分快慢車道)","柏油","乾燥","良好","正常","行車分向線","未繪設快慢車道分隔線","有",73,"不明",120.957053,24.652149,"苗栗縣","三灣鄉"
"路口交岔撞","2021",9,2,11,"晴","日間自然光線",60,"直路","一般車道(未劃分快慢車道)","柏油","乾燥","良好","正常","行車分向線","未繪設快慢車道分隔線","有",81,"不明",120.957053,24.652149,"苗栗縣","三灣鄉"
"路口交岔撞","2021",9,2,11,"晴","日間自然光線",60,"直路","一般車道(未劃分快慢車道)","柏油","乾燥","良好","正常","行車分向線","未繪設快慢車道分隔線","有",82,"不明",120.957053,24.652149,"苗栗縣","三灣鄉"
"路上翻車、摔倒","2021",9,2,11,"晴","日間自然光線",50,"直路","一般車道(未劃分快慢車道)","柏油","乾燥","良好","正常","中央分向島","未繪設快慢車道分隔線","有",66,"未使用",121.426386,24.984397,"新北市","板橋區"
"路口交岔撞","2021",9,2,12,"晴","日間自然光線",30,"四岔路","交叉路口內","柏油","乾燥","良好","無號誌","無","未繪設快慢車道分隔線","無",63,"不明",120.339468,23.465884,"嘉義縣","太保市"
"路口交岔撞","2021",9,2,12,"晴","日間自然光線",30,"四岔路","交叉路口內","柏油","乾燥","良好","無號誌","無","未繪設快慢車道分隔線","無",29,"未使用",120.339468,23.465884,"嘉義縣","太保市"
"路口交岔撞","2021",9,2,12,"晴","日間自然光線",30,"四岔路","交叉路口內","柏油","乾燥","良好","無號誌","無","未繪設快慢車道分隔線","無",66,"未使用",120.339468,23.465884,"嘉義縣","太保市"
"穿越道路中","2021",9,2,19,"晴","夜間(或隧道、地下道、涵洞)有照明",50,"直路","一般車道(未劃分快慢車道)","柏油","乾燥","良好","無號誌","雙向禁止超車線","未繪設快慢車道分隔線","有",73,"未使用",120.970176,24.796535,"新竹市","東區"
"穿越道路中","2021",9,2,19,"晴","夜間(或隧道、地下道、涵洞)有照明",50,"直路","一般車道(未劃分快慢車道)","柏油","乾燥","良好","無號誌","雙向禁止超車線","未繪設快慢車道分隔線","有",72,"非駕駛人",120.970176,24.796535,"新竹市","東區"
"側撞","2021",9,2,19,"晴","夜間(或隧道、地下道、涵洞)有照明",40,"直路","快車道","柏油","乾燥","良好","無號誌","行車分向線","未繪設快慢車道分隔線","無",29,"未使用",120.3681,22.63092,"高雄市","鳳山區"
"側撞","2021",9,2,19,"晴","夜間(或隧道、地下道、涵洞)有照明",40,"直路","快車道","柏油","乾燥","良好","無號誌","行車分向線","未繪設快慢車道分隔線","無",67,"未使用",120.3681,22.63092,"高雄市","鳳山區"
"側撞","2021",9,3,8,"晴","日間自然光線",60,"四岔路","交叉路口內","柏油","乾燥","良好","正常","中央分向島","快慢車道分隔線","有",83,"未使用",120.38533,23.802627,"雲林縣","二崙鄉"
"側撞","2021",9,3,8,"晴","日間自然光線",60,"四岔路","交叉路口內","柏油","乾燥","良好","正常","中央分向島","快慢車道分隔線","有",41,"未使用",120.38533,23.802627,"雲林縣","二崙鄉"
"撞路樹、電桿","2021",9,3,16,"陰","日間自然光線",50,"彎曲路及附近","路肩、路緣","柏油","乾燥","良好","無號誌","雙向禁止超車線","未繪設快慢車道分隔線","有",38,"不明",121.131563,24.841679,"新竹縣","新埔鎮"
"其他","2021",9,3,19,"陰","夜間(或隧道、地下道、涵洞)有照明",50,"橋樑","一般車道(未劃分快慢車道)","柏油","乾燥","良好","無號誌","雙向禁止超車線","未繪設快慢車道分隔線","有",62,"非駕駛人",121.457766,25.097622,"新北市","淡水區"
"其他","2021",9,3,19,"陰","夜間(或隧道、地下道、涵洞)有照明",50,"橋樑","一般車道(未劃分快慢車道)","柏油","乾燥","良好","無號誌","雙向禁止超車線","未繪設快慢車道分隔線","有",67,"未使用",121.457766,25.097622,"新北市","淡水區"
"其他","2021",9,3,19,"陰","夜間(或隧道、地下道、涵洞)有照明",50,"橋樑","一般車道(未劃分快慢車道)","柏油","乾燥","良好","無號誌","雙向禁止超車線","未繪設快慢車道分隔線","有",75,"未使用",121.457766,25.097622,"新北市","淡水區"
"其他","2021",9,4,7,"晴","日間自然光線",50,"直路","一般車道(未劃分快慢車道)","柏油","乾燥","良好","無號誌","行車分向線","未繪設快慢車道分隔線","有",66,"未使用",121.309068,25.004504,"桃園市","桃園區"
"撞路樹、電桿","2021",9,4,15,"霧或煙","日間自然光線",40,"彎曲路及附近","路肩、路緣","柏油","濕潤","不良","無號誌","雙向禁止超車線","未繪設快慢車道分隔線","有",24,"未使用",121.376799,24.432906,"宜蘭縣","大同鄉"
"撞路樹、電桿","2021",9,4,15,"霧或煙","日間自然光線",40,"彎曲路及附近","路肩、路緣","柏油","濕潤","不良","無號誌","雙向禁止超車線","未繪設快慢車道分隔線","有",23,"未使用",121.376799,24.432906,"宜蘭縣","大同鄉"
"側撞","2021",9,4,15,"晴","日間自然光線",40,"四岔路","一般車道(未劃分快慢車道)","柏油","乾燥","良好","無號誌","無","未繪設快慢車道分隔線","有",21,"非駕駛人",120.509064,23.896509,"彰化縣","田尾鄉"
"側撞","2021",9,4,15,"晴","日間自然光線",40,"四岔路","一般車道(未劃分快慢車道)","柏油","乾燥","良好","無號誌","無","未繪設快慢車道分隔線","有",60,"未使用",120.509064,23.896509,"彰化縣","田尾鄉"
"側撞","2021",9,4,15,"晴","日間自然光線",40,"四岔路","一般車道(未劃分快慢車道)","柏油","乾燥","良好","無號誌","無","未繪設快慢車道分隔線","有",24,"未使用",120.509064,23.896509,"彰化縣","田尾鄉"
"同向通行中","2021",9,4,16,"雨","日間自然光線",50,"多岔路","交叉路口內","柏油","濕潤","良好","正常","雙向禁止超車線","未繪設快慢車道分隔線","無",58,"不明",121.530059,25.048595,"臺北市","中山區"
"同向通行中","2021",9,4,16,"雨","日間自然光線",50,"多岔路","交叉路口內","柏油","濕潤","良好","正常","雙向禁止超車線","未繪設快慢車道分隔線","無",40,"非駕駛人",121.530059,25.048595,"臺北市","中山區"
"側撞","2021",9,4,17,"晴","日間自然光線",50,"四岔路","交叉路口內","柏油","乾燥","良好","正常","無","未繪設快慢車道分隔線","無",44,"未使用",121.227684,25.01412,"桃園市","大園區"
"側撞","2021",9,4,17,"晴","日間自然光線",50,"四岔路","交叉路口內","柏油","乾燥","良好","正常","無","未繪設快慢車道分隔線","無",23,"未使用",121.227684,25.01412,"桃園市","大園區"
"追撞","2021",9,4,21,"陰","日間自然光線",60,"直路","一般車道(未劃分快慢車道)","柏油","乾燥","良好","無號誌","雙向禁止超車線","未繪設快慢車道分隔線","有",50,"未使用",121.858602,24.592827,"宜蘭縣","蘇澳鎮"
"追撞","2021",9,4,21,"陰","日間自然光線",60,"直路","一般車道(未劃分快慢車道)","柏油","乾燥","良好","無號誌","雙向禁止超車線","未繪設快慢車道分隔線","有",53,"未使用",121.858602,24.592827,"宜蘭縣","蘇澳鎮"
"側撞","2021",9,4,23,"陰","夜間(或隧道、地下道、涵洞)有照明",50,"四岔路","交叉路口內","柏油","乾燥","不良","正常","無","未繪設快慢車道分隔線","無",18,"未使用",120.570684,24.199018,"臺中市","沙鹿區"
"側撞","2021",9,4,23,"陰","夜間(或隧道、地下道、涵洞)有照明",50,"四岔路","交叉路口內","柏油","乾燥","不良","正常","無","未繪設快慢車道分隔線","無",42,"未使用",120.570684,24.199018,"臺中市","沙鹿區"
"側撞","2021",9,4,23,"陰","夜間(或隧道、地下道、涵洞)有照明",50,"四岔路","交叉路口內","柏油","乾燥","不良","正常","無","未繪設快慢車道分隔線","無",36,"非駕駛人",120.570684,24.199018,"臺中市","沙鹿區"
"撞護欄(樁)","2021",9,5,1,"晴","夜間(或隧道、地下道、涵洞)有照明",80,"其他","交通島(含槽化線)","柏油","乾燥","良好","無號誌","中央分向島","未繪設快慢車道分隔線","無",31,"不明",120.619873,24.120826,"臺中市","南屯區"
"穿越道路中","2021",9,5,4,"晴","夜間(或隧道、地下道、涵洞)無照明",50,"三岔路","交叉路口內","柏油","乾燥","良好","正常","無","未繪設快慢車道分隔線","無",29,"不明",121.743995,25.130061,"基隆市","仁愛區"
"穿越道路中","2021",9,5,4,"晴","夜間(或隧道、地下道、涵洞)無照明",50,"三岔路","交叉路口內","柏油","乾燥","良好","正常","無","未繪設快慢車道分隔線","無",78,"非駕駛人",121.743995,25.130061,"基隆市","仁愛區"
"路口交岔撞","2021",9,5,8,"晴","日間自然光線",50,"四岔路","交叉路口內","柏油","乾燥","良好","正常","無","未繪設快慢車道分隔線","無",80,"未使用",120.363296,22.632449,"高雄市","鳳山區"
"路口交岔撞","2021",9,5,8,"晴","日間自然光線",50,"四岔路","交叉路口內","柏油","乾燥","良好","正常","無","未繪設快慢車道分隔線","無",29,"未使用",120.363296,22.632449,"高雄市","鳳山區"
"撞護欄(樁)","2021",9,5,13,"晴","日間自然光線",50,"直路","一般車道(未劃分快慢車道)","柏油","乾燥","良好","無號誌","中央分向島","未繪設快慢車道分隔線","有",19,"未使用",121.63623,25.056283,"新北市","汐止區"
"撞護欄(樁)","2021",9,5,13,"晴","日間自然光線",50,"直路","一般車道(未劃分快慢車道)","柏油","乾燥","良好","無號誌","中央分向島","未繪設快慢車道分隔線","有",16,"非駕駛人",121.63623,25.056283,"新北市","汐止區"
"路口交岔撞","2021",9,5,21,"晴","夜間(或隧道、地下道、涵洞)有照明",50,"四岔路","交叉路口內","柏油","乾燥","良好","正常","無","未繪設快慢車道分隔線","無",62,"未使用",121.201339,25.005053,"桃園市","中壢區"
"路口交岔撞","2021",9,5,21,"晴","夜間(或隧道、地下道、涵洞)有照明",50,"四岔路","交叉路口內","柏油","乾燥","良好","正常","無","未繪設快慢車道分隔線","無",50,"未使用",121.201339,25.005053,"桃園市","中壢區"
"穿越道路中","2021",9,5,22,"陰","夜間(或隧道、地下道、涵洞)有照明",60,"三岔路","交叉路口內","柏油","濕潤","良好","正常","中央分向島","未繪設快慢車道分隔線","有",44,"未使用",120.4254,22.6575,"高雄市","大樹區"
"穿越道路中","2021",9,5,22,"陰","夜間(或隧道、地下道、涵洞)有照明",60,"三岔路","交叉路口內","柏油","濕潤","良好","正常","中央分向島","未繪設快慢車道分隔線","有",18,"未使用",120.4254,22.6575,"高雄市","大樹區"
"穿越道路中","2021",9,5,22,"陰","夜間(或隧道、地下道、涵洞)有照明",60,"三岔路","交叉路口內","柏油","濕潤","良好","正常","中央分向島","未繪設快慢車道分隔線","有",65,"非駕駛人",120.4254,22.6575,"高雄市","大樹區"
"撞路樹、電桿","2021",9,6,5,"晴","日間自然光線",60,"直路","一般車道(未劃分快慢車道)","柏油","乾燥","良好","無號誌","雙向禁止超車線","快慢車道分隔線","有",46,"未使用",120.798451,24.285631,"臺中市","東勢區"
"對撞","2021",9,6,7,"晴","日間自然光線",50,"直路","一般車道(未劃分快慢車道)","柏油","乾燥","良好","無號誌","無","未繪設快慢車道分隔線","有",37,"未使用",121.080692,24.927118,"桃園市","楊梅區"
"對撞","2021",9,6,7,"晴","日間自然光線",50,"直路","一般車道(未劃分快慢車道)","柏油","乾燥","良好","無號誌","無","未繪設快慢車道分隔線","有",64,"未使用",121.080692,24.927118,"桃園市","楊梅區"
"同向擦撞","2021",9,6,8,"晴","日間自然光線",50,"直路","快車道","柏油","乾燥","良好","無號誌","無","快慢車道分隔線","有",78,"未使用",120.532959,22.965131,"高雄市","杉林區"
"同向擦撞","2021",9,6,8,"晴","日間自然光線",50,"直路","快車道","柏油","乾燥","良好","無號誌","無","快慢車道分隔線","有",43,"未使用",120.532959,22.965131,"高雄市","杉林區"
"路上翻車、摔倒","2021",9,6,10,"晴","日間自然光線",30,"三岔路","交叉口附近","柏油","乾燥","良好","無號誌","無","未繪設快慢車道分隔線","無",110,"",120.3929,22.49154,"高雄市","林園區"
"路上翻車、摔倒","2021",9,6,10,"晴","日間自然光線",30,"三岔路","交叉口附近","柏油","乾燥","良好","無號誌","無","未繪設快慢車道分隔線","無",36,"未使用",120.3929,22.49154,"高雄市","林園區"
"路口交岔撞","2021",9,6,16,"雨","日間自然光線",40,"多岔路","交叉路口內","柏油","濕潤","良好","正常","無","未繪設快慢車道分隔線","無",44,"未使用",120.26948,22.732984,"高雄市","橋頭區"
"路口交岔撞","2021",9,6,16,"雨","日間自然光線",40,"多岔路","交叉路口內","柏油","濕潤","良好","正常","無","未繪設快慢車道分隔線","無",32,"未使用",120.26948,22.732984,"高雄市","橋頭區"
"穿越道路中","2021",9,6,18,"晴","夜間(或隧道、地下道、涵洞)有照明",60,"直路","一般車道(未劃分快慢車道)","柏油","乾燥","良好","無號誌","雙向禁止超車線","未繪設快慢車道分隔線","有",29,"不明",120.574948,23.953641,"彰化縣","二水鄉"
"穿越道路中","2021",9,6,18,"晴","夜間(或隧道、地下道、涵洞)有照明",60,"直路","一般車道(未劃分快慢車道)","柏油","乾燥","良好","無號誌","雙向禁止超車線","未繪設快慢車道分隔線","有",78,"非駕駛人",120.574948,23.953641,"彰化縣","二水鄉"
"側撞","2021",9,6,20,"晴","夜間(或隧道、地下道、涵洞)有照明",70,"四岔路","交叉路口內","柏油","乾燥","良好","正常","無","未繪設快慢車道分隔線","無",46,"未使用",120.272312,22.969237,"臺南市","歸仁區"
"側撞","2021",9,6,20,"晴","夜間(或隧道、地下道、涵洞)有照明",70,"四岔路","交叉路口內","柏油","乾燥","良好","正常","無","未繪設快慢車道分隔線","無",18,"未使用",120.272312,22.969237,"臺南市","歸仁區"
"側撞","2021",9,6,20,"晴","夜間(或隧道、地下道、涵洞)有照明",70,"四岔路","交叉路口內","柏油","乾燥","良好","正常","無","未繪設快慢車道分隔線","無",18,"非駕駛人",120.272312,22.969237,"臺南市","歸仁區"
"衝出路外","2021",9,7,14,"晴","日間自然光線",50,"彎曲路及附近","一般車道(未劃分快慢車道)","柏油","乾燥","良好","無號誌","雙向禁止超車線","未繪設快慢車道分隔線","有",66,"不明",121.03463,24.928839,"新竹縣","新豐鄉"
"追撞","2021",9,7,23,"晴","夜間(或隧道、地下道、涵洞)無照明",110,"直路","快車道","柏油","乾燥","良好","無號誌","中央分向島","未繪設快慢車道分隔線","有",39,"不明",121.266914,24.896696,"桃園市","大溪區"
"追撞","2021",9,7,23,"晴","夜間(或隧道、地下道、涵洞)無照明",110,"直路","快車道","柏油","乾燥","良好","無號誌","中央分向島","未繪設快慢車道分隔線","有",53,"未使用",121.266914,24.896696,"桃園市","大溪區"
"追撞","2021",9,7,23,"晴","夜間(或隧道、地下道、涵洞)無照明",110,"直路","快車道","柏油","乾燥","良好","無號誌","中央分向島","未繪設快慢車道分隔線","有",38,"未使用",121.266914,24.896696,"桃園市","大溪區"
"追撞","2021",9,7,23,"晴","夜間(或隧道、地下道、涵洞)無照明",110,"直路","快車道","柏油","乾燥","良好","無號誌","中央分向島","未繪設快慢車道分隔線","有",35,"未使用",121.266914,24.896696,"桃園市","大溪區"
"衝出路外","2021",9,8,7,"晴","日間自然光線",30,"彎曲路及附近","其他","柏油","乾燥","良好","無號誌","無","未繪設快慢車道分隔線","無",57,"未使用",120.514309,23.821273,"彰化縣","溪州鄉"
"側撞","2021",9,8,9,"晴","日間自然光線",70,"直路","慢車道","柏油","乾燥","良好","無號誌","中央分向島","快慢車道分隔線","有",59,"不明",120.662583,22.24476,"屏東縣","枋山鄉"
"側撞","2021",9,8,9,"晴","日間自然光線",70,"直路","慢車道","柏油","乾燥","良好","無號誌","中央分向島","快慢車道分隔線","有",35,"不明",120.662583,22.24476,"屏東縣","枋山鄉"
"路口交岔撞","2021",9,8,10,"晴","日間自然光線",30,"四岔路","交叉路口內","柏油","乾燥","良好","無號誌","無","未繪設快慢車道分隔線","無",82,"未使用",120.190704,22.982834,"臺南市","南區"
"路口交岔撞","2021",9,8,10,"晴","日間自然光線",30,"四岔路","交叉路口內","柏油","乾燥","良好","無號誌","無","未繪設快慢車道分隔線","無",56,"未使用",120.190704,22.982834,"臺南市","南區"
"穿越道路中","2021",9,8,10,"晴","日間自然光線",50,"四岔路","行人穿越道","柏油","乾燥","良好","正常","無","未繪設快慢車道分隔線","無",77,"非駕駛人",121.311479,24.981657,"桃園市","桃園區"
"穿越道路中","2021",9,8,10,"晴","日間自然光線",50,"四岔路","行人穿越道","柏油","乾燥","良好","正常","無","未繪設快慢車道分隔線","無",72,"非駕駛人",121.311479,24.981657,"桃園市","桃園區"
"穿越道路中","2021",9,8,10,"晴","日間自然光線",50,"四岔路","行人穿越道","柏油","乾燥","良好","正常","無","未繪設快慢車道分隔線","無",40,"未使用",121.311479,24.981657,"桃園市","桃園區"
"穿越道路中","2021",9,8,10,"晴","日間自然光線",50,"直路","一般車道(未劃分快慢車道)","柏油","乾燥","良好","無號誌","雙向禁止超車線","未繪設快慢車道分隔線","有",29,"未使用",120.302813,22.820421,"高雄市","岡山區"
"穿越道路中","2021",9,8,10,"晴","日間自然光線",50,"直路","一般車道(未劃分快慢車道)","柏油","乾燥","良好","無號誌","雙向禁止超車線","未繪設快慢車道分隔線","有",64,"未使用",120.302813,22.820421,"高雄市","岡山區"
"穿越道路中","2021",9,8,10,"晴","日間自然光線",50,"直路","一般車道(未劃分快慢車道)","柏油","乾燥","良好","無號誌","雙向禁止超車線","未繪設快慢車道分隔線","有",74,"非駕駛人",120.302813,22.820421,"高雄市","岡山區"
"撞交通島","2021",9,8,11,"晴","日間自然光線",40,"三岔路","交叉口附近","柏油","乾燥","良好","正常","無","未繪設快慢車道分隔線","有",110,"",120.325341,22.719489,"高雄市","楠梓區"
"撞交通島","2021",9,8,11,"晴","日間自然光線",40,"三岔路","交叉口附近","柏油","乾燥","良好","正常","無","未繪設快慢車道分隔線","有",65,"未使用",120.325341,22.719489,"高雄市","楠梓區"
"撞路樹、電桿","2021",9,8,13,"晴","日間自然光線",50,"直路","路肩、路緣","柏油","乾燥","良好","無號誌","雙向禁止超車線","快慢車道分隔線","有",25,"未使用",121.188399,22.842519,"臺東縣","卑南鄉"
"撞路樹、電桿","2021",9,8,13,"晴","日間自然光線",50,"直路","路肩、路緣","柏油","乾燥","良好","無號誌","雙向禁止超車線","快慢車道分隔線","有",23,"未使用",121.188399,22.842519,"臺東縣","卑南鄉"
"側撞","2021",9,8,15,"晴","日間自然光線",60,"四岔路","交叉路口內","柏油","乾燥","良好","正常","無","未繪設快慢車道分隔線","無",41,"未使用",121.008613,22.615992,"臺東縣","太麻里鄉"
"側撞","2021",9,8,15,"晴","日間自然光線",60,"四岔路","交叉路口內","柏油","乾燥","良好","正常","無","未繪設快慢車道分隔線","無",77,"不明",121.008613,22.615992,"臺東縣","太麻里鄉"
"穿越道路中","2021",9,8,23,"晴","夜間(或隧道、地下道、涵洞)有照明",60,"直路","一般車道(未劃分快慢車道)","柏油","乾燥","良好","無號誌","行車分向線","未繪設快慢車道分隔線","有",84,"未使用",120.775657,24.523306,"苗栗縣","西湖鄉"
"穿越道路中","2021",9,8,23,"晴","夜間(或隧道、地下道、涵洞)有照明",60,"直路","一般車道(未劃分快慢車道)","柏油","乾燥","良好","無號誌","行車分向線","未繪設快慢車道分隔線","有",25,"未使用",120.775657,24.523306,"苗栗縣","西湖鄉"
"穿越道路中","2021",9,8,23,"晴","夜間(或隧道、地下道、涵洞)有照明",60,"直路","一般車道(未劃分快慢車道)","柏油","乾燥","良好","無號誌","行車分向線","未繪設快慢車道分隔線","有",25,"非駕駛人",120.775657,24.523306,"苗栗縣","西湖鄉"
"穿越道路中","2021",9,8,23,"晴","夜間(或隧道、地下道、涵洞)有照明",60,"直路","一般車道(未劃分快慢車道)","柏油","乾燥","良好","無號誌","行車分向線","未繪設快慢車道分隔線","有",21,"非駕駛人",120.775657,24.523306,"苗栗縣","西湖鄉"
"路上翻車、摔倒","2021",9,9,9,"晴","日間自然光線",50,"直路","一般車道(未劃分快慢車道)","柏油","乾燥","良好","無號誌","雙向禁止超車線","未繪設快慢車道分隔線","有",66,"未使用",121.357136,24.904742,"新北市","三峽區"
"穿越道路中","2021",9,9,19,"陰","夜間(或隧道、地下道、涵洞)有照明",60,"三岔路","行人穿越道","柏油","乾燥","良好","正常","雙向禁止超車線","未繪設快慢車道分隔線","有",67,"未使用",120.543253,23.951471,"彰化縣","埔心鄉"
"穿越道路中","2021",9,9,19,"陰","夜間(或隧道、地下道、涵洞)有照明",60,"三岔路","行人穿越道","柏油","乾燥","良好","正常","雙向禁止超車線","未繪設快慢車道分隔線","有",58,"未使用",120.543253,23.951471,"彰化縣","埔心鄉"
"撞路樹、電桿","2021",9,10,6,"晴","日間自然光線",40,"直路","一般車道(未劃分快慢車道)","柏油","乾燥","良好","無號誌","雙向禁止超車線","未繪設快慢車道分隔線","有",24,"不明",120.689155,24.409709,"苗栗縣","苑裡鎮"
"撞路樹、電桿","2021",9,10,6,"晴","日間自然光線",40,"直路","一般車道(未劃分快慢車道)","柏油","乾燥","良好","無號誌","雙向禁止超車線","未繪設快慢車道分隔線","有",21,"非駕駛人",120.689155,24.409709,"苗栗縣","苑裡鎮"
"側撞","2021",9,10,6,"晴","日間自然光線",40,"四岔路","交叉路口內","柏油","乾燥","良好","正常","無","未繪設快慢車道分隔線","無",48,"未使用",120.3185,22.6301,"高雄市","苓雅區"
"側撞","2021",9,10,6,"晴","日間自然光線",40,"四岔路","交叉路口內","柏油","乾燥","良好","正常","無","未繪設快慢車道分隔線","無",28,"未使用",120.3185,22.6301,"高雄市","苓雅區"
"路上翻車、摔倒","2021",9,10,11,"晴","日間自然光線",40,"彎曲路及附近","其他","柏油","乾燥","良好","無號誌","無","未繪設快慢車道分隔線","有",78,"未使用",120.818187,23.834273,"南投縣","集集鎮"
"撞路樹、電桿","2021",9,10,12,"晴","日間自然光線",40,"直路","路肩、路緣","柏油","乾燥","良好","無號誌","雙向禁止超車線","未繪設快慢車道分隔線","有",76,"未使用",121.015877,24.917969,"新竹縣","新豐鄉"
"路口交岔撞","2021",9,10,14,"晴","日間自然光線",50,"四岔路","交叉路口內","柏油","乾燥","良好","正常","無","未繪設快慢車道分隔線","無",30,"不明",120.259927,23.743608,"雲林縣","麥寮鄉"
"路口交岔撞","2021",9,10,14,"晴","日間自然光線",50,"四岔路","交叉路口內","柏油","乾燥","良好","正常","無","未繪設快慢車道分隔線","無",65,"未使用",120.259927,23.743608,"雲林縣","麥寮鄉"
"追撞","2021",9,10,15,"晴","日間自然光線",70,"直路","機車優先道","柏油","乾燥","良好","無號誌","中央分向島","快慢車道分隔線","有",46,"未使用",120.621776,24.242403,"臺中市","沙鹿區"
"追撞","2021",9,10,15,"晴","日間自然光線",70,"直路","機車優先道","柏油","乾燥","良好","無號誌","中央分向島","快慢車道分隔線","有",57,"未使用",120.621776,24.242403,"臺中市","沙鹿區"
"追撞","2021",9,10,15,"晴","日間自然光線",70,"直路","機車優先道","柏油","乾燥","良好","無號誌","中央分向島","快慢車道分隔線","有",22,"未使用",120.621776,24.242403,"臺中市","沙鹿區"
"其他","2021",9,10,17,"晴","晨或暮光",50,"四岔路","交叉口附近","柏油","乾燥","良好","正常","無","未繪設快慢車道分隔線","無",47,"未使用",120.259756,23.005589,"臺南市","永康區"
"其他","2021",9,10,17,"晴","晨或暮光",50,"四岔路","交叉口附近","柏油","乾燥","良好","正常","無","未繪設快慢車道分隔線","無",39,"未使用",120.259756,23.005589,"臺南市","永康區"
"其他","2021",9,10,17,"晴","晨或暮光",50,"四岔路","交叉口附近","柏油","乾燥","良好","正常","無","未繪設快慢車道分隔線","無",25,"未使用",120.259756,23.005589,"臺南市","永康區"
"路口交岔撞","2021",9,10,17,"晴","日間自然光線",60,"三岔路","交叉路口內","柏油","乾燥","良好","正常","中央分向島","快慢車道分隔線","有",46,"未使用",120.255896,23.704813,"雲林縣","東勢鄉"
"路口交岔撞","2021",9,10,17,"晴","日間自然光線",60,"三岔路","交叉路口內","柏油","乾燥","良好","正常","中央分向島","快慢車道分隔線","有",49,"未使用",120.255896,23.704813,"雲林縣","東勢鄉"
"穿越道路中","2021",9,11,4,"晴","夜間(或隧道、地下道、涵洞)有照明",50,"四岔路","交叉口附近","柏油","乾燥","良好","正常","無","未繪設快慢車道分隔線","無",60,"不明",121.374444,24.936172,"新北市","三峽區"
"穿越道路中","2021",9,11,4,"晴","夜間(或隧道、地下道、涵洞)有照明",50,"四岔路","交叉口附近","柏油","乾燥","良好","正常","無","未繪設快慢車道分隔線","無",65,"非駕駛人",121.374444,24.936172,"新北市","三峽區"
"其他","2021",9,11,6,"晴","日間自然光線",50,"四岔路","交叉路口內","柏油","乾燥","良好","正常","無","未繪設快慢車道分隔線","無",21,"不明",120.636967,23.832955,"南投縣","名間鄉"
"同向擦撞","2021",9,11,6,"晴","日間自然光線",50,"三岔路","交叉口附近","柏油","乾燥","良好","正常","無","未繪設快慢車道分隔線","無",50,"未使用",121.280393,25.010363,"桃園市","桃園區"
"同向擦撞","2021",9,11,6,"晴","日間自然光線",50,"三岔路","交叉口附近","柏油","乾燥","良好","正常","無","未繪設快慢車道分隔線","無",58,"未使用",121.280393,25.010363,"桃園市","桃園區"
"其他","2021",9,11,7,"晴","日間自然光線",50,"彎曲路及附近","一般車道(未劃分快慢車道)","柏油","乾燥","良好","無號誌","雙向禁止超車線","快慢車道分隔線","有",52,"未使用",120.579108,24.05347,"彰化縣","彰化市"