"事故類型及型態子類別名稱","發生年度","發生月份","發生日期","發生時間","天候名稱","光線名稱","速限.第1當事者","道路型態子類別名稱","事故位置子類別名稱","路面狀況.路面鋪裝名稱","路面狀況.路面狀態名稱","道路障礙.視距品質名稱","號誌.號誌動作名稱","車道劃分設施.分向設施大類別名稱","車道劃分設施.分道設施.快慢車道間名稱","車道劃分設施.分道設施.路面邊線名稱","當事者事故發生時年齡","行動電話或電腦或其他相類功能裝置名稱","經度","緯度","縣市","鄉鎮"
"其他","2021",9,11,7,"晴","日間自然光線",50,"彎曲路及附近","一般車道(未劃分快慢車道)","柏油","乾燥","良好","無號誌","雙向禁止超車線","快慢車道分隔線","有",75,"未使用",120.579108,24.05347,"彰化縣","彰化市"
"路口交岔撞","2021",9,11,11,"雨","日間自然光線",30,"三岔路","一般車道(未劃分快慢車道)","柏油","濕潤","良好","無號誌","無","未繪設快慢車道分隔線","有",33,"未使用",120.578751,22.586968,"屏東縣","萬巒鄉"
"路口交岔撞","2021",9,11,11,"雨","日間自然光線",30,"三岔路","一般車道(未劃分快慢車道)","柏油","濕潤","良好","無號誌","無","未繪設快慢車道分隔線","有",22,"未使用",120.578751,22.586968,"屏東縣","萬巒鄉"
"穿越道路中","2021",9,11,23,"晴","夜間(或隧道、地下道、涵洞)有照明",40,"四岔路","交叉口附近","柏油","乾燥","良好","正常","中央分向島","快慢車道分隔線","無",27,"未使用",120.320774,22.622936,"高雄市","苓雅區"
"穿越道路中","2021",9,11,23,"晴","夜間(或隧道、地下道、涵洞)有照明",40,"四岔路","交叉口附近","柏油","乾燥","良好","正常","中央分向島","快慢車道分隔線","無",48,"非駕駛人",120.320774,22.622936,"高雄市","苓雅區"
"撞路樹、電桿","2021",9,12,13,"晴","日間自然光線",50,"直路","路肩、路緣","柏油","乾燥","良好","無號誌","行車分向線","未繪設快慢車道分隔線","有",46,"未使用",120.163012,23.465852,"嘉義縣","東石鄉"
"撞路樹、電桿","2021",9,12,13,"晴","日間自然光線",50,"直路","路肩、路緣","柏油","乾燥","良好","無號誌","行車分向線","未繪設快慢車道分隔線","有",80,"未使用",120.163012,23.465852,"嘉義縣","東石鄉"
"其他","2021",9,12,18,"陰","夜間(或隧道、地下道、涵洞)有照明",50,"三岔路","交叉路口內","柏油","濕潤","良好","無號誌","中央分向島","未繪設快慢車道分隔線","有",26,"未使用",120.663702,23.922617,"南投縣","南投市"
"其他","2021",9,12,18,"陰","夜間(或隧道、地下道、涵洞)有照明",50,"三岔路","交叉路口內","柏油","濕潤","良好","無號誌","中央分向島","未繪設快慢車道分隔線","有",37,"不明",120.663702,23.922617,"南投縣","南投市"
"撞路樹、電桿","2021",9,12,19,"陰","夜間(或隧道、地下道、涵洞)有照明",30,"直路","其他","柏油","乾燥","良好","無號誌","無","未繪設快慢車道分隔線","有",29,"不明",120.237703,23.124015,"臺南市","安定區"
"穿越道路中","2021",9,12,20,"晴","夜間(或隧道、地下道、涵洞)有照明",50,"四岔路","交叉路口內","柏油","乾燥","良好","正常","無","未繪設快慢車道分隔線","無",38,"未使用",120.683678,24.141513,"臺中市","中區"
"穿越道路中","2021",9,12,20,"晴","夜間(或隧道、地下道、涵洞)有照明",50,"四岔路","交叉路口內","柏油","乾燥","良好","正常","無","未繪設快慢車道分隔線","無",53,"未使用",120.683678,24.141513,"臺中市","中區"
"穿越道路中","2021",9,12,20,"晴","夜間(或隧道、地下道、涵洞)有照明",50,"四岔路","交叉路口內","柏油","乾燥","良好","正常","無","未繪設快慢車道分隔線","無",49,"未使用",120.683678,24.141513,"臺中市","中區"
"撞橋樑、建築物","2021",9,13,10,"晴","日間自然光線",50,"直路","一般車道(未劃分快慢車道)","柏油","乾燥","良好","無號誌","雙向禁止超車線","未繪設快慢車道分隔線","有",63,"未使用",120.60313,24.34681,"臺中市","大安區"
"路口交岔撞","2021",9,13,10,"陰","日間自然光線",30,"四岔路","交叉路口內","柏油","濕潤","良好","無號誌","無","未繪設快慢車道分隔線","無",21,"未使用",120.408663,23.777107,"雲林縣","二崙鄉"
"路口交岔撞","2021",9,13,10,"陰","日間自然光線",30,"四岔路","交叉路口內","柏油","濕潤","良好","無號誌","無","未繪設快慢車道分隔線","無",22,"未使用",120.408663,23.777107,"雲林縣","二崙鄉"
"穿越道路中","2021",9,13,18,"晴","夜間(或隧道、地下道、涵洞)有照明",40,"直路","機車優先道","柏油","乾燥","良好","無號誌","行車分向線","快慢車道分隔線","有",62,"非駕駛人",120.422813,23.523388,"嘉義縣","民雄鄉"
"穿越道路中","2021",9,13,18,"晴","夜間(或隧道、地下道、涵洞)有照明",40,"直路","機車優先道","柏油","乾燥","良好","無號誌","行車分向線","快慢車道分隔線","有",30,"未使用",120.422813,23.523388,"嘉義縣","民雄鄉"
"側撞","2021",9,14,11,"晴","日間自然光線",70,"三岔路","交叉路口內","柏油","乾燥","良好","無號誌","無","未繪設快慢車道分隔線","無",61,"非駕駛人",121.116272,24.897993,"桃園市","楊梅區"
"側撞","2021",9,14,11,"晴","日間自然光線",70,"三岔路","交叉路口內","柏油","乾燥","良好","無號誌","無","未繪設快慢車道分隔線","無",29,"非駕駛人",121.116272,24.897993,"桃園市","楊梅區"
"側撞","2021",9,14,11,"晴","日間自然光線",70,"三岔路","交叉路口內","柏油","乾燥","良好","無號誌","無","未繪設快慢車道分隔線","無",27,"未使用",121.116272,24.897993,"桃園市","楊梅區"
"側撞","2021",9,14,11,"晴","日間自然光線",70,"三岔路","交叉路口內","柏油","乾燥","良好","無號誌","無","未繪設快慢車道分隔線","無",30,"未使用",121.116272,24.897993,"桃園市","楊梅區"
"路上翻車、摔倒","2021",9,14,15,"晴","日間自然光線",30,"坡路","一般車道(未劃分快慢車道)","水泥","乾燥","不良","無號誌","無","未繪設快慢車道分隔線","無",79,"未使用",120.634796,23.896983,"南投縣","南投市"
"側撞","2021",9,14,15,"晴","日間自然光線",70,"三岔路","交叉路口內","柏油","乾燥","良好","無號誌","中央分向島","快慢車道分隔線","有",73,"未使用",120.652989,22.261031,"屏東縣","枋山鄉"
"側撞","2021",9,14,15,"晴","日間自然光線",70,"三岔路","交叉路口內","柏油","乾燥","良好","無號誌","中央分向島","快慢車道分隔線","有",31,"未使用",120.652989,22.261031,"屏東縣","枋山鄉"
"路口交岔撞","2021",9,14,16,"晴","日間自然光線",40,"三岔路","交叉路口內","柏油","乾燥","良好","正常","無","未繪設快慢車道分隔線","有",56,"不明",120.793742,24.483288,"苗栗縣","銅鑼鄉"
"路口交岔撞","2021",9,14,16,"晴","日間自然光線",40,"三岔路","交叉路口內","柏油","乾燥","良好","正常","無","未繪設快慢車道分隔線","有",43,"不明",120.793742,24.483288,"苗栗縣","銅鑼鄉"
"側撞","2021",9,15,7,"晴","日間自然光線",50,"四岔路","交叉路口內","柏油","乾燥","良好","正常","中央分向島","快慢車道分隔線","有",49,"未使用",120.535289,24.090067,"彰化縣","彰化市"
"側撞","2021",9,15,7,"晴","日間自然光線",50,"四岔路","交叉路口內","柏油","乾燥","良好","正常","中央分向島","快慢車道分隔線","有",66,"未使用",120.535289,24.090067,"彰化縣","彰化市"
"撞路樹、電桿","2021",9,15,9,"晴","日間自然光線",50,"直路","路肩、路緣","柏油","乾燥","良好","無號誌","行車分向線","未繪設快慢車道分隔線","有",43,"不明",120.214781,23.127664,"臺南市","西港區"
"路口交岔撞","2021",9,15,13,"晴","日間自然光線",30,"四岔路","交叉路口內","柏油","乾燥","良好","無號誌","無","未繪設快慢車道分隔線","無",37,"未使用",120.298151,23.120857,"臺南市","善化區"
"路口交岔撞","2021",9,15,13,"晴","日間自然光線",30,"四岔路","交叉路口內","柏油","乾燥","良好","無號誌","無","未繪設快慢車道分隔線","無",34,"未使用",120.298151,23.120857,"臺南市","善化區"
"路口交岔撞","2021",9,15,19,"晴","夜間(或隧道、地下道、涵洞)有照明",30,"四岔路","交叉路口內","柏油","乾燥","良好","無號誌","無","未繪設快慢車道分隔線","無",33,"不明",120.19023,23.719994,"雲林縣","臺西鄉"
"路口交岔撞","2021",9,15,19,"晴","夜間(或隧道、地下道、涵洞)有照明",30,"四岔路","交叉路口內","柏油","乾燥","良好","無號誌","無","未繪設快慢車道分隔線","無",26,"不明",120.19023,23.719994,"雲林縣","臺西鄉"
"撞路樹、電桿","2021",9,16,7,"晴","日間自然光線",40,"直路","路肩、路緣","柏油","乾燥","良好","無號誌","行車分向線","快慢車道分隔線","有",43,"未使用",120.176737,23.410182,"嘉義縣","布袋鎮"
"路上翻車、摔倒","2021",9,16,9,"晴","日間自然光線",40,"直路","一般車道(未劃分快慢車道)","柏油","乾燥","良好","無號誌","中央分向島","快慢車道分隔線","無",66,"未使用",121.518875,25.032122,"臺北市","中正區"
"對撞","2021",9,16,11,"晴","日間自然光線",40,"彎曲路及附近","一般車道(未劃分快慢車道)","柏油","乾燥","良好","無號誌","雙向禁止超車線","未繪設快慢車道分隔線","有",20,"未使用",120.889295,24.113536,"臺中市","新社區"
"對撞","2021",9,16,11,"晴","日間自然光線",40,"彎曲路及附近","一般車道(未劃分快慢車道)","柏油","乾燥","良好","無號誌","雙向禁止超車線","未繪設快慢車道分隔線","有",37,"未使用",120.889295,24.113536,"臺中市","新社區"
"其他","2021",9,17,0,"晴","夜間(或隧道、地下道、涵洞)無照明",80,"直路","一般車道(未劃分快慢車道)","柏油","乾燥","良好","無號誌","中央分向島","快慢車道分隔線","有",36,"不明",121.055273,25.028388,"桃園市","觀音區"
"其他","2021",9,17,0,"晴","夜間(或隧道、地下道、涵洞)無照明",80,"直路","一般車道(未劃分快慢車道)","柏油","乾燥","良好","無號誌","中央分向島","快慢車道分隔線","有",25,"不明",121.055273,25.028388,"桃園市","觀音區"
"其他","2021",9,17,0,"晴","夜間(或隧道、地下道、涵洞)無照明",80,"直路","一般車道(未劃分快慢車道)","柏油","乾燥","良好","無號誌","中央分向島","快慢車道分隔線","有",27,"不明",121.055273,25.028388,"桃園市","觀音區"
"其他","2021",9,17,0,"晴","夜間(或隧道、地下道、涵洞)無照明",80,"直路","一般車道(未劃分快慢車道)","柏油","乾燥","良好","無號誌","中央分向島","快慢車道分隔線","有",28,"非駕駛人",121.055273,25.028388,"桃園市","觀音區"
"其他","2021",9,17,0,"晴","夜間(或隧道、地下道、涵洞)無照明",80,"直路","一般車道(未劃分快慢車道)","柏油","乾燥","良好","無號誌","中央分向島","快慢車道分隔線","有",34,"未使用",121.055273,25.028388,"桃園市","觀音區"
"其他","2021",9,17,0,"晴","夜間(或隧道、地下道、涵洞)無照明",80,"直路","一般車道(未劃分快慢車道)","柏油","乾燥","良好","無號誌","中央分向島","快慢車道分隔線","有",21,"非駕駛人",121.055273,25.028388,"桃園市","觀音區"
"其他","2021",9,17,0,"晴","夜間(或隧道、地下道、涵洞)無照明",80,"直路","一般車道(未劃分快慢車道)","柏油","乾燥","良好","無號誌","中央分向島","快慢車道分隔線","有",28,"使用免持或未有礙駕駛安全",121.055273,25.028388,"桃園市","觀音區"
"追撞","2021",9,17,7,"晴","日間自然光線",25,"橋樑","一般車道(未劃分快慢車道)","柏油","乾燥","良好","無號誌","中央分向島","未繪設快慢車道分隔線","無",26,"不明",121.525188,25.074347,"臺北市","中山區"
"追撞","2021",9,17,7,"晴","日間自然光線",25,"橋樑","一般車道(未劃分快慢車道)","柏油","乾燥","良好","無號誌","中央分向島","未繪設快慢車道分隔線","無",73,"非駕駛人",121.525188,25.074347,"臺北市","中山區"
"路上翻車、摔倒","2021",9,18,8,"晴","日間自然光線",60,"彎曲路及附近","一般車道(未劃分快慢車道)","柏油","乾燥","良好","無號誌","行車分向線","未繪設快慢車道分隔線","有",50,"未使用",120.950057,24.615884,"苗栗縣","三灣鄉"
"穿越道路中","2021",9,18,9,"晴","日間自然光線",60,"三岔路","交叉路口內","柏油","乾燥","良好","無號誌","雙向禁止超車線","未繪設快慢車道分隔線","有",24,"未使用",120.49775,22.883609,"高雄市","旗山區"
"穿越道路中","2021",9,18,9,"晴","日間自然光線",60,"三岔路","交叉路口內","柏油","乾燥","良好","無號誌","雙向禁止超車線","未繪設快慢車道分隔線","有",82,"非駕駛人",120.49775,22.883609,"高雄市","旗山區"
"路口交岔撞","2021",9,18,11,"晴","日間自然光線",40,"四岔路","交叉路口內","柏油","乾燥","良好","無號誌","無","未繪設快慢車道分隔線","有",58,"未使用",120.553,22.85412,"高雄市","美濃區"
"路口交岔撞","2021",9,18,11,"晴","日間自然光線",40,"四岔路","交叉路口內","柏油","乾燥","良好","無號誌","無","未繪設快慢車道分隔線","有",29,"未使用",120.553,22.85412,"高雄市","美濃區"
"路口交岔撞","2021",9,18,16,"晴","日間自然光線",40,"四岔路","交叉路口內","柏油","乾燥","良好","無號誌","無","未繪設快慢車道分隔線","有",70,"未使用",120.532576,22.777365,"屏東縣","里港鄉"
"路口交岔撞","2021",9,18,16,"晴","日間自然光線",40,"四岔路","交叉路口內","柏油","乾燥","良好","無號誌","無","未繪設快慢車道分隔線","有",70,"非駕駛人",120.532576,22.777365,"屏東縣","里港鄉"
"路口交岔撞","2021",9,18,16,"晴","日間自然光線",40,"四岔路","交叉路口內","柏油","乾燥","良好","無號誌","無","未繪設快慢車道分隔線","有",25,"未使用",120.532576,22.777365,"屏東縣","里港鄉"
"穿越道路中","2021",9,18,17,"晴","日間自然光線",30,"四岔路","交叉路口內","柏油","乾燥","良好","無號誌","無","未繪設快慢車道分隔線","無",67,"未使用",120.148199,23.467668,"嘉義縣","東石鄉"
"穿越道路中","2021",9,18,17,"晴","日間自然光線",30,"四岔路","交叉路口內","柏油","乾燥","良好","無號誌","無","未繪設快慢車道分隔線","無",3,"非駕駛人",120.148199,23.467668,"嘉義縣","東石鄉"
"衝出路外","2021",9,19,9,"晴","日間自然光線",50,"直路","其他","柏油","乾燥","良好","無號誌","雙向禁止超車線","未繪設快慢車道分隔線","有",17,"未使用",120.46354,22.622844,"屏東縣","萬丹鄉"
"撞交通島","2021",9,19,10,"晴","日間自然光線",50,"直路","快車道","柏油","乾燥","良好","無號誌","中央分向島","快慢車道分隔線","有",42,"未使用",120.331572,23.291136,"臺南市","柳營區"
"撞交通島","2021",9,19,10,"晴","日間自然光線",50,"直路","快車道","柏油","乾燥","良好","無號誌","中央分向島","快慢車道分隔線","有",35,"非駕駛人",120.331572,23.291136,"臺南市","柳營區"
"撞交通島","2021",9,19,10,"晴","日間自然光線",50,"直路","快車道","柏油","乾燥","良好","無號誌","中央分向島","快慢車道分隔線","有",1,"非駕駛人",120.331572,23.291136,"臺南市","柳營區"
"側撞","2021",9,19,11,"晴","日間自然光線",50,"三岔路","交叉口附近","柏油","乾燥","不良","正常","雙向禁止超車線","快慢車道分隔線","有",39,"未使用",120.301073,23.512049,"嘉義縣","六腳鄉"
"側撞","2021",9,19,11,"晴","日間自然光線",50,"三岔路","交叉口附近","柏油","乾燥","不良","正常","雙向禁止超車線","快慢車道分隔線","有",82,"未使用",120.301073,23.512049,"嘉義縣","六腳鄉"
"衝出路外","2021",9,19,16,"晴","日間自然光線",50,"直路","路肩、路緣","柏油","乾燥","良好","無號誌","雙向禁止超車線","未繪設快慢車道分隔線","有",58,"未使用",121.799871,24.696287,"宜蘭縣","五結鄉"
"追撞","2021",9,19,16,"晴","日間自然光線",70,"三岔路","交叉路口內","柏油","乾燥","良好","正常","中央分向島","快慢車道分隔線","有",29,"未使用",120.558399,23.997898,"彰化縣","大村鄉"
"追撞","2021",9,19,16,"晴","日間自然光線",70,"三岔路","交叉路口內","柏油","乾燥","良好","正常","中央分向島","快慢車道分隔線","有",59,"未使用",120.558399,23.997898,"彰化縣","大村鄉"
"同向通行中","2021",9,19,18,"雨","日間自然光線",50,"直路","慢車道","柏油","濕潤","良好","無號誌","行車分向線","未繪設快慢車道分隔線","有",78,"非駕駛人",120.628616,22.9026,"高雄市","六龜區"
"同向通行中","2021",9,19,18,"雨","日間自然光線",50,"直路","慢車道","柏油","濕潤","良好","無號誌","行車分向線","未繪設快慢車道分隔線","有",21,"未使用",120.628616,22.9026,"高雄市","六龜區"
"同向通行中","2021",9,19,18,"雨","日間自然光線",50,"直路","慢車道","柏油","濕潤","良好","無號誌","行車分向線","未繪設快慢車道分隔線","有",68,"非駕駛人",120.628616,22.9026,"高雄市","六龜區"
"追撞","2021",9,19,19,"晴","日間自然光線",40,"直路","一般車道(未劃分快慢車道)","柏油","乾燥","良好","無號誌","雙向禁止超車線","未繪設快慢車道分隔線","無",39,"未使用",121.48363,25.105893,"臺北市","士林區"
"追撞","2021",9,19,19,"晴","日間自然光線",40,"直路","一般車道(未劃分快慢車道)","柏油","乾燥","良好","無號誌","雙向禁止超車線","未繪設快慢車道分隔線","無",36,"未使用",121.48363,25.105893,"臺北市","士林區"
"追撞","2021",9,19,19,"晴","日間自然光線",40,"直路","一般車道(未劃分快慢車道)","柏油","乾燥","良好","無號誌","雙向禁止超車線","未繪設快慢車道分隔線","無",61,"未使用",121.48363,25.105893,"臺北市","士林區"
"側撞","2021",9,19,22,"晴","夜間(或隧道、地下道、涵洞)有照明",50,"四岔路","交叉路口內","柏油","乾燥","良好","正常","無","未繪設快慢車道分隔線","無",60,"不明",120.212123,23.462461,"嘉義縣","東石鄉"
"側撞","2021",9,19,22,"晴","夜間(或隧道、地下道、涵洞)有照明",50,"四岔路","交叉路口內","柏油","乾燥","良好","正常","無","未繪設快慢車道分隔線","無",17,"非駕駛人",120.212123,23.462461,"嘉義縣","東石鄉"
"側撞","2021",9,19,22,"晴","夜間(或隧道、地下道、涵洞)有照明",50,"四岔路","交叉路口內","柏油","乾燥","良好","正常","無","未繪設快慢車道分隔線","無",11,"非駕駛人",120.212123,23.462461,"嘉義縣","東石鄉"
"側撞","2021",9,19,22,"晴","夜間(或隧道、地下道、涵洞)有照明",50,"四岔路","交叉路口內","柏油","乾燥","良好","正常","無","未繪設快慢車道分隔線","無",13,"非駕駛人",120.212123,23.462461,"嘉義縣","東石鄉"
"側撞","2021",9,19,22,"晴","夜間(或隧道、地下道、涵洞)有照明",50,"四岔路","交叉路口內","柏油","乾燥","良好","正常","無","未繪設快慢車道分隔線","無",38,"不明",120.212123,23.462461,"嘉義縣","東石鄉"
"撞路樹、電桿","2021",9,19,22,"陰","夜間(或隧道、地下道、涵洞)有照明",50,"彎曲路及附近","一般車道(未劃分快慢車道)","柏油","乾燥","良好","無號誌","行車分向線","未繪設快慢車道分隔線","無",22,"不明",121.3081,24.944717,"桃園市","八德區"
"撞路樹、電桿","2021",9,19,22,"陰","夜間(或隧道、地下道、涵洞)有照明",50,"彎曲路及附近","一般車道(未劃分快慢車道)","柏油","乾燥","良好","無號誌","行車分向線","未繪設快慢車道分隔線","無",38,"不明",121.3081,24.944717,"桃園市","八德區"
"撞路樹、電桿","2021",9,19,22,"陰","夜間(或隧道、地下道、涵洞)有照明",50,"彎曲路及附近","一般車道(未劃分快慢車道)","柏油","乾燥","良好","無號誌","行車分向線","未繪設快慢車道分隔線","無",38,"不明",121.3081,24.944717,"桃園市","八德區"
"撞路樹、電桿","2021",9,19,22,"陰","夜間(或隧道、地下道、涵洞)有照明",50,"彎曲路及附近","一般車道(未劃分快慢車道)","柏油","乾燥","良好","無號誌","行車分向線","未繪設快慢車道分隔線","無",43,"未使用",121.3081,24.944717,"桃園市","八德區"
"路口交岔撞","2021",9,20,0,"晴","夜間(或隧道、地下道、涵洞)有照明",50,"四岔路","交叉路口內","柏油","乾燥","良好","正常","無","未繪設快慢車道分隔線","無",54,"不明",120.95911,24.812801,"新竹市","北區"
"路口交岔撞","2021",9,20,0,"晴","夜間(或隧道、地下道、涵洞)有照明",50,"四岔路","交叉路口內","柏油","乾燥","良好","正常","無","未繪設快慢車道分隔線","無",18,"不明",120.95911,24.812801,"新竹市","北區"
"側撞","2021",9,20,15,"晴","日間自然光線",40,"三岔路","交叉口附近","柏油","乾燥","良好","無號誌","雙向禁止超車線","未繪設快慢車道分隔線","有",77,"未使用",120.595381,24.031849,"彰化縣","芬園鄉"
"側撞","2021",9,20,15,"晴","日間自然光線",40,"三岔路","交叉口附近","柏油","乾燥","良好","無號誌","雙向禁止超車線","未繪設快慢車道分隔線","有",31,"不明",120.595381,24.031849,"彰化縣","芬園鄉"
"撞號誌、標誌桿","2021",9,20,22,"晴","夜間(或隧道、地下道、涵洞)有照明",70,"三岔路","交叉路口內","柏油","乾燥","良好","正常","中央分向島","快慢車道分隔線","有",36,"未使用",121.377685,23.549591,"花蓮縣","瑞穗鄉"
"撞號誌、標誌桿","2021",9,20,22,"晴","夜間(或隧道、地下道、涵洞)有照明",70,"三岔路","交叉路口內","柏油","乾燥","良好","正常","中央分向島","快慢車道分隔線","有",20,"未使用",121.377685,23.549591,"花蓮縣","瑞穗鄉"
"側撞","2021",9,20,22,"晴","夜間(或隧道、地下道、涵洞)有照明",50,"四岔路","交叉路口內","柏油","乾燥","良好","正常","無","未繪設快慢車道分隔線","無",26,"未使用",121.287101,25.065384,"桃園市","蘆竹區"
"側撞","2021",9,20,22,"晴","夜間(或隧道、地下道、涵洞)有照明",50,"四岔路","交叉路口內","柏油","乾燥","良好","正常","無","未繪設快慢車道分隔線","無",25,"未使用",121.287101,25.065384,"桃園市","蘆竹區"
"側撞","2021",9,20,22,"晴","夜間(或隧道、地下道、涵洞)有照明",50,"四岔路","交叉路口內","柏油","乾燥","良好","正常","無","未繪設快慢車道分隔線","無",23,"未使用",121.287101,25.065384,"桃園市","蘆竹區"
"側撞","2021",9,20,22,"晴","夜間(或隧道、地下道、涵洞)有照明",50,"四岔路","交叉路口內","柏油","乾燥","良好","正常","無","未繪設快慢車道分隔線","無",18,"未使用",121.287101,25.065384,"桃園市","蘆竹區"
"路口交岔撞","2021",9,21,0,"晴","日間自然光線",50,"四岔路","交叉路口內","柏油","乾燥","良好","正常","雙向禁止超車線","未繪設快慢車道分隔線","有",56,"未使用",120.512912,22.433969,"屏東縣","林邊鄉"
"路口交岔撞","2021",9,21,0,"晴","日間自然光線",50,"四岔路","交叉路口內","柏油","乾燥","良好","正常","雙向禁止超車線","未繪設快慢車道分隔線","有",24,"未使用",120.512912,22.433969,"屏東縣","林邊鄉"
"路口交岔撞","2021",9,21,0,"晴","日間自然光線",50,"四岔路","交叉路口內","柏油","乾燥","良好","正常","雙向禁止超車線","未繪設快慢車道分隔線","有",50,"未使用",120.512912,22.433969,"屏東縣","林邊鄉"
"撞護欄(樁)","2021",9,21,5,"晴","晨或暮光",40,"彎曲路及附近","一般車道(未劃分快慢車道)","柏油","乾燥","良好","無號誌","行車分向線","未繪設快慢車道分隔線","有",30,"未使用",120.514615,24.070267,"彰化縣","彰化市"
"衝出路外","2021",9,21,7,"晴","日間自然光線",60,"直路","路肩、路緣","柏油","乾燥","良好","無號誌","行車分向線","快慢車道分隔線","有",57,"不明",120.329668,23.767303,"雲林縣","崙背鄉"
"撞路樹、電桿","2021",9,21,8,"晴","日間自然光線",50,"直路","路肩、路緣","柏油","乾燥","良好","無號誌","雙向禁止超車線","未繪設快慢車道分隔線","有",62,"未使用",120.536545,22.526792,"屏東縣","潮州鎮"
"撞號誌、標誌桿","2021",9,21,11,"晴","日間自然光線",50,"直路","路肩、路緣","柏油","乾燥","良好","無號誌","雙向禁止超車線","快慢車道分隔線","有",49,"不明",121.593405,23.84888,"花蓮縣","壽豐鄉"
"側撞","2021",9,21,16,"晴","日間自然光線",50,"三岔路","交叉路口內","柏油","乾燥","良好","正常","無","未繪設快慢車道分隔線","無",20,"未使用",121.262275,24.99444,"桃園市","蘆竹區"
"側撞","2021",9,21,16,"晴","日間自然光線",50,"三岔路","交叉路口內","柏油","乾燥","良好","正常","無","未繪設快慢車道分隔線","無",63,"未使用",121.262275,24.99444,"桃園市","蘆竹區"
"撞護欄(樁)","2021",9,22,3,"晴","夜間(或隧道、地下道、涵洞)有照明",110,"直路","快車道","柏油","乾燥","良好","無號誌","中央分向島","未繪設快慢車道分隔線","有",53,"未使用",120.689723,24.244202,"臺中市","神岡區"
"衝出路外","2021",9,22,5,"晴","晨或暮光",30,"三岔路","交叉口附近","柏油","乾燥","良好","無號誌","無","未繪設快慢車道分隔線","無",46,"使用免持或未有礙駕駛安全",120.339617,23.76808,"雲林縣","崙背鄉"
"側撞","2021",9,22,8,"晴","日間自然光線",50,"其他","一般車道(未劃分快慢車道)","柏油","乾燥","良好","無號誌","雙向禁止超車線","未繪設快慢車道分隔線","有",24,"未使用",121.792928,25.110601,"新北市","瑞芳區"
"側撞","2021",9,22,8,"晴","日間自然光線",50,"其他","一般車道(未劃分快慢車道)","柏油","乾燥","良好","無號誌","雙向禁止超車線","未繪設快慢車道分隔線","有",53,"未使用",121.792928,25.110601,"新北市","瑞芳區"
"其他","2021",9,22,9,"晴","日間自然光線",50,"直路","一般車道(未劃分快慢車道)","柏油","乾燥","良好","無號誌","無","未繪設快慢車道分隔線","無",37,"未使用",120.330948,22.691861,"高雄市","仁武區"
"其他","2021",9,22,9,"晴","日間自然光線",50,"直路","一般車道(未劃分快慢車道)","柏油","乾燥","良好","無號誌","無","未繪設快慢車道分隔線","無",8,"非駕駛人",120.330948,22.691861,"高雄市","仁武區"
"撞路樹、電桿","2021",9,22,22,"陰","夜間(或隧道、地下道、涵洞)無照明",40,"彎曲路及附近","一般車道(未劃分快慢車道)","柏油","乾燥","良好","無號誌","雙向禁止超車線","未繪設快慢車道分隔線","有",28,"不明",121.750306,24.435623,"宜蘭縣","南澳鄉"
"路上翻車、摔倒","2021",9,23,1,"晴","夜間(或隧道、地下道、涵洞)有照明",40,"彎曲路及附近","一般車道(未劃分快慢車道)","柏油","乾燥","良好","無號誌","雙向禁止超車線","未繪設快慢車道分隔線","有",20,"未使用",121.338634,24.850948,"桃園市","大溪區"
"側撞","2021",9,23,14,"晴","日間自然光線",50,"四岔路","交叉路口內","柏油","乾燥","良好","正常","雙向禁止超車線","未繪設快慢車道分隔線","有",65,"未使用",120.975587,23.956864,"南投縣","埔里鎮"
"側撞","2021",9,23,14,"晴","日間自然光線",50,"四岔路","交叉路口內","柏油","乾燥","良好","正常","雙向禁止超車線","未繪設快慢車道分隔線","有",50,"未使用",120.975587,23.956864,"南投縣","埔里鎮"
"側撞","2021",9,23,14,"陰","日間自然光線",30,"三岔路","交叉路口內","柏油","乾燥","不良","無號誌","無","未繪設快慢車道分隔線","無",86,"未使用",121.306404,22.970742,"臺東縣","東河鄉"
"側撞","2021",9,23,14,"陰","日間自然光線",30,"三岔路","交叉路口內","柏油","乾燥","不良","無號誌","無","未繪設快慢車道分隔線","無",25,"未使用",121.306404,22.970742,"臺東縣","東河鄉"
"追撞","2021",9,23,16,"晴","日間自然光線",50,"四岔路","交叉口附近","柏油","乾燥","良好","正常","雙向禁止超車線","未繪設快慢車道分隔線","無",45,"非駕駛人",121.515927,24.963841,"新北市","新店區"
"追撞","2021",9,23,16,"晴","日間自然光線",50,"四岔路","交叉口附近","柏油","乾燥","良好","正常","雙向禁止超車線","未繪設快慢車道分隔線","無",45,"未使用",121.515927,24.963841,"新北市","新店區"
"追撞","2021",9,23,16,"晴","日間自然光線",50,"四岔路","交叉口附近","柏油","乾燥","良好","正常","雙向禁止超車線","未繪設快慢車道分隔線","無",48,"未使用",121.515927,24.963841,"新北市","新店區"
"同向擦撞","2021",9,23,17,"晴","日間自然光線",60,"直路","一般車道(未劃分快慢車道)","柏油","乾燥","良好","無號誌","雙向禁止超車線","未繪設快慢車道分隔線","有",40,"未使用",121.281928,24.86953,"桃園市","大溪區"