"事故類型及型態子類別名稱","發生年度","發生月份","發生日期","發生時間","天候名稱","光線名稱","速限.第1當事者","道路型態子類別名稱","事故位置子類別名稱","路面狀況.路面鋪裝名稱","路面狀況.路面狀態名稱","道路障礙.視距品質名稱","號誌.號誌動作名稱","車道劃分設施.分向設施大類別名稱","車道劃分設施.分道設施.快慢車道間名稱","車道劃分設施.分道設施.路面邊線名稱","當事者事故發生時年齡","行動電話或電腦或其他相類功能裝置名稱","經度","緯度","縣市","鄉鎮"
"同向擦撞","2021",9,23,17,"晴","日間自然光線",60,"直路","一般車道(未劃分快慢車道)","柏油","乾燥","良好","無號誌","雙向禁止超車線","未繪設快慢車道分隔線","有",31,"未使用",121.281928,24.86953,"桃園市","大溪區"
"側撞","2021",9,24,4,"晴","夜間(或隧道、地下道、涵洞)有照明",50,"四岔路","交叉路口內","柏油","乾燥","不良","正常","無","未繪設快慢車道分隔線","無",27,"未使用",120.706241,24.148447,"臺中市","東區"
"側撞","2021",9,24,4,"晴","夜間(或隧道、地下道、涵洞)有照明",50,"四岔路","交叉路口內","柏油","乾燥","不良","正常","無","未繪設快慢車道分隔線","無",69,"未使用",120.706241,24.148447,"臺中市","東區"
"同向通行中","2021",9,24,6,"晴","日間自然光線",50,"直路","一般車道(未劃分快慢車道)","柏油","乾燥","良好","無號誌","雙向禁止超車線","未繪設快慢車道分隔線","有",67,"未使用",121.47968,25.068874,"新北市","三重區"
"同向通行中","2021",9,24,6,"晴","日間自然光線",50,"直路","一般車道(未劃分快慢車道)","柏油","乾燥","良好","無號誌","雙向禁止超車線","未繪設快慢車道分隔線","有",79,"非駕駛人",121.47968,25.068874,"新北市","三重區"
"側撞","2021",9,24,13,"晴","日間自然光線",50,"直路","快車道","柏油","乾燥","良好","正常","行車分向線","快慢車道分隔線","無",36,"未使用",120.342258,22.627213,"高雄市","苓雅區"
"側撞","2021",9,24,13,"晴","日間自然光線",50,"直路","快車道","柏油","乾燥","良好","正常","行車分向線","快慢車道分隔線","無",64,"未使用",120.342258,22.627213,"高雄市","苓雅區"
"側撞","2021",9,24,15,"晴","晨或暮光",30,"多岔路","交叉路口內","柏油","乾燥","良好","正常","無","未繪設快慢車道分隔線","無",42,"未使用",120.196526,23.069981,"臺南市","南區"
"側撞","2021",9,24,15,"晴","晨或暮光",30,"多岔路","交叉路口內","柏油","乾燥","良好","正常","無","未繪設快慢車道分隔線","無",37,"未使用",120.196526,23.069981,"臺南市","南區"
"側撞","2021",9,24,15,"晴","晨或暮光",30,"多岔路","交叉路口內","柏油","乾燥","良好","正常","無","未繪設快慢車道分隔線","無",23,"未使用",120.196526,23.069981,"臺南市","南區"
"其他","2021",9,25,8,"晴","日間自然光線",70,"四岔路","交叉路口內","柏油","乾燥","良好","正常","無","未繪設快慢車道分隔線","無",60,"未使用",120.27138,23.053757,"臺南市","永康區"
"其他","2021",9,25,8,"晴","日間自然光線",70,"四岔路","交叉路口內","柏油","乾燥","良好","正常","無","未繪設快慢車道分隔線","無",41,"未使用",120.27138,23.053757,"臺南市","永康區"
"其他","2021",9,25,10,"晴","日間自然光線",50,"四岔路","交叉口附近","柏油","乾燥","良好","正常","中央分向島","未繪設快慢車道分隔線","無",47,"不明",121.568584,25.039024,"臺北市","信義區"
"其他","2021",9,25,10,"晴","日間自然光線",50,"四岔路","交叉口附近","柏油","乾燥","良好","正常","中央分向島","未繪設快慢車道分隔線","無",74,"不明",121.568584,25.039024,"臺北市","信義區"
"撞護欄(樁)","2021",9,25,12,"晴","日間自然光線",40,"橋樑","機車專用道","柏油","乾燥","良好","無號誌","中央分向島","未繪設快慢車道分隔線","有",76,"未使用",121.498531,25.071757,"新北市","三重區"
"撞護欄(樁)","2021",9,25,13,"晴","日間自然光線",50,"彎曲路及附近","快車道","柏油","乾燥","良好","無號誌","中央分向島","快慢車道分隔線","無",20,"未使用",120.391798,22.948045,"臺南市","龍崎區"
"側撞","2021",9,25,14,"晴","日間自然光線",60,"直路","一般車道(未劃分快慢車道)","柏油","乾燥","良好","無號誌","雙向禁止超車線","未繪設快慢車道分隔線","有",20,"未使用",120.290962,23.37876,"嘉義縣","鹿草鄉"
"側撞","2021",9,25,14,"晴","日間自然光線",60,"直路","一般車道(未劃分快慢車道)","柏油","乾燥","良好","無號誌","雙向禁止超車線","未繪設快慢車道分隔線","有",63,"未使用",120.290962,23.37876,"嘉義縣","鹿草鄉"
"路口交岔撞","2021",9,25,14,"晴","日間自然光線",50,"四岔路","交叉路口內","柏油","乾燥","良好","正常","行車分向線","未繪設快慢車道分隔線","有",26,"未使用",120.5445,24.0775,"彰化縣","員林市"
"路口交岔撞","2021",9,25,14,"晴","日間自然光線",50,"四岔路","交叉路口內","柏油","乾燥","良好","正常","行車分向線","未繪設快慢車道分隔線","有",82,"未使用",120.5445,24.0775,"彰化縣","員林市"
"撞護欄(樁)","2021",9,25,23,"晴","日間自然光線",50,"直路","一般車道(未劃分快慢車道)","柏油","乾燥","良好","無號誌","中央分向島","未繪設快慢車道分隔線","有",37,"未使用",121.235887,25.012886,"桃園市","大園區"
"撞號誌、標誌桿","2021",9,26,3,"陰","夜間(或隧道、地下道、涵洞)有照明",60,"四岔路","交叉口附近","柏油","乾燥","良好","正常","中央分向島","未繪設快慢車道分隔線","有",33,"未使用",121.546652,25.287516,"新北市","石門區"
"路口交岔撞","2021",9,26,7,"晴","日間自然光線",50,"四岔路","交叉路口內","柏油","乾燥","良好","無號誌","無","未繪設快慢車道分隔線","無",43,"未使用",121.059029,25.022587,"桃園市","新屋區"
"路口交岔撞","2021",9,26,7,"晴","日間自然光線",50,"四岔路","交叉路口內","柏油","乾燥","良好","無號誌","無","未繪設快慢車道分隔線","無",62,"未使用",121.059029,25.022587,"桃園市","新屋區"
"路口交岔撞","2021",9,26,7,"晴","日間自然光線",50,"四岔路","交叉路口內","柏油","乾燥","良好","無號誌","無","未繪設快慢車道分隔線","無",43,"未使用",121.059029,25.022587,"桃園市","新屋區"
"側撞","2021",9,26,17,"晴","晨或暮光",50,"直路","慢車道","柏油","乾燥","良好","無號誌","中央分向島","未繪設快慢車道分隔線","有",75,"未使用",120.460255,23.596907,"嘉義縣","大林鎮"
"側撞","2021",9,26,17,"晴","晨或暮光",50,"直路","慢車道","柏油","乾燥","良好","無號誌","中央分向島","未繪設快慢車道分隔線","有",50,"未使用",120.460255,23.596907,"嘉義縣","大林鎮"
"路口交岔撞","2021",9,26,20,"晴","夜間(或隧道、地下道、涵洞)有照明",40,"四岔路","交叉路口內","柏油","乾燥","良好","正常","行車分向線","未繪設快慢車道分隔線","無",19,"非駕駛人",120.329308,22.625753,"高雄市","苓雅區"
"路口交岔撞","2021",9,26,20,"晴","夜間(或隧道、地下道、涵洞)有照明",40,"四岔路","交叉路口內","柏油","乾燥","良好","正常","行車分向線","未繪設快慢車道分隔線","無",19,"未使用",120.329308,22.625753,"高雄市","苓雅區"
"路口交岔撞","2021",9,26,20,"晴","夜間(或隧道、地下道、涵洞)有照明",40,"四岔路","交叉路口內","柏油","乾燥","良好","正常","行車分向線","未繪設快慢車道分隔線","無",21,"未使用",120.329308,22.625753,"高雄市","苓雅區"
"其他","2021",9,27,3,"晴","夜間(或隧道、地下道、涵洞)有照明",50,"三岔路","交叉路口內","柏油","乾燥","良好","無號誌","無","未繪設快慢車道分隔線","無",21,"不明",119.573712,23.571614,"澎湖縣","馬公市"
"其他","2021",9,27,3,"晴","夜間(或隧道、地下道、涵洞)有照明",50,"三岔路","交叉路口內","柏油","乾燥","良好","無號誌","無","未繪設快慢車道分隔線","無",44,"不明",119.573712,23.571614,"澎湖縣","馬公市"
"其他","2021",9,27,3,"晴","夜間(或隧道、地下道、涵洞)有照明",50,"三岔路","交叉路口內","柏油","乾燥","良好","無號誌","無","未繪設快慢車道分隔線","無",34,"不明",119.573712,23.571614,"澎湖縣","馬公市"
"其他","2021",9,27,3,"晴","夜間(或隧道、地下道、涵洞)有照明",50,"三岔路","交叉路口內","柏油","乾燥","良好","無號誌","無","未繪設快慢車道分隔線","無",45,"未使用",119.573712,23.571614,"澎湖縣","馬公市"
"側撞","2021",9,27,10,"晴","日間自然光線",50,"四岔路","一般車道(未劃分快慢車道)","柏油","乾燥","良好","正常","行車分向線","快慢車道分隔線","有",41,"未使用",120.321323,23.31994,"臺南市","新營區"
"側撞","2021",9,27,10,"晴","日間自然光線",50,"四岔路","一般車道(未劃分快慢車道)","柏油","乾燥","良好","正常","行車分向線","快慢車道分隔線","有",73,"未使用",120.321323,23.31994,"臺南市","新營區"
"撞路樹、電桿","2021",9,28,2,"晴","夜間(或隧道、地下道、涵洞)有照明",30,"直路","一般車道(未劃分快慢車道)","柏油","乾燥","良好","無號誌","無","未繪設快慢車道分隔線","有",30,"不明",120.667793,24.38338,"臺中市","大甲區"
"穿越道路中","2021",9,28,4,"晴","夜間(或隧道、地下道、涵洞)有照明",50,"三岔路","一般車道(未劃分快慢車道)","柏油","乾燥","良好","無號誌","雙向禁止超車線","未繪設快慢車道分隔線","有",95,"非駕駛人",120.683369,23.974792,"南投縣","草屯鎮"
"穿越道路中","2021",9,28,4,"晴","夜間(或隧道、地下道、涵洞)有照明",50,"三岔路","一般車道(未劃分快慢車道)","柏油","乾燥","良好","無號誌","雙向禁止超車線","未繪設快慢車道分隔線","有",56,"未使用",120.683369,23.974792,"南投縣","草屯鎮"
"其他","2021",9,28,14,"晴","日間自然光線",70,"直路","一般車道(未劃分快慢車道)","柏油","乾燥","良好","無號誌","中央分向島","未繪設快慢車道分隔線","有",63,"未使用",120.867305,23.98353,"南投縣","國姓鄉"
"其他","2021",9,28,14,"晴","日間自然光線",70,"直路","一般車道(未劃分快慢車道)","柏油","乾燥","良好","無號誌","中央分向島","未繪設快慢車道分隔線","有",52,"未使用",120.867305,23.98353,"南投縣","國姓鄉"
"路上翻車、摔倒","2021",9,28,17,"晴","日間自然光線",40,"彎曲路及附近","一般車道(未劃分快慢車道)","柏油","乾燥","良好","無號誌","無","未繪設快慢車道分隔線","有",58,"未使用",121.21538,24.91879,"桃園市","平鎮區"
"路上翻車、摔倒","2021",9,29,4,"晴","夜間(或隧道、地下道、涵洞)有照明",50,"直路","快車道","柏油","乾燥","良好","無號誌","雙向禁止超車線","快慢車道分隔線","無",18,"未使用",120.627777,24.140277,"臺中市","南屯區"
"路口交岔撞","2021",9,29,4,"晴","夜間(或隧道、地下道、涵洞)有照明",50,"四岔路","交叉路口內","柏油","乾燥","良好","正常","無","未繪設快慢車道分隔線","無",66,"未使用",121.568591,23.971935,"花蓮縣","吉安鄉"
"路口交岔撞","2021",9,29,4,"晴","夜間(或隧道、地下道、涵洞)有照明",50,"四岔路","交叉路口內","柏油","乾燥","良好","正常","無","未繪設快慢車道分隔線","無",27,"未使用",121.568591,23.971935,"花蓮縣","吉安鄉"
"追撞","2021",9,29,8,"晴","日間自然光線",50,"三岔路","交叉口附近","柏油","乾燥","良好","無號誌","中央分向島","快慢車道分隔線","有",46,"不明",120.826078,24.575522,"苗栗縣","苗栗市"
"追撞","2021",9,29,8,"晴","日間自然光線",50,"三岔路","交叉口附近","柏油","乾燥","良好","無號誌","中央分向島","快慢車道分隔線","有",40,"不明",120.826078,24.575522,"苗栗縣","苗栗市"
"追撞","2021",9,29,8,"晴","日間自然光線",50,"三岔路","交叉口附近","柏油","乾燥","良好","無號誌","中央分向島","快慢車道分隔線","有",52,"不明",120.826078,24.575522,"苗栗縣","苗栗市"
"追撞","2021",9,29,8,"晴","日間自然光線",50,"三岔路","交叉口附近","柏油","乾燥","良好","無號誌","中央分向島","快慢車道分隔線","有",62,"不明",120.826078,24.575522,"苗栗縣","苗栗市"
"撞工程施工","2021",9,29,9,"晴","日間自然光線",30,"直路","一般車道(未劃分快慢車道)","柏油","乾燥","不良","無號誌","無","未繪設快慢車道分隔線","無",24,"未使用",120.670948,23.972172,"南投縣","草屯鎮"
"側撞","2021",9,29,11,"晴","日間自然光線",50,"三岔路","交叉路口內","柏油","乾燥","良好","正常","中央分向島","未繪設快慢車道分隔線","有",37,"不明",121.485198,24.993454,"新北市","中和區"
"側撞","2021",9,29,11,"晴","日間自然光線",50,"三岔路","交叉路口內","柏油","乾燥","良好","正常","中央分向島","未繪設快慢車道分隔線","有",52,"不明",121.485198,24.993454,"新北市","中和區"
"追撞","2021",9,29,18,"晴","夜間(或隧道、地下道、涵洞)有照明",60,"直路","快車道","柏油","乾燥","良好","無號誌","中央分向島","窄式快慢車道分隔島(無柵欄)","無",32,"未使用",120.364441,22.551337,"高雄市","小港區"
"追撞","2021",9,29,18,"晴","夜間(或隧道、地下道、涵洞)有照明",60,"直路","快車道","柏油","乾燥","良好","無號誌","中央分向島","窄式快慢車道分隔島(無柵欄)","無",28,"未使用",120.364441,22.551337,"高雄市","小港區"
"追撞","2021",9,29,18,"晴","夜間(或隧道、地下道、涵洞)有照明",60,"直路","快車道","柏油","乾燥","良好","無號誌","中央分向島","窄式快慢車道分隔島(無柵欄)","無",61,"未使用",120.364441,22.551337,"高雄市","小港區"
"追撞","2021",9,29,18,"晴","夜間(或隧道、地下道、涵洞)有照明",60,"直路","快車道","柏油","乾燥","良好","無號誌","中央分向島","窄式快慢車道分隔島(無柵欄)","無",64,"未使用",120.364441,22.551337,"高雄市","小港區"
"追撞","2021",9,29,18,"晴","夜間(或隧道、地下道、涵洞)有照明",60,"直路","快車道","柏油","乾燥","良好","無號誌","中央分向島","窄式快慢車道分隔島(無柵欄)","無",38,"未使用",120.364441,22.551337,"高雄市","小港區"
"追撞","2021",9,29,23,"晴","夜間(或隧道、地下道、涵洞)無照明",100,"直路","快車道","柏油","乾燥","良好","無號誌","中央分向島","未繪設快慢車道分隔線","有",33,"未使用",120.83109,24.540256,"苗栗縣","苗栗市"
"追撞","2021",9,29,23,"晴","夜間(或隧道、地下道、涵洞)無照明",100,"直路","快車道","柏油","乾燥","良好","無號誌","中央分向島","未繪設快慢車道分隔線","有",40,"未使用",120.83109,24.540256,"苗栗縣","苗栗市"
"追撞","2021",9,29,23,"晴","夜間(或隧道、地下道、涵洞)無照明",100,"直路","快車道","柏油","乾燥","良好","無號誌","中央分向島","未繪設快慢車道分隔線","有",44,"不明",120.83109,24.540256,"苗栗縣","苗栗市"
"追撞","2021",9,29,23,"晴","夜間(或隧道、地下道、涵洞)無照明",100,"直路","快車道","柏油","乾燥","良好","無號誌","中央分向島","未繪設快慢車道分隔線","有",35,"未使用",120.83109,24.540256,"苗栗縣","苗栗市"
"追撞","2021",9,29,23,"晴","夜間(或隧道、地下道、涵洞)無照明",100,"直路","快車道","柏油","乾燥","良好","無號誌","中央分向島","未繪設快慢車道分隔線","有",25,"未使用",120.83109,24.540256,"苗栗縣","苗栗市"
"追撞","2021",9,29,23,"晴","夜間(或隧道、地下道、涵洞)無照明",100,"直路","快車道","柏油","乾燥","良好","無號誌","中央分向島","未繪設快慢車道分隔線","有",33,"未使用",120.83109,24.540256,"苗栗縣","苗栗市"
"側撞","2021",9,30,7,"晴","日間自然光線",50,"四岔路","交叉口附近","柏油","乾燥","良好","正常","中央分向島","窄式快慢車道分隔島(無柵欄)","有",20,"不明",120.582425,24.172672,"臺中市","龍井區"
"側撞","2021",9,30,7,"晴","日間自然光線",50,"四岔路","交叉口附近","柏油","乾燥","良好","正常","中央分向島","窄式快慢車道分隔島(無柵欄)","有",37,"不明",120.582425,24.172672,"臺中市","龍井區"
"側撞","2021",9,30,13,"晴","日間自然光線",50,"直路","慢車道","柏油","乾燥","良好","無號誌","行車分向線","快慢車道分隔線","無",54,"不明",120.643846,24.195296,"臺中市","西屯區"
"側撞","2021",9,30,13,"晴","日間自然光線",50,"直路","慢車道","柏油","乾燥","良好","無號誌","行車分向線","快慢車道分隔線","無",31,"不明",120.643846,24.195296,"臺中市","西屯區"
"同向擦撞","2021",9,30,18,"晴","夜間(或隧道、地下道、涵洞)有照明",40,"多岔路","交叉口附近","柏油","乾燥","良好","正常","無","未繪設快慢車道分隔線","無",56,"未使用",121.569486,25.049098,"臺北市","信義區"
"同向擦撞","2021",9,30,18,"晴","夜間(或隧道、地下道、涵洞)有照明",40,"多岔路","交叉口附近","柏油","乾燥","良好","正常","無","未繪設快慢車道分隔線","無",53,"未使用",121.569486,25.049098,"臺北市","信義區"
"穿越道路中","2021",9,30,19,"晴","夜間(或隧道、地下道、涵洞)有照明",50,"直路","一般車道(未劃分快慢車道)","柏油","乾燥","良好","無號誌","行車分向線","未繪設快慢車道分隔線","有",62,"未使用",120.821235,24.207848,"臺中市","新社區"
"穿越道路中","2021",9,30,19,"晴","夜間(或隧道、地下道、涵洞)有照明",50,"直路","一般車道(未劃分快慢車道)","柏油","乾燥","良好","無號誌","行車分向線","未繪設快慢車道分隔線","有",77,"非駕駛人",120.821235,24.207848,"臺中市","新社區"
"同向通行中","2021",9,30,19,"陰","夜間(或隧道、地下道、涵洞)無照明",40,"直路","機車優先道","柏油","乾燥","良好","無號誌","行車分向線","快慢車道分隔線","有",65,"不明",121.368121,23.482471,"花蓮縣","瑞穗鄉"
"同向通行中","2021",9,30,19,"陰","夜間(或隧道、地下道、涵洞)無照明",40,"直路","機車優先道","柏油","乾燥","良好","無號誌","行車分向線","快慢車道分隔線","有",57,"非駕駛人",121.368121,23.482471,"花蓮縣","瑞穗鄉"
"穿越道路中","2021",10,1,5,"晴","晨或暮光",60,"直路","一般車道(未劃分快慢車道)","柏油","乾燥","良好","正常","中央分向島","未繪設快慢車道分隔線","有",52,"未使用",120.925632,24.68882,"苗栗縣","頭份市"
"穿越道路中","2021",10,1,5,"晴","晨或暮光",60,"直路","一般車道(未劃分快慢車道)","柏油","乾燥","良好","正常","中央分向島","未繪設快慢車道分隔線","有",78,"未使用",120.925632,24.68882,"苗栗縣","頭份市"
"撞交通島","2021",10,1,8,"晴","日間自然光線",50,"直路","一般車道(未劃分快慢車道)","柏油","乾燥","良好","無號誌","中央分向島","未繪設快慢車道分隔線","有",67,"未使用",120.286144,23.461405,"嘉義縣","朴子市"
"撞交通島","2021",10,1,8,"晴","日間自然光線",50,"直路","一般車道(未劃分快慢車道)","柏油","乾燥","良好","無號誌","中央分向島","未繪設快慢車道分隔線","有",66,"未使用",120.286144,23.461405,"嘉義縣","朴子市"
"其他","2021",10,1,10,"陰","日間自然光線",50,"直路","一般車道(未劃分快慢車道)","柏油","乾燥","良好","正常","中央分向島","未繪設快慢車道分隔線","有",38,"未使用",121.431669,24.993532,"新北市","板橋區"
"其他","2021",10,1,10,"陰","日間自然光線",50,"直路","一般車道(未劃分快慢車道)","柏油","乾燥","良好","正常","中央分向島","未繪設快慢車道分隔線","有",40,"未使用",121.431669,24.993532,"新北市","板橋區"
"其他","2021",10,1,10,"陰","日間自然光線",50,"直路","一般車道(未劃分快慢車道)","柏油","乾燥","良好","正常","中央分向島","未繪設快慢車道分隔線","有",43,"未使用",121.431669,24.993532,"新北市","板橋區"
"側撞","2021",10,1,21,"晴","夜間(或隧道、地下道、涵洞)有照明",50,"四岔路","交叉路口內","柏油","乾燥","良好","正常","無","未繪設快慢車道分隔線","無",36,"未使用",120.3753,22.58859,"高雄市","鳳山區"
"側撞","2021",10,1,21,"晴","夜間(或隧道、地下道、涵洞)有照明",50,"四岔路","交叉路口內","柏油","乾燥","良好","正常","無","未繪設快慢車道分隔線","無",59,"非駕駛人",120.3753,22.58859,"高雄市","鳳山區"
"撞交通島","2021",10,2,1,"晴","夜間(或隧道、地下道、涵洞)有照明",50,"直路","一般車道(未劃分快慢車道)","柏油","乾燥","良好","無號誌","中央分向島","未繪設快慢車道分隔線","有",110,"",120.240516,22.808184,"高雄市","永安區"
"撞交通島","2021",10,2,1,"晴","夜間(或隧道、地下道、涵洞)有照明",50,"直路","一般車道(未劃分快慢車道)","柏油","乾燥","良好","無號誌","中央分向島","未繪設快慢車道分隔線","有",15,"未使用",120.240516,22.808184,"高雄市","永安區"
"衝出路外","2021",10,2,7,"晴","日間自然光線",50,"直路","路肩、路緣","柏油","乾燥","良好","無號誌","中央分向島","快慢車道分隔線","有",50,"未使用",120.261801,23.307363,"臺南市","鹽水區"
"對向擦撞","2021",10,2,9,"晴","日間自然光線",30,"彎曲路及附近","一般車道(未劃分快慢車道)","柏油","乾燥","良好","無號誌","雙向禁止超車線","未繪設快慢車道分隔線","無",27,"未使用",121.015395,24.78026,"新竹市","東區"
"對向擦撞","2021",10,2,9,"晴","日間自然光線",30,"彎曲路及附近","一般車道(未劃分快慢車道)","柏油","乾燥","良好","無號誌","雙向禁止超車線","未繪設快慢車道分隔線","無",67,"未使用",121.015395,24.78026,"新竹市","東區"
"對向擦撞","2021",10,2,9,"晴","日間自然光線",30,"彎曲路及附近","一般車道(未劃分快慢車道)","柏油","乾燥","良好","無號誌","雙向禁止超車線","未繪設快慢車道分隔線","無",44,"未使用",121.015395,24.78026,"新竹市","東區"
"撞路樹、電桿","2021",10,2,11,"晴","日間自然光線",30,"直路","一般車道(未劃分快慢車道)","柏油","乾燥","良好","無號誌","無","未繪設快慢車道分隔線","無",71,"未使用",121.540395,25.160701,"臺北市","北投區"
"撞交通島","2021",10,2,14,"陰","日間自然光線",50,"坡路","一般車道(未劃分快慢車道)","柏油","乾燥","良好","無號誌","雙向禁止超車線","未繪設快慢車道分隔線","有",110,"",120.393109,22.773087,"高雄市","燕巢區"
"撞交通島","2021",10,2,14,"陰","日間自然光線",50,"坡路","一般車道(未劃分快慢車道)","柏油","乾燥","良好","無號誌","雙向禁止超車線","未繪設快慢車道分隔線","有",18,"未使用",120.393109,22.773087,"高雄市","燕巢區"
"其他","2021",10,2,19,"晴","夜間(或隧道、地下道、涵洞)有照明",60,"直路","快車道","柏油","乾燥","良好","無號誌","中央分向島","快慢車道分隔線","有",19,"不明",120.696458,24.024071,"臺中市","霧峰區"
"其他","2021",10,2,19,"晴","夜間(或隧道、地下道、涵洞)有照明",60,"直路","快車道","柏油","乾燥","良好","無號誌","中央分向島","快慢車道分隔線","有",39,"不明",120.696458,24.024071,"臺中市","霧峰區"
"其他","2021",10,2,19,"晴","夜間(或隧道、地下道、涵洞)有照明",60,"直路","快車道","柏油","乾燥","良好","無號誌","中央分向島","快慢車道分隔線","有",19,"不明",120.696458,24.024071,"臺中市","霧峰區"
"其他","2021",10,2,19,"晴","夜間(或隧道、地下道、涵洞)有照明",60,"直路","快車道","柏油","乾燥","良好","無號誌","中央分向島","快慢車道分隔線","有",39,"不明",120.696458,24.024071,"臺中市","霧峰區"
"其他","2021",10,2,19,"晴","夜間(或隧道、地下道、涵洞)有照明",60,"直路","快車道","柏油","乾燥","良好","無號誌","中央分向島","快慢車道分隔線","有",51,"不明",120.696458,24.024071,"臺中市","霧峰區"
"撞工程施工","2021",10,2,22,"晴","夜間(或隧道、地下道、涵洞)有照明",50,"直路","路肩、路緣","柏油","乾燥","良好","無號誌","行車分向線","未繪設快慢車道分隔線","有",53,"未使用",120.47428,22.486709,"屏東縣","東港鎮"
"其他","2021",10,3,2,"晴","夜間(或隧道、地下道、涵洞)有照明",40,"直路","一般車道(未劃分快慢車道)","柏油","乾燥","良好","無號誌","行車分向線","未繪設快慢車道分隔線","有",46,"非駕駛人",120.57579,23.768211,"雲林縣","林內鄉"
"其他","2021",10,3,2,"晴","夜間(或隧道、地下道、涵洞)有照明",40,"直路","一般車道(未劃分快慢車道)","柏油","乾燥","良好","無號誌","行車分向線","未繪設快慢車道分隔線","有",22,"未使用",120.57579,23.768211,"雲林縣","林內鄉"
"對撞","2021",10,3,6,"晴","日間自然光線",70,"直路","快車道","柏油","乾燥","良好","無號誌","中央分向島","未繪設快慢車道分隔線","有",20,"未使用",120.587278,22.397076,"屏東縣","枋寮鄉"
"對撞","2021",10,3,6,"晴","日間自然光線",70,"直路","快車道","柏油","乾燥","良好","無號誌","中央分向島","未繪設快慢車道分隔線","有",41,"未使用",120.587278,22.397076,"屏東縣","枋寮鄉"
"其他","2021",10,3,8,"晴","日間自然光線",50,"直路","路肩、路緣","柏油","乾燥","良好","無號誌","行車分向線","未繪設快慢車道分隔線","有",50,"未使用",120.219745,23.176114,"臺南市","麻豆區"
"側撞","2021",10,3,11,"晴","日間自然光線",60,"四岔路","交叉路口內","柏油","乾燥","良好","正常","無","未繪設快慢車道分隔線","無",19,"未使用",120.18616,23.006841,"臺南市","西區"
"側撞","2021",10,3,11,"晴","日間自然光線",60,"四岔路","交叉路口內","柏油","乾燥","良好","正常","無","未繪設快慢車道分隔線","無",51,"未使用",120.18616,23.006841,"臺南市","西區"
"其他","2021",10,3,12,"晴","日間自然光線",50,"彎曲路及附近","路肩、路緣","柏油","乾燥","良好","無號誌","雙向禁止超車線","未繪設快慢車道分隔線","有",36,"未使用",121.000449,24.83172,"新竹縣","竹北市"
"其他","2021",10,3,12,"晴","日間自然光線",50,"彎曲路及附近","路肩、路緣","柏油","乾燥","良好","無號誌","雙向禁止超車線","未繪設快慢車道分隔線","有",67,"未使用",121.000449,24.83172,"新竹縣","竹北市"
"路口交岔撞","2021",10,3,15,"晴","日間自然光線",50,"四岔路","交叉路口內","柏油","乾燥","良好","無號誌","雙向禁止超車線","未繪設快慢車道分隔線","有",82,"未使用",121.734959,24.6569,"宜蘭縣","冬山鄉"
"路口交岔撞","2021",10,3,15,"晴","日間自然光線",50,"四岔路","交叉路口內","柏油","乾燥","良好","無號誌","雙向禁止超車線","未繪設快慢車道分隔線","有",52,"未使用",121.734959,24.6569,"宜蘭縣","冬山鄉"
"路上翻車、摔倒","2021",10,3,15,"晴","日間自然光線",50,"三岔路","交叉路口內","柏油","乾燥","良好","無號誌","行車分向線","未繪設快慢車道分隔線","有",25,"未使用",121.127489,22.952382,"臺東縣","鹿野鄉"
"撞護欄(樁)","2021",10,4,7,"晴","日間自然光線",50,"直路","一般車道(未劃分快慢車道)","柏油","乾燥","良好","無號誌","中央分向島","未繪設快慢車道分隔線","無",43,"未使用",120.669171,24.20126,"臺中市","北屯區"
"對撞","2021",10,4,10,"晴","日間自然光線",40,"三岔路","交叉口附近","柏油","乾燥","良好","無號誌","行車分向線","未繪設快慢車道分隔線","有",38,"不明",121.118354,24.909897,"桃園市","楊梅區"
"對撞","2021",10,4,10,"晴","日間自然光線",40,"三岔路","交叉口附近","柏油","乾燥","良好","無號誌","行車分向線","未繪設快慢車道分隔線","有",24,"未使用",121.118354,24.909897,"桃園市","楊梅區"
"對撞","2021",10,4,10,"晴","日間自然光線",40,"三岔路","交叉口附近","柏油","乾燥","良好","無號誌","行車分向線","未繪設快慢車道分隔線","有",76,"未使用",121.118354,24.909897,"桃園市","楊梅區"
"衝出路外","2021",10,4,11,"晴","日間自然光線",50,"直路","一般車道(未劃分快慢車道)","柏油","乾燥","良好","無號誌","行車分向線","未繪設快慢車道分隔線","有",71,"不明",120.378352,23.374708,"臺南市","後壁區"
"側撞","2021",10,4,19,"晴","夜間(或隧道、地下道、涵洞)有照明",40,"四岔路","交叉路口內","柏油","乾燥","良好","無號誌","無","未繪設快慢車道分隔線","無",19,"未使用",121.175995,24.906159,"桃園市","楊梅區"