"事故類型及型態子類別名稱","發生年度","發生月份","發生日期","發生時間","天候名稱","光線名稱","速限.第1當事者","道路型態子類別名稱","事故位置子類別名稱","路面狀況.路面鋪裝名稱","路面狀況.路面狀態名稱","道路障礙.視距品質名稱","號誌.號誌動作名稱","車道劃分設施.分向設施大類別名稱","車道劃分設施.分道設施.快慢車道間名稱","車道劃分設施.分道設施.路面邊線名稱","當事者事故發生時年齡","行動電話或電腦或其他相類功能裝置名稱","經度","緯度","縣市","鄉鎮"
"側撞","2021",10,4,19,"晴","夜間(或隧道、地下道、涵洞)有照明",40,"四岔路","交叉路口內","柏油","乾燥","良好","無號誌","無","未繪設快慢車道分隔線","無",56,"未使用",121.175995,24.906159,"桃園市","楊梅區"
"側撞","2021",10,5,7,"晴","日間自然光線",50,"多岔路","交叉路口內","柏油","乾燥","良好","正常","中央分向島","未繪設快慢車道分隔線","無",62,"未使用",121.503727,25.004266,"新北市","中和區"
"側撞","2021",10,5,7,"晴","日間自然光線",50,"多岔路","交叉路口內","柏油","乾燥","良好","正常","中央分向島","未繪設快慢車道分隔線","無",54,"未使用",121.503727,25.004266,"新北市","中和區"
"路口交岔撞","2021",10,5,8,"晴","日間自然光線",50,"四岔路","交叉路口內","柏油","乾燥","良好","無號誌","無","未繪設快慢車道分隔線","無",42,"未使用",121.149535,22.751463,"臺東縣","臺東市"
"路口交岔撞","2021",10,5,8,"晴","日間自然光線",50,"四岔路","交叉路口內","柏油","乾燥","良好","無號誌","無","未繪設快慢車道分隔線","無",69,"未使用",121.149535,22.751463,"臺東縣","臺東市"
"對撞","2021",10,5,10,"晴","日間自然光線",50,"直路","一般車道(未劃分快慢車道)","柏油","乾燥","良好","無號誌","行車分向線","未繪設快慢車道分隔線","有",47,"未使用",120.985275,24.877432,"新竹縣","新豐鄉"
"對撞","2021",10,5,10,"晴","日間自然光線",50,"直路","一般車道(未劃分快慢車道)","柏油","乾燥","良好","無號誌","行車分向線","未繪設快慢車道分隔線","有",49,"未使用",120.985275,24.877432,"新竹縣","新豐鄉"
"路口交岔撞","2021",10,5,11,"晴","日間自然光線",40,"四岔路","交叉路口內","柏油","乾燥","良好","正常","無","未繪設快慢車道分隔線","無",61,"未使用",120.178558,22.938482,"臺南市","南區"
"路口交岔撞","2021",10,5,11,"晴","日間自然光線",40,"四岔路","交叉路口內","柏油","乾燥","良好","正常","無","未繪設快慢車道分隔線","無",40,"未使用",120.178558,22.938482,"臺南市","南區"
"同向擦撞","2021",10,5,17,"晴","日間自然光線",50,"三岔路","交叉路口內","柏油","乾燥","良好","正常","無","未繪設快慢車道分隔線","無",61,"未使用",120.357089,22.561154,"高雄市","小港區"
"同向擦撞","2021",10,5,17,"晴","日間自然光線",50,"三岔路","交叉路口內","柏油","乾燥","良好","正常","無","未繪設快慢車道分隔線","無",67,"未使用",120.357089,22.561154,"高雄市","小港區"
"同向擦撞","2021",10,5,17,"晴","日間自然光線",50,"三岔路","交叉路口內","柏油","乾燥","良好","正常","無","未繪設快慢車道分隔線","無",66,"未使用",120.357089,22.561154,"高雄市","小港區"
"追撞","2021",10,5,18,"晴","夜間(或隧道、地下道、涵洞)有照明",40,"直路","慢車道","柏油","乾燥","良好","無號誌","雙向禁止超車線","快慢車道分隔線","有",19,"未使用",120.536327,22.422878,"屏東縣","佳冬鄉"
"追撞","2021",10,5,18,"晴","夜間(或隧道、地下道、涵洞)有照明",40,"直路","慢車道","柏油","乾燥","良好","無號誌","雙向禁止超車線","快慢車道分隔線","有",16,"非駕駛人",120.536327,22.422878,"屏東縣","佳冬鄉"
"追撞","2021",10,5,18,"晴","夜間(或隧道、地下道、涵洞)有照明",40,"直路","慢車道","柏油","乾燥","良好","無號誌","雙向禁止超車線","快慢車道分隔線","有",72,"未使用",120.536327,22.422878,"屏東縣","佳冬鄉"
"其他","2021",10,5,22,"晴","夜間(或隧道、地下道、涵洞)有照明",50,"三岔路","交叉路口內","柏油","乾燥","良好","正常","中央分向島","快慢車道分隔線","有",61,"未使用",120.569612,24.095122,"彰化縣","彰化市"
"其他","2021",10,5,22,"晴","夜間(或隧道、地下道、涵洞)有照明",50,"三岔路","交叉路口內","柏油","乾燥","良好","正常","中央分向島","快慢車道分隔線","有",28,"未使用",120.569612,24.095122,"彰化縣","彰化市"
"其他","2021",10,6,10,"晴","日間自然光線",50,"直路","其他","柏油","乾燥","良好","無號誌","行車分向線","未繪設快慢車道分隔線","有",47,"未使用",120.456477,23.75087,"雲林縣","西螺鎮"
"追撞","2021",10,6,18,"晴","夜間(或隧道、地下道、涵洞)有照明",60,"直路","慢車道","柏油","乾燥","良好","無號誌","行車分向線","快慢車道分隔線","有",24,"非駕駛人",121.686067,24.667322,"宜蘭縣","三星鄉"
"追撞","2021",10,6,18,"晴","夜間(或隧道、地下道、涵洞)有照明",60,"直路","慢車道","柏油","乾燥","良好","無號誌","行車分向線","快慢車道分隔線","有",24,"不明",121.686067,24.667322,"宜蘭縣","三星鄉"
"追撞","2021",10,6,18,"晴","夜間(或隧道、地下道、涵洞)有照明",60,"直路","慢車道","柏油","乾燥","良好","無號誌","行車分向線","快慢車道分隔線","有",25,"不明",121.686067,24.667322,"宜蘭縣","三星鄉"
"其他","2021",10,6,19,"晴","夜間(或隧道、地下道、涵洞)有照明",50,"直路","快車道","柏油","乾燥","不良","無號誌","中央分向島","快慢車道分隔線","有",45,"不明",120.429144,23.479076,"嘉義市","西區"
"其他","2021",10,6,19,"晴","夜間(或隧道、地下道、涵洞)有照明",50,"直路","快車道","柏油","乾燥","不良","無號誌","中央分向島","快慢車道分隔線","有",64,"不明",120.429144,23.479076,"嘉義市","西區"
"其他","2021",10,6,19,"晴","夜間(或隧道、地下道、涵洞)有照明",50,"直路","快車道","柏油","乾燥","不良","無號誌","中央分向島","快慢車道分隔線","有",26,"未使用",120.429144,23.479076,"嘉義市","西區"
"其他","2021",10,6,19,"晴","夜間(或隧道、地下道、涵洞)有照明",50,"直路","快車道","柏油","乾燥","不良","無號誌","中央分向島","快慢車道分隔線","有",64,"未使用",120.429144,23.479076,"嘉義市","西區"
"其他","2021",10,7,3,"晴","夜間(或隧道、地下道、涵洞)有照明",30,"彎曲路及附近","一般車道(未劃分快慢車道)","柏油","乾燥","良好","無號誌","無","未繪設快慢車道分隔線","無",46,"未使用",120.545569,24.100908,"彰化縣","彰化市"
"其他","2021",10,7,3,"晴","夜間(或隧道、地下道、涵洞)有照明",30,"彎曲路及附近","一般車道(未劃分快慢車道)","柏油","乾燥","良好","無號誌","無","未繪設快慢車道分隔線","無",53,"非駕駛人",120.545569,24.100908,"彰化縣","彰化市"
"撞護欄(樁)","2021",10,7,4,"晴","夜間(或隧道、地下道、涵洞)有照明",40,"直路","路肩、路緣","柏油","乾燥","良好","無號誌","雙向禁止超車線","快慢車道分隔線","有",110,"",120.2249,22.88018,"高雄市","湖內區"
"撞護欄(樁)","2021",10,7,4,"晴","夜間(或隧道、地下道、涵洞)有照明",40,"直路","路肩、路緣","柏油","乾燥","良好","無號誌","雙向禁止超車線","快慢車道分隔線","有",18,"未使用",120.2249,22.88018,"高雄市","湖內區"
"其他","2021",10,7,7,"晴","日間自然光線",30,"三岔路","交叉路口內","柏油","乾燥","良好","無號誌","無","未繪設快慢車道分隔線","無",68,"未使用",120.605258,24.272689,"臺中市","清水區"
"其他","2021",10,7,7,"晴","日間自然光線",30,"三岔路","交叉路口內","柏油","乾燥","良好","無號誌","無","未繪設快慢車道分隔線","無",25,"未使用",120.605258,24.272689,"臺中市","清水區"
"穿越道路中","2021",10,7,7,"晴","日間自然光線",50,"直路","一般車道(未劃分快慢車道)","柏油","乾燥","良好","無號誌","行車分向線","未繪設快慢車道分隔線","有",91,"未使用",120.604024,22.814974,"屏東縣","高樹鄉"
"穿越道路中","2021",10,7,7,"晴","日間自然光線",50,"直路","一般車道(未劃分快慢車道)","柏油","乾燥","良好","無號誌","行車分向線","未繪設快慢車道分隔線","有",20,"未使用",120.604024,22.814974,"屏東縣","高樹鄉"
"撞路樹、電桿","2021",10,7,16,"晴","日間自然光線",30,"直路","一般車道(未劃分快慢車道)","柏油","乾燥","良好","無號誌","無","未繪設快慢車道分隔線","有",48,"不明",120.444954,23.635694,"雲林縣","大埤鄉"
"撞路樹、電桿","2021",10,7,16,"晴","日間自然光線",30,"直路","一般車道(未劃分快慢車道)","柏油","乾燥","良好","無號誌","無","未繪設快慢車道分隔線","有",48,"不明",120.444954,23.635694,"雲林縣","大埤鄉"
"撞路樹、電桿","2021",10,7,16,"晴","日間自然光線",30,"直路","一般車道(未劃分快慢車道)","柏油","乾燥","良好","無號誌","無","未繪設快慢車道分隔線","有",5,"不明",120.444954,23.635694,"雲林縣","大埤鄉"
"其他","2021",10,8,6,"晴","日間自然光線",50,"三岔路","交叉口附近","柏油","乾燥","良好","無號誌","中央分向島","未繪設快慢車道分隔線","有",35,"未使用",120.367222,22.760212,"高雄市","燕巢區"
"其他","2021",10,8,6,"晴","日間自然光線",50,"三岔路","交叉口附近","柏油","乾燥","良好","無號誌","中央分向島","未繪設快慢車道分隔線","有",37,"未使用",120.367222,22.760212,"高雄市","燕巢區"
"穿越道路中","2021",10,8,13,"晴","日間自然光線",50,"四岔路","交叉路口內","柏油","乾燥","良好","正常","無","未繪設快慢車道分隔線","無",83,"非駕駛人",121.737026,25.130331,"基隆市","中山區"
"穿越道路中","2021",10,8,13,"晴","日間自然光線",50,"四岔路","交叉路口內","柏油","乾燥","良好","正常","無","未繪設快慢車道分隔線","無",43,"未使用",121.737026,25.130331,"基隆市","中山區"
"穿越道路中","2021",10,8,18,"晴","夜間(或隧道、地下道、涵洞)有照明",50,"橋樑","快車道","柏油","乾燥","良好","正常","雙向禁止超車線","快慢車道分隔線","有",34,"未使用",121.100587,24.842838,"新竹縣","新埔鎮"
"穿越道路中","2021",10,8,18,"晴","夜間(或隧道、地下道、涵洞)有照明",50,"橋樑","快車道","柏油","乾燥","良好","正常","雙向禁止超車線","快慢車道分隔線","有",72,"非駕駛人",121.100587,24.842838,"新竹縣","新埔鎮"
"撞路樹、電桿","2021",10,8,20,"晴","日間自然光線",60,"直路","路肩、路緣","柏油","乾燥","良好","無號誌","中央分向島","快慢車道分隔線","有",43,"不明",120.54974,22.466548,"屏東縣","新埤鄉"
"路上翻車、摔倒","2021",10,9,5,"晴","晨或暮光",50,"直路","一般車道(未劃分快慢車道)","柏油","乾燥","良好","無號誌","雙向禁止超車線","未繪設快慢車道分隔線","有",39,"不明",121.438912,24.981379,"新北市","土城區"
"穿越道路中","2021",10,9,8,"晴","日間自然光線",50,"直路","一般車道(未劃分快慢車道)","柏油","乾燥","良好","無號誌","雙向禁止超車線","未繪設快慢車道分隔線","有",77,"非駕駛人",120.716914,23.895173,"南投縣","中寮鄉"
"穿越道路中","2021",10,9,8,"晴","日間自然光線",50,"直路","一般車道(未劃分快慢車道)","柏油","乾燥","良好","無號誌","雙向禁止超車線","未繪設快慢車道分隔線","有",53,"未使用",120.716914,23.895173,"南投縣","中寮鄉"
"對向擦撞","2021",10,9,10,"晴","日間自然光線",60,"三岔路","交叉口附近","柏油","乾燥","良好","正常","行車分向線","未繪設快慢車道分隔線","有",17,"未使用",120.89421,24.623872,"苗栗縣","造橋鄉"
"對向擦撞","2021",10,9,10,"晴","日間自然光線",60,"三岔路","交叉口附近","柏油","乾燥","良好","正常","行車分向線","未繪設快慢車道分隔線","有",17,"未使用",120.89421,24.623872,"苗栗縣","造橋鄉"
"對向擦撞","2021",10,9,10,"晴","日間自然光線",60,"三岔路","交叉口附近","柏油","乾燥","良好","正常","行車分向線","未繪設快慢車道分隔線","有",48,"未使用",120.89421,24.623872,"苗栗縣","造橋鄉"
"對向擦撞","2021",10,9,10,"晴","日間自然光線",60,"三岔路","交叉口附近","柏油","乾燥","良好","正常","行車分向線","未繪設快慢車道分隔線","有",41,"未使用",120.89421,24.623872,"苗栗縣","造橋鄉"
"路口交岔撞","2021",10,9,11,"晴","日間自然光線",30,"四岔路","交叉路口內","柏油","乾燥","良好","無號誌","無","未繪設快慢車道分隔線","無",52,"不明",120.658828,24.137285,"臺中市","西區"
"路口交岔撞","2021",10,9,11,"晴","日間自然光線",30,"四岔路","交叉路口內","柏油","乾燥","良好","無號誌","無","未繪設快慢車道分隔線","無",30,"不明",120.658828,24.137285,"臺中市","西區"
"路口交岔撞","2021",10,9,11,"晴","日間自然光線",30,"四岔路","交叉路口內","柏油","乾燥","良好","無號誌","無","未繪設快慢車道分隔線","無",61,"未使用",120.658828,24.137285,"臺中市","西區"
"路口交岔撞","2021",10,9,11,"晴","日間自然光線",30,"四岔路","交叉路口內","柏油","乾燥","良好","無號誌","無","未繪設快慢車道分隔線","無",31,"未使用",120.658828,24.137285,"臺中市","西區"
"撞路樹、電桿","2021",10,9,14,"晴","日間自然光線",30,"直路","一般車道(未劃分快慢車道)","柏油","乾燥","良好","無號誌","無","未繪設快慢車道分隔線","有",51,"未使用",120.521837,22.411556,"屏東縣","佳冬鄉"
"其他","2021",10,9,18,"晴","夜間(或隧道、地下道、涵洞)有照明",50,"三岔路","交叉路口內","柏油","乾燥","良好","無號誌","中央分向島","未繪設快慢車道分隔線","有",36,"未使用",121.45,25.033333,"新北市","新莊區"
"其他","2021",10,9,18,"晴","夜間(或隧道、地下道、涵洞)有照明",50,"三岔路","交叉路口內","柏油","乾燥","良好","無號誌","中央分向島","未繪設快慢車道分隔線","有",57,"未使用",121.45,25.033333,"新北市","新莊區"
"側撞","2021",10,9,19,"晴","日間自然光線",40,"多岔路","交叉路口內","柏油","乾燥","良好","正常","無","未繪設快慢車道分隔線","無",20,"不明",120.680278,24.311345,"臺中市","后里區"
"側撞","2021",10,9,19,"晴","日間自然光線",40,"多岔路","交叉路口內","柏油","乾燥","良好","正常","無","未繪設快慢車道分隔線","無",20,"不明",120.680278,24.311345,"臺中市","后里區"
"撞護欄(樁)","2021",10,10,7,"晴","日間自然光線",30,"直路","一般車道(未劃分快慢車道)","柏油","乾燥","良好","無號誌","無","未繪設快慢車道分隔線","無",78,"未使用",120.502497,22.7562,"屏東縣","九如鄉"
"路口交岔撞","2021",10,10,14,"晴","日間自然光線",30,"四岔路","交叉路口內","柏油","乾燥","不良","無號誌","無","未繪設快慢車道分隔線","有",59,"未使用",120.378017,23.68464,"雲林縣","土庫鎮"
"路口交岔撞","2021",10,10,14,"晴","日間自然光線",30,"四岔路","交叉路口內","柏油","乾燥","不良","無號誌","無","未繪設快慢車道分隔線","有",52,"未使用",120.378017,23.68464,"雲林縣","土庫鎮"
"路口交岔撞","2021",10,10,14,"晴","日間自然光線",30,"四岔路","交叉路口內","柏油","乾燥","不良","無號誌","無","未繪設快慢車道分隔線","有",30,"非駕駛人",120.378017,23.68464,"雲林縣","土庫鎮"
"追撞","2021",10,10,17,"晴","晨或暮光",60,"橋樑","一般車道(未劃分快慢車道)","柏油","乾燥","良好","無號誌","雙向禁止超車線","未繪設快慢車道分隔線","有",84,"未使用",121.105817,24.722313,"新竹縣","橫山鄉"
"追撞","2021",10,10,17,"晴","晨或暮光",60,"橋樑","一般車道(未劃分快慢車道)","柏油","乾燥","良好","無號誌","雙向禁止超車線","未繪設快慢車道分隔線","有",72,"未使用",121.105817,24.722313,"新竹縣","橫山鄉"
"追撞","2021",10,10,17,"晴","晨或暮光",60,"橋樑","一般車道(未劃分快慢車道)","柏油","乾燥","良好","無號誌","雙向禁止超車線","未繪設快慢車道分隔線","有",32,"未使用",121.105817,24.722313,"新竹縣","橫山鄉"
"路口交岔撞","2021",10,10,18,"晴","夜間(或隧道、地下道、涵洞)有照明",50,"四岔路","交叉路口內","柏油","乾燥","良好","正常","無","未繪設快慢車道分隔線","無",51,"非駕駛人",121.739799,25.129066,"基隆市","仁愛區"
"路口交岔撞","2021",10,10,18,"晴","夜間(或隧道、地下道、涵洞)有照明",50,"四岔路","交叉路口內","柏油","乾燥","良好","正常","無","未繪設快慢車道分隔線","無",51,"非駕駛人",121.739799,25.129066,"基隆市","仁愛區"
"路口交岔撞","2021",10,10,18,"晴","夜間(或隧道、地下道、涵洞)有照明",50,"四岔路","交叉路口內","柏油","乾燥","良好","正常","無","未繪設快慢車道分隔線","無",47,"未使用",121.739799,25.129066,"基隆市","仁愛區"
"路口交岔撞","2021",10,10,18,"晴","夜間(或隧道、地下道、涵洞)有照明",50,"四岔路","交叉路口內","柏油","乾燥","良好","正常","無","未繪設快慢車道分隔線","無",57,"未使用",121.739799,25.129066,"基隆市","仁愛區"
"撞路樹、電桿","2021",10,10,19,"陰","夜間(或隧道、地下道、涵洞)有照明",60,"彎曲路及附近","路肩、路緣","柏油","乾燥","良好","無號誌","雙向禁止超車線","未繪設快慢車道分隔線","有",32,"未使用",121.883409,24.923116,"宜蘭縣","頭城鎮"
"路口交岔撞","2021",10,10,22,"陰","夜間(或隧道、地下道、涵洞)有照明",50,"四岔路","交叉路口內","柏油","乾燥","良好","無號誌","雙向禁止超車線","未繪設快慢車道分隔線","有",71,"未使用",120.83509,24.248878,"臺中市","東勢區"
"路口交岔撞","2021",10,10,22,"陰","夜間(或隧道、地下道、涵洞)有照明",50,"四岔路","交叉路口內","柏油","乾燥","良好","無號誌","雙向禁止超車線","未繪設快慢車道分隔線","有",44,"未使用",120.83509,24.248878,"臺中市","東勢區"
"路口交岔撞","2021",10,10,22,"陰","夜間(或隧道、地下道、涵洞)有照明",50,"四岔路","交叉路口內","柏油","乾燥","良好","無號誌","雙向禁止超車線","未繪設快慢車道分隔線","有",60,"非駕駛人",120.83509,24.248878,"臺中市","東勢區"
"穿越道路中","2021",10,11,2,"雨","夜間(或隧道、地下道、涵洞)有照明",40,"四岔路","交叉口附近","柏油","濕潤","良好","正常","中央分向島","未繪設快慢車道分隔線","無",52,"不明",121.543657,25.044948,"臺北市","中山區"
"穿越道路中","2021",10,11,2,"雨","夜間(或隧道、地下道、涵洞)有照明",40,"四岔路","交叉口附近","柏油","濕潤","良好","正常","中央分向島","未繪設快慢車道分隔線","無",54,"非駕駛人",121.543657,25.044948,"臺北市","中山區"
"穿越道路中","2021",10,11,5,"雨","夜間(或隧道、地下道、涵洞)有照明",50,"三岔路","交叉路口內","柏油","濕潤","良好","無號誌","雙向禁止超車線","未繪設快慢車道分隔線","無",24,"未使用",121.71412,25.095993,"基隆市","七堵區"
"穿越道路中","2021",10,11,5,"雨","夜間(或隧道、地下道、涵洞)有照明",50,"三岔路","交叉路口內","柏油","濕潤","良好","無號誌","雙向禁止超車線","未繪設快慢車道分隔線","無",18,"非駕駛人",121.71412,25.095993,"基隆市","七堵區"
"穿越道路中","2021",10,11,5,"雨","夜間(或隧道、地下道、涵洞)有照明",50,"三岔路","交叉路口內","柏油","濕潤","良好","無號誌","雙向禁止超車線","未繪設快慢車道分隔線","無",68,"未使用",121.71412,25.095993,"基隆市","七堵區"
"撞路樹、電桿","2021",10,11,6,"晴","日間自然光線",50,"彎曲路及附近","一般車道(未劃分快慢車道)","柏油","乾燥","良好","無號誌","雙向禁止超車線","未繪設快慢車道分隔線","有",33,"未使用",120.508771,23.86911,"彰化縣","溪州鄉"
"側撞","2021",10,11,7,"晴","日間自然光線",50,"四岔路","交叉路口內","柏油","乾燥","良好","正常","無","未繪設快慢車道分隔線","無",22,"未使用",120.671257,24.134417,"臺中市","西區"
"側撞","2021",10,11,7,"晴","日間自然光線",50,"四岔路","交叉路口內","柏油","乾燥","良好","正常","無","未繪設快慢車道分隔線","無",18,"未使用",120.671257,24.134417,"臺中市","西區"
"側撞","2021",10,11,7,"晴","日間自然光線",50,"四岔路","交叉路口內","柏油","乾燥","良好","正常","無","未繪設快慢車道分隔線","無",73,"未使用",120.671257,24.134417,"臺中市","西區"
"側撞","2021",10,11,7,"晴","日間自然光線",50,"四岔路","交叉路口內","柏油","乾燥","良好","正常","無","未繪設快慢車道分隔線","無",19,"不明",120.671257,24.134417,"臺中市","西區"
"對向擦撞","2021",10,11,10,"晴","日間自然光線",30,"彎曲路及附近","一般車道(未劃分快慢車道)","柏油","乾燥","不良","無號誌","無","未繪設快慢車道分隔線","有",21,"未使用",120.458838,23.103959,"臺南市","玉井區"
"對向擦撞","2021",10,11,10,"晴","日間自然光線",30,"彎曲路及附近","一般車道(未劃分快慢車道)","柏油","乾燥","不良","無號誌","無","未繪設快慢車道分隔線","有",65,"未使用",120.458838,23.103959,"臺南市","玉井區"
"路上翻車、摔倒","2021",10,11,12,"風沙","日間自然光線",40,"直路","一般車道(未劃分快慢車道)","柏油","乾燥","良好","無號誌","無","未繪設快慢車道分隔線","無",81,"未使用",120.802551,24.530704,"苗栗縣","苗栗市"
"其他","2021",10,11,15,"晴","日間自然光線",60,"高架道路","快車道","柏油","乾燥","良好","無號誌","中央分向島","寛式快慢車道分隔島(50公分以上)","無",33,"不明",120.64834,24.092287,"臺中市","烏日區"
"其他","2021",10,11,15,"晴","日間自然光線",60,"高架道路","快車道","柏油","乾燥","良好","無號誌","中央分向島","寛式快慢車道分隔島(50公分以上)","無",25,"非駕駛人",120.64834,24.092287,"臺中市","烏日區"
"其他","2021",10,11,15,"晴","日間自然光線",60,"高架道路","快車道","柏油","乾燥","良好","無號誌","中央分向島","寛式快慢車道分隔島(50公分以上)","無",59,"未使用",120.64834,24.092287,"臺中市","烏日區"
"撞路樹、電桿","2021",10,11,16,"晴","日間自然光線",40,"直路","慢車道","柏油","乾燥","良好","無號誌","無","寛式快慢車道分隔島(50公分以上)","有",38,"非駕駛人",120.420189,23.479544,"嘉義市","西區"
"撞路樹、電桿","2021",10,11,16,"晴","日間自然光線",40,"直路","慢車道","柏油","乾燥","良好","無號誌","無","寛式快慢車道分隔島(50公分以上)","有",35,"未使用",120.420189,23.479544,"嘉義市","西區"
"路口交岔撞","2021",10,11,23,"晴","夜間(或隧道、地下道、涵洞)有照明",50,"四岔路","交叉路口內","柏油","乾燥","良好","正常","無","未繪設快慢車道分隔線","無",26,"不明",120.165984,23.129403,"臺南市","佳里區"
"路口交岔撞","2021",10,11,23,"晴","夜間(或隧道、地下道、涵洞)有照明",50,"四岔路","交叉路口內","柏油","乾燥","良好","正常","無","未繪設快慢車道分隔線","無",23,"未使用",120.165984,23.129403,"臺南市","佳里區"
"其他","2021",10,12,2,"雨","夜間(或隧道、地下道、涵洞)有照明",40,"直路","一般車道(未劃分快慢車道)","柏油","濕潤","良好","無號誌","中央分向島","寛式快慢車道分隔島(50公分以上)","無",28,"未使用",120.622138,24.150255,"臺中市","南屯區"
"其他","2021",10,12,2,"雨","夜間(或隧道、地下道、涵洞)有照明",40,"直路","一般車道(未劃分快慢車道)","柏油","濕潤","良好","無號誌","中央分向島","寛式快慢車道分隔島(50公分以上)","無",29,"未使用",120.622138,24.150255,"臺中市","南屯區"
"其他","2021",10,12,2,"雨","夜間(或隧道、地下道、涵洞)有照明",40,"直路","一般車道(未劃分快慢車道)","柏油","濕潤","良好","無號誌","中央分向島","寛式快慢車道分隔島(50公分以上)","無",52,"非駕駛人",120.622138,24.150255,"臺中市","南屯區"
"穿越道路中","2021",10,12,10,"陰","日間自然光線",50,"直路","一般車道(未劃分快慢車道)","柏油","濕潤","良好","無號誌","雙向禁止超車線","未繪設快慢車道分隔線","有",52,"不明",121.339478,24.995613,"桃園市","龜山區"
"穿越道路中","2021",10,12,10,"陰","日間自然光線",50,"直路","一般車道(未劃分快慢車道)","柏油","濕潤","良好","無號誌","雙向禁止超車線","未繪設快慢車道分隔線","有",89,"不明",121.339478,24.995613,"桃園市","龜山區"
"側撞","2021",10,12,13,"雨","日間自然光線",30,"四岔路","交叉路口內","柏油","濕潤","良好","正常","雙向禁止超車線","未繪設快慢車道分隔線","有",55,"未使用",121.743497,24.666225,"宜蘭縣","冬山鄉"
"側撞","2021",10,12,13,"雨","日間自然光線",30,"四岔路","交叉路口內","柏油","濕潤","良好","正常","雙向禁止超車線","未繪設快慢車道分隔線","有",65,"未使用",121.743497,24.666225,"宜蘭縣","冬山鄉"
"側撞","2021",10,12,15,"陰","日間自然光線",50,"直路","一般車道(未劃分快慢車道)","柏油","濕潤","良好","無號誌","行車分向線","未繪設快慢車道分隔線","有",29,"未使用",120.479345,22.643118,"屏東縣","屏東市"
"側撞","2021",10,12,15,"陰","日間自然光線",50,"直路","一般車道(未劃分快慢車道)","柏油","濕潤","良好","無號誌","行車分向線","未繪設快慢車道分隔線","有",90,"未使用",120.479345,22.643118,"屏東縣","屏東市"
"路口交岔撞","2021",10,12,16,"晴","日間自然光線",50,"四岔路","交叉路口內","柏油","乾燥","良好","正常","無","未繪設快慢車道分隔線","無",60,"未使用",120.264756,23.416454,"嘉義縣","朴子市"
"路口交岔撞","2021",10,12,16,"晴","日間自然光線",50,"四岔路","交叉路口內","柏油","乾燥","良好","正常","無","未繪設快慢車道分隔線","無",58,"未使用",120.264756,23.416454,"嘉義縣","朴子市"
"其他","2021",10,12,16,"晴","日間自然光線",50,"四岔路","交叉路口內","柏油","乾燥","良好","正常","無","未繪設快慢車道分隔線","無",57,"不明",120.23552,23.78777,"雲林縣","麥寮鄉"
"其他","2021",10,12,16,"晴","日間自然光線",50,"四岔路","交叉路口內","柏油","乾燥","良好","正常","無","未繪設快慢車道分隔線","無",60,"不明",120.23552,23.78777,"雲林縣","麥寮鄉"
"對向通行中","2021",10,12,20,"晴","夜間(或隧道、地下道、涵洞)有照明",50,"三岔路","交叉口附近","柏油","乾燥","良好","正常","雙向禁止超車線","未繪設快慢車道分隔線","有",91,"非駕駛人",120.987198,24.898309,"新竹縣","新豐鄉"
"對向通行中","2021",10,12,20,"晴","夜間(或隧道、地下道、涵洞)有照明",50,"三岔路","交叉口附近","柏油","乾燥","良好","正常","雙向禁止超車線","未繪設快慢車道分隔線","有",57,"未使用",120.987198,24.898309,"新竹縣","新豐鄉"
"對撞","2021",10,13,9,"雨","日間自然光線",50,"直路","一般車道(未劃分快慢車道)","柏油","濕潤","良好","無號誌","無","未繪設快慢車道分隔線","有",46,"不明",121.503549,25.062759,"新北市","三重區"
"對撞","2021",10,13,9,"雨","日間自然光線",50,"直路","一般車道(未劃分快慢車道)","柏油","濕潤","良好","無號誌","無","未繪設快慢車道分隔線","有",38,"不明",121.503549,25.062759,"新北市","三重區"
"其他","2021",10,13,9,"雨","日間自然光線",50,"三岔路","交叉路口內","柏油","濕潤","良好","正常","中央分向島","快慢車道分隔線","有",23,"未使用",121.75395,24.740165,"宜蘭縣","宜蘭市"
"其他","2021",10,13,9,"雨","日間自然光線",50,"三岔路","交叉路口內","柏油","濕潤","良好","正常","中央分向島","快慢車道分隔線","有",81,"未使用",121.75395,24.740165,"宜蘭縣","宜蘭市"
"側撞","2021",10,13,18,"晴","夜間(或隧道、地下道、涵洞)有照明",50,"直路","一般車道(未劃分快慢車道)","柏油","乾燥","良好","無號誌","中央分向島","未繪設快慢車道分隔線","有",27,"未使用",121.41653,25.008372,"新北市","樹林區"
"側撞","2021",10,13,18,"晴","夜間(或隧道、地下道、涵洞)有照明",50,"直路","一般車道(未劃分快慢車道)","柏油","乾燥","良好","無號誌","中央分向島","未繪設快慢車道分隔線","有",65,"未使用",121.41653,25.008372,"新北市","樹林區"
"撞路樹、電桿","2021",10,14,10,"晴","日間自然光線",40,"直路","一般車道(未劃分快慢車道)","柏油","乾燥","良好","無號誌","無","未繪設快慢車道分隔線","有",50,"不明",120.560894,22.69464,"屏東縣","長治鄉"