"事故類型及型態子類別名稱","發生年度","發生月份","發生日期","發生時間","天候名稱","光線名稱","速限.第1當事者","道路型態子類別名稱","事故位置子類別名稱","路面狀況.路面鋪裝名稱","路面狀況.路面狀態名稱","道路障礙.視距品質名稱","號誌.號誌動作名稱","車道劃分設施.分向設施大類別名稱","車道劃分設施.分道設施.快慢車道間名稱","車道劃分設施.分道設施.路面邊線名稱","當事者事故發生時年齡","行動電話或電腦或其他相類功能裝置名稱","經度","緯度","縣市","鄉鎮"
"路口交岔撞","2021",10,14,12,"晴","日間自然光線",50,"四岔路","交叉路口內","柏油","乾燥","良好","正常","行車分向線","快慢車道分隔線","無",28,"未使用",120.30152,22.62716,"高雄市","左營區"
"路口交岔撞","2021",10,14,12,"晴","日間自然光線",50,"四岔路","交叉路口內","柏油","乾燥","良好","正常","行車分向線","快慢車道分隔線","無",41,"未使用",120.30152,22.62716,"高雄市","左營區"
"撞路樹、電桿","2021",10,14,12,"雨","日間自然光線",50,"直路","路肩、路緣","柏油","濕潤","良好","無號誌","雙向禁止超車線","快慢車道分隔線","有",54,"非駕駛人",121.306648,22.972231,"臺東縣","東河鄉"
"撞路樹、電桿","2021",10,14,12,"雨","日間自然光線",50,"直路","路肩、路緣","柏油","濕潤","良好","無號誌","雙向禁止超車線","快慢車道分隔線","有",29,"非駕駛人",121.306648,22.972231,"臺東縣","東河鄉"
"撞路樹、電桿","2021",10,14,12,"雨","日間自然光線",50,"直路","路肩、路緣","柏油","濕潤","良好","無號誌","雙向禁止超車線","快慢車道分隔線","有",2,"非駕駛人",121.306648,22.972231,"臺東縣","東河鄉"
"撞路樹、電桿","2021",10,14,12,"雨","日間自然光線",50,"直路","路肩、路緣","柏油","濕潤","良好","無號誌","雙向禁止超車線","快慢車道分隔線","有",1,"非駕駛人",121.306648,22.972231,"臺東縣","東河鄉"
"撞路樹、電桿","2021",10,14,12,"雨","日間自然光線",50,"直路","路肩、路緣","柏油","濕潤","良好","無號誌","雙向禁止超車線","快慢車道分隔線","有",53,"未使用",121.306648,22.972231,"臺東縣","東河鄉"
"追撞","2021",10,14,15,"晴","日間自然光線",40,"彎曲路及附近","機車專用道","柏油","乾燥","良好","無號誌","無","未繪設快慢車道分隔線","無",46,"未使用",120.326288,22.584131,"高雄市","前鎮區"
"追撞","2021",10,14,15,"晴","日間自然光線",40,"彎曲路及附近","機車專用道","柏油","乾燥","良好","無號誌","無","未繪設快慢車道分隔線","無",35,"未使用",120.326288,22.584131,"高雄市","前鎮區"
"同向擦撞","2021",10,14,15,"雨","日間自然光線",50,"四岔路","交叉路口內","柏油","濕潤","良好","正常","無","未繪設快慢車道分隔線","無",70,"未使用",120.395013,22.608236,"高雄市","大寮區"
"同向擦撞","2021",10,14,15,"雨","日間自然光線",50,"四岔路","交叉路口內","柏油","濕潤","良好","正常","無","未繪設快慢車道分隔線","無",63,"未使用",120.395013,22.608236,"高雄市","大寮區"
"同向擦撞","2021",10,14,15,"雨","日間自然光線",50,"四岔路","交叉路口內","柏油","濕潤","良好","正常","無","未繪設快慢車道分隔線","無",44,"未使用",120.395013,22.608236,"高雄市","大寮區"
"側撞","2021",10,14,17,"雨","夜間(或隧道、地下道、涵洞)有照明",50,"三岔路","交叉路口內","柏油","濕潤","良好","正常","無","未繪設快慢車道分隔線","無",20,"未使用",120.763122,24.199312,"臺中市","北屯區"
"側撞","2021",10,14,17,"雨","夜間(或隧道、地下道、涵洞)有照明",50,"三岔路","交叉路口內","柏油","濕潤","良好","正常","無","未繪設快慢車道分隔線","無",35,"未使用",120.763122,24.199312,"臺中市","北屯區"
"追撞","2021",10,14,22,"晴","夜間(或隧道、地下道、涵洞)有照明",50,"高架道路","一般車道(未劃分快慢車道)","柏油","乾燥","良好","無號誌","行車分向線","未繪設快慢車道分隔線","無",55,"未使用",121.512047,25.04988,"臺北市","大同區"
"追撞","2021",10,14,22,"晴","夜間(或隧道、地下道、涵洞)有照明",50,"高架道路","一般車道(未劃分快慢車道)","柏油","乾燥","良好","無號誌","行車分向線","未繪設快慢車道分隔線","無",65,"非駕駛人",121.512047,25.04988,"臺北市","大同區"
"追撞","2021",10,14,22,"晴","夜間(或隧道、地下道、涵洞)有照明",50,"高架道路","一般車道(未劃分快慢車道)","柏油","乾燥","良好","無號誌","行車分向線","未繪設快慢車道分隔線","無",38,"未使用",121.512047,25.04988,"臺北市","大同區"
"追撞","2021",10,14,22,"晴","夜間(或隧道、地下道、涵洞)有照明",50,"高架道路","一般車道(未劃分快慢車道)","柏油","乾燥","良好","無號誌","行車分向線","未繪設快慢車道分隔線","無",56,"未使用",121.512047,25.04988,"臺北市","大同區"
"追撞","2021",10,14,22,"晴","夜間(或隧道、地下道、涵洞)有照明",50,"高架道路","一般車道(未劃分快慢車道)","柏油","乾燥","良好","無號誌","行車分向線","未繪設快慢車道分隔線","無",51,"未使用",121.512047,25.04988,"臺北市","大同區"
"側撞","2021",10,15,6,"晴","日間自然光線",60,"四岔路","交叉路口內","柏油","乾燥","良好","無號誌","無","未繪設快慢車道分隔線","無",25,"未使用",121.075252,22.713069,"臺東縣","臺東市"
"側撞","2021",10,15,6,"晴","日間自然光線",60,"四岔路","交叉路口內","柏油","乾燥","良好","無號誌","無","未繪設快慢車道分隔線","無",92,"未使用",121.075252,22.713069,"臺東縣","臺東市"
"路上翻車、摔倒","2021",10,15,11,"晴","日間自然光線",50,"直路","路肩、路緣","柏油","乾燥","良好","無號誌","行車分向線","未繪設快慢車道分隔線","有",80,"未使用",120.489229,22.580037,"屏東縣","萬丹鄉"
"穿越道路中","2021",10,15,13,"晴","日間自然光線",50,"直路","一般車道(未劃分快慢車道)","柏油","乾燥","良好","無號誌","雙向禁止超車線","未繪設快慢車道分隔線","有",57,"未使用",121.754532,25.127795,"基隆市","信義區"
"穿越道路中","2021",10,15,13,"晴","日間自然光線",50,"直路","一般車道(未劃分快慢車道)","柏油","乾燥","良好","無號誌","雙向禁止超車線","未繪設快慢車道分隔線","有",91,"非駕駛人",121.754532,25.127795,"基隆市","信義區"
"穿越道路中","2021",10,15,17,"晴","夜間(或隧道、地下道、涵洞)有照明",50,"直路","一般車道(未劃分快慢車道)","柏油","乾燥","良好","無號誌","雙向禁止超車線","未繪設快慢車道分隔線","有",57,"非駕駛人",120.39145,22.503309,"高雄市","林園區"
"穿越道路中","2021",10,15,17,"晴","夜間(或隧道、地下道、涵洞)有照明",50,"直路","一般車道(未劃分快慢車道)","柏油","乾燥","良好","無號誌","雙向禁止超車線","未繪設快慢車道分隔線","有",31,"未使用",120.39145,22.503309,"高雄市","林園區"
"穿越道路中","2021",10,16,7,"晴","日間自然光線",50,"直路","快車道","柏油","乾燥","良好","無號誌","雙向禁止超車線","快慢車道分隔線","有",16,"未使用",120.827059,24.260567,"臺中市","東勢區"
"穿越道路中","2021",10,16,7,"晴","日間自然光線",50,"直路","快車道","柏油","乾燥","良好","無號誌","雙向禁止超車線","快慢車道分隔線","有",98,"非駕駛人",120.827059,24.260567,"臺中市","東勢區"
"側撞","2021",10,16,8,"晴","日間自然光線",50,"三岔路","交叉路口內","柏油","乾燥","良好","正常","無","未繪設快慢車道分隔線","無",54,"未使用",121.359001,25.051598,"桃園市","龜山區"
"側撞","2021",10,16,8,"晴","日間自然光線",50,"三岔路","交叉路口內","柏油","乾燥","良好","正常","無","未繪設快慢車道分隔線","無",46,"未使用",121.359001,25.051598,"桃園市","龜山區"
"側撞","2021",10,16,8,"晴","日間自然光線",50,"三岔路","交叉路口內","柏油","乾燥","良好","正常","無","未繪設快慢車道分隔線","無",69,"非駕駛人",121.359001,25.051598,"桃園市","龜山區"
"側撞","2021",10,16,8,"晴","日間自然光線",50,"三岔路","交叉路口內","柏油","乾燥","良好","正常","無","未繪設快慢車道分隔線","無",71,"非駕駛人",121.359001,25.051598,"桃園市","龜山區"
"側撞","2021",10,16,8,"晴","日間自然光線",50,"三岔路","交叉路口內","柏油","乾燥","良好","正常","無","未繪設快慢車道分隔線","無",17,"非駕駛人",121.359001,25.051598,"桃園市","龜山區"
"側撞","2021",10,16,8,"晴","日間自然光線",50,"三岔路","交叉路口內","柏油","乾燥","良好","正常","無","未繪設快慢車道分隔線","無",18,"非駕駛人",121.359001,25.051598,"桃園市","龜山區"
"路口交岔撞","2021",10,16,8,"晴","日間自然光線",30,"多岔路","交叉路口內","柏油","乾燥","良好","無號誌","無","快慢車道分隔線","無",84,"未使用",120.576933,24.221804,"臺中市","沙鹿區"
"路口交岔撞","2021",10,16,8,"晴","日間自然光線",30,"多岔路","交叉路口內","柏油","乾燥","良好","無號誌","無","快慢車道分隔線","無",21,"未使用",120.576933,24.221804,"臺中市","沙鹿區"
"追撞","2021",10,16,16,"晴","日間自然光線",50,"四岔路","路肩、路緣","柏油","乾燥","良好","正常","中央分向島","未繪設快慢車道分隔線","有",66,"不明",120.499775,24.034304,"彰化縣","秀水鄉"
"追撞","2021",10,16,16,"晴","日間自然光線",50,"四岔路","路肩、路緣","柏油","乾燥","良好","正常","中央分向島","未繪設快慢車道分隔線","有",55,"不明",120.499775,24.034304,"彰化縣","秀水鄉"
"追撞","2021",10,16,16,"晴","日間自然光線",50,"四岔路","路肩、路緣","柏油","乾燥","良好","正常","中央分向島","未繪設快慢車道分隔線","有",41,"不明",120.499775,24.034304,"彰化縣","秀水鄉"
"追撞","2021",10,16,16,"晴","日間自然光線",50,"四岔路","路肩、路緣","柏油","乾燥","良好","正常","中央分向島","未繪設快慢車道分隔線","有",21,"不明",120.499775,24.034304,"彰化縣","秀水鄉"
"側撞","2021",10,16,18,"雨","夜間(或隧道、地下道、涵洞)有照明",40,"直路","一般車道(未劃分快慢車道)","柏油","濕潤","良好","無號誌","中央分向島","未繪設快慢車道分隔線","有",46,"不明",121.405487,25.149847,"新北市","八里區"
"側撞","2021",10,16,18,"雨","夜間(或隧道、地下道、涵洞)有照明",40,"直路","一般車道(未劃分快慢車道)","柏油","濕潤","良好","無號誌","中央分向島","未繪設快慢車道分隔線","有",58,"不明",121.405487,25.149847,"新北市","八里區"
"同向通行中","2021",10,16,18,"晴","夜間(或隧道、地下道、涵洞)有照明",60,"直路","慢車道","柏油","乾燥","良好","無號誌","行車分向線","快慢車道分隔線","有",54,"未使用",121.320216,23.336378,"花蓮縣","玉里鎮"
"同向通行中","2021",10,16,18,"晴","夜間(或隧道、地下道、涵洞)有照明",60,"直路","慢車道","柏油","乾燥","良好","無號誌","行車分向線","快慢車道分隔線","有",45,"非駕駛人",121.320216,23.336378,"花蓮縣","玉里鎮"
"穿越道路中","2021",10,16,21,"晴","夜間(或隧道、地下道、涵洞)有照明",40,"直路","慢車道","柏油","乾燥","良好","正常","中央分向島","寛式快慢車道分隔島(50公分以上)","有",16,"非駕駛人",120.580667,24.217177,"臺中市","沙鹿區"
"穿越道路中","2021",10,16,21,"晴","夜間(或隧道、地下道、涵洞)有照明",40,"直路","慢車道","柏油","乾燥","良好","正常","中央分向島","寛式快慢車道分隔島(50公分以上)","有",34,"未使用",120.580667,24.217177,"臺中市","沙鹿區"
"側撞","2021",10,16,22,"晴","夜間(或隧道、地下道、涵洞)無照明",50,"四岔路","交叉路口內","柏油","乾燥","不良","無號誌","雙向禁止超車線","未繪設快慢車道分隔線","有",54,"未使用",120.891702,24.173629,"臺中市","和平區"
"側撞","2021",10,16,22,"晴","夜間(或隧道、地下道、涵洞)無照明",50,"四岔路","交叉路口內","柏油","乾燥","不良","無號誌","雙向禁止超車線","未繪設快慢車道分隔線","有",29,"未使用",120.891702,24.173629,"臺中市","和平區"
"側撞","2021",10,17,4,"陰","夜間(或隧道、地下道、涵洞)有照明",40,"三岔路","交叉路口內","柏油","乾燥","良好","正常","中央分向島","寛式快慢車道分隔島(50公分以上)","無",26,"不明",121.439864,25.081941,"新北市","五股區"
"側撞","2021",10,17,4,"陰","夜間(或隧道、地下道、涵洞)有照明",40,"三岔路","交叉路口內","柏油","乾燥","良好","正常","中央分向島","寛式快慢車道分隔島(50公分以上)","無",27,"不明",121.439864,25.081941,"新北市","五股區"
"側撞","2021",10,17,4,"陰","夜間(或隧道、地下道、涵洞)有照明",40,"三岔路","交叉路口內","柏油","乾燥","良好","正常","中央分向島","寛式快慢車道分隔島(50公分以上)","無",25,"非駕駛人",121.439864,25.081941,"新北市","五股區"
"路口交岔撞","2021",10,17,12,"晴","日間自然光線",50,"多岔路","交叉路口內","柏油","乾燥","良好","無號誌","行車分向線","快慢車道分隔線","有",78,"非駕駛人",120.503183,22.741311,"屏東縣","九如鄉"
"路口交岔撞","2021",10,17,12,"晴","日間自然光線",50,"多岔路","交叉路口內","柏油","乾燥","良好","無號誌","行車分向線","快慢車道分隔線","有",57,"未使用",120.503183,22.741311,"屏東縣","九如鄉"
"路口交岔撞","2021",10,17,12,"晴","日間自然光線",50,"多岔路","交叉路口內","柏油","乾燥","良好","無號誌","行車分向線","快慢車道分隔線","有",78,"未使用",120.503183,22.741311,"屏東縣","九如鄉"
"同向擦撞","2021",10,17,14,"晴","日間自然光線",60,"直路","慢車道","柏油","乾燥","良好","無號誌","行車分向線","快慢車道分隔線","有",61,"未使用",120.747848,21.989901,"屏東縣","恆春鎮"
"同向擦撞","2021",10,17,14,"晴","日間自然光線",60,"直路","慢車道","柏油","乾燥","良好","無號誌","行車分向線","快慢車道分隔線","有",31,"未使用",120.747848,21.989901,"屏東縣","恆春鎮"
"撞護欄(樁)","2021",10,17,21,"雨","夜間(或隧道、地下道、涵洞)有照明",50,"直路","直線匝道","柏油","濕潤","良好","無號誌","無","未繪設快慢車道分隔線","有",51,"不明",121.611768,25.030421,"臺北市","南港區"
"撞護欄(樁)","2021",10,17,21,"雨","夜間(或隧道、地下道、涵洞)有照明",50,"直路","直線匝道","柏油","濕潤","良好","無號誌","無","未繪設快慢車道分隔線","有",30,"未使用",121.611768,25.030421,"臺北市","南港區"
"撞護欄(樁)","2021",10,17,21,"雨","夜間(或隧道、地下道、涵洞)有照明",50,"直路","直線匝道","柏油","濕潤","良好","無號誌","無","未繪設快慢車道分隔線","有",61,"非駕駛人",121.611768,25.030421,"臺北市","南港區"
"衝出路外","2021",10,17,22,"晴","夜間(或隧道、地下道、涵洞)有照明",50,"彎曲路及附近","路肩、路緣","柏油","乾燥","良好","無號誌","行車分向線","未繪設快慢車道分隔線","有",50,"未使用",121.029653,24.930521,"新竹縣","新豐鄉"
"路口交岔撞","2021",10,18,6,"雨","日間自然光線",50,"四岔路","交叉路口內","柏油","濕潤","良好","無號誌","無","未繪設快慢車道分隔線","無",27,"未使用",121.691874,24.687229,"宜蘭縣","三星鄉"
"路口交岔撞","2021",10,18,6,"雨","日間自然光線",50,"四岔路","交叉路口內","柏油","濕潤","良好","無號誌","無","未繪設快慢車道分隔線","無",30,"未使用",121.691874,24.687229,"宜蘭縣","三星鄉"
"側撞","2021",10,18,7,"晴","日間自然光線",50,"直路","一般車道(未劃分快慢車道)","柏油","乾燥","良好","無號誌","行車分向線","未繪設快慢車道分隔線","有",68,"未使用",120.561225,23.7444,"雲林縣","斗六市"
"側撞","2021",10,18,7,"晴","日間自然光線",50,"直路","一般車道(未劃分快慢車道)","柏油","乾燥","良好","無號誌","行車分向線","未繪設快慢車道分隔線","有",36,"未使用",120.561225,23.7444,"雲林縣","斗六市"
"同向擦撞","2021",10,18,8,"晴","日間自然光線",60,"直路","快車道","柏油","乾燥","良好","無號誌","中央分向島","快慢車道分隔線","有",19,"未使用",120.680031,24.104368,"臺中市","大里區"
"同向擦撞","2021",10,18,8,"晴","日間自然光線",60,"直路","快車道","柏油","乾燥","良好","無號誌","中央分向島","快慢車道分隔線","有",34,"未使用",120.680031,24.104368,"臺中市","大里區"
"撞號誌、標誌桿","2021",10,18,10,"晴","日間自然光線",40,"四岔路","交叉口附近","柏油","乾燥","良好","正常","雙向禁止超車線","未繪設快慢車道分隔線","有",19,"未使用",120.347967,22.900887,"臺南市","關廟區"
"側撞","2021",10,18,11,"晴","日間自然光線",50,"四岔路","交叉路口內","柏油","乾燥","良好","正常","無","未繪設快慢車道分隔線","無",80,"未使用",120.238899,23.115293,"臺南市","安定區"
"側撞","2021",10,18,11,"晴","日間自然光線",50,"四岔路","交叉路口內","柏油","乾燥","良好","正常","無","未繪設快慢車道分隔線","無",28,"未使用",120.238899,23.115293,"臺南市","安定區"
"側撞","2021",10,18,12,"晴","日間自然光線",50,"直路","一般車道(未劃分快慢車道)","柏油","乾燥","良好","無號誌","雙向禁止超車線","未繪設快慢車道分隔線","有",41,"不明",120.279602,22.784128,"高雄市","岡山區"
"側撞","2021",10,18,12,"晴","日間自然光線",50,"直路","一般車道(未劃分快慢車道)","柏油","乾燥","良好","無號誌","雙向禁止超車線","未繪設快慢車道分隔線","有",74,"不明",120.279602,22.784128,"高雄市","岡山區"
"側撞","2021",10,18,12,"晴","日間自然光線",50,"直路","一般車道(未劃分快慢車道)","柏油","乾燥","良好","無號誌","雙向禁止超車線","未繪設快慢車道分隔線","有",54,"不明",120.279602,22.784128,"高雄市","岡山區"
"側撞","2021",10,18,12,"晴","日間自然光線",50,"直路","一般車道(未劃分快慢車道)","柏油","乾燥","良好","無號誌","雙向禁止超車線","未繪設快慢車道分隔線","有",39,"非駕駛人",120.279602,22.784128,"高雄市","岡山區"
"側撞","2021",10,18,12,"晴","日間自然光線",50,"直路","一般車道(未劃分快慢車道)","柏油","乾燥","良好","無號誌","雙向禁止超車線","未繪設快慢車道分隔線","有",20,"未使用",120.279602,22.784128,"高雄市","岡山區"
"側撞","2021",10,18,14,"晴","日間自然光線",70,"直路","一般車道(未劃分快慢車道)","柏油","乾燥","良好","無號誌","雙向禁止超車線","未繪設快慢車道分隔線","有",74,"未使用",120.46297,22.521608,"屏東縣","新園鄉"
"側撞","2021",10,18,14,"晴","日間自然光線",70,"直路","一般車道(未劃分快慢車道)","柏油","乾燥","良好","無號誌","雙向禁止超車線","未繪設快慢車道分隔線","有",25,"未使用",120.46297,22.521608,"屏東縣","新園鄉"
"對撞","2021",10,18,15,"晴","日間自然光線",50,"直路","一般車道(未劃分快慢車道)","柏油","乾燥","良好","無號誌","雙向禁止超車線","未繪設快慢車道分隔線","有",20,"未使用",120.569,22.87909,"高雄市","美濃區"
"對撞","2021",10,18,15,"晴","日間自然光線",50,"直路","一般車道(未劃分快慢車道)","柏油","乾燥","良好","無號誌","雙向禁止超車線","未繪設快慢車道分隔線","有",59,"未使用",120.569,22.87909,"高雄市","美濃區"
"路口交岔撞","2021",10,19,6,"晴","日間自然光線",50,"三岔路","交叉路口內","柏油","乾燥","良好","正常","中央分向島","寛式快慢車道分隔島(50公分以上)","無",67,"未使用",120.351878,22.613492,"高雄市","鳳山區"
"路口交岔撞","2021",10,19,6,"晴","日間自然光線",50,"三岔路","交叉路口內","柏油","乾燥","良好","正常","中央分向島","寛式快慢車道分隔島(50公分以上)","無",27,"未使用",120.351878,22.613492,"高雄市","鳳山區"
"路口交岔撞","2021",10,19,7,"晴","日間自然光線",30,"四岔路","交叉路口內","柏油","乾燥","良好","無號誌","無","未繪設快慢車道分隔線","無",28,"未使用",120.300771,22.691614,"高雄市","左營區"
"路口交岔撞","2021",10,19,7,"晴","日間自然光線",30,"四岔路","交叉路口內","柏油","乾燥","良好","無號誌","無","未繪設快慢車道分隔線","無",43,"未使用",120.300771,22.691614,"高雄市","左營區"
"同向擦撞","2021",10,19,8,"晴","日間自然光線",50,"三岔路","交叉口附近","柏油","乾燥","良好","無號誌","行車分向線","未繪設快慢車道分隔線","有",28,"未使用",121.162051,24.989381,"桃園市","觀音區"
"同向擦撞","2021",10,19,8,"晴","日間自然光線",50,"三岔路","交叉口附近","柏油","乾燥","良好","無號誌","行車分向線","未繪設快慢車道分隔線","有",59,"未使用",121.162051,24.989381,"桃園市","觀音區"
"其他","2021",10,19,9,"晴","日間自然光線",50,"直路","一般車道(未劃分快慢車道)","柏油","乾燥","良好","無號誌","雙向禁止超車線","未繪設快慢車道分隔線","無",41,"不明",121.516991,25.005887,"新北市","永和區"
"其他","2021",10,19,9,"晴","日間自然光線",50,"直路","一般車道(未劃分快慢車道)","柏油","乾燥","良好","無號誌","雙向禁止超車線","未繪設快慢車道分隔線","無",56,"不明",121.516991,25.005887,"新北市","永和區"
"其他","2021",10,19,9,"晴","日間自然光線",50,"直路","一般車道(未劃分快慢車道)","柏油","乾燥","良好","無號誌","雙向禁止超車線","未繪設快慢車道分隔線","無",42,"不明",121.516991,25.005887,"新北市","永和區"
"其他","2021",10,19,9,"晴","日間自然光線",50,"直路","一般車道(未劃分快慢車道)","柏油","乾燥","良好","無號誌","雙向禁止超車線","未繪設快慢車道分隔線","無",27,"不明",121.516991,25.005887,"新北市","永和區"
"對撞","2021",10,19,16,"晴","日間自然光線",110,"直路","快車道","柏油","乾燥","良好","無號誌","中央分向島","未繪設快慢車道分隔線","有",52,"不明",120.286667,23.301615,"臺南市","新營區"
"對撞","2021",10,19,16,"晴","日間自然光線",110,"直路","快車道","柏油","乾燥","良好","無號誌","中央分向島","未繪設快慢車道分隔線","有",42,"未使用",120.286667,23.301615,"臺南市","新營區"
"對撞","2021",10,19,16,"晴","日間自然光線",110,"直路","快車道","柏油","乾燥","良好","無號誌","中央分向島","未繪設快慢車道分隔線","有",44,"未使用",120.286667,23.301615,"臺南市","新營區"
"對撞","2021",10,19,16,"晴","日間自然光線",110,"直路","快車道","柏油","乾燥","良好","無號誌","中央分向島","未繪設快慢車道分隔線","有",40,"未使用",120.286667,23.301615,"臺南市","新營區"
"撞路樹、電桿","2021",10,20,0,"晴","夜間(或隧道、地下道、涵洞)有照明",40,"直路","慢車道","柏油","乾燥","良好","無號誌","中央分向島","寛式快慢車道分隔島(50公分以上)","無",18,"未使用",120.643714,24.194534,"臺中市","西屯區"
"路口交岔撞","2021",10,20,6,"晴","日間自然光線",30,"四岔路","交叉路口內","柏油","乾燥","良好","無號誌","無","未繪設快慢車道分隔線","無",75,"不明",120.331446,23.756988,"雲林縣","崙背鄉"
"路口交岔撞","2021",10,20,6,"晴","日間自然光線",30,"四岔路","交叉路口內","柏油","乾燥","良好","無號誌","無","未繪設快慢車道分隔線","無",36,"不明",120.331446,23.756988,"雲林縣","崙背鄉"
"對撞","2021",10,20,11,"晴","日間自然光線",50,"彎曲路及附近","一般車道(未劃分快慢車道)","柏油","乾燥","良好","無號誌","無","未繪設快慢車道分隔線","無",45,"未使用",120.325,22.76248,"高雄市","橋頭區"
"對撞","2021",10,20,11,"晴","日間自然光線",50,"彎曲路及附近","一般車道(未劃分快慢車道)","柏油","乾燥","良好","無號誌","無","未繪設快慢車道分隔線","無",41,"未使用",120.325,22.76248,"高雄市","橋頭區"
"穿越道路中","2021",10,20,12,"晴","日間自然光線",50,"三岔路","一般車道(未劃分快慢車道)","柏油","乾燥","良好","無號誌","雙向禁止超車線","未繪設快慢車道分隔線","有",31,"未使用",120.347577,23.906556,"彰化縣","竹塘鄉"
"穿越道路中","2021",10,20,12,"晴","日間自然光線",50,"三岔路","一般車道(未劃分快慢車道)","柏油","乾燥","良好","無號誌","雙向禁止超車線","未繪設快慢車道分隔線","有",84,"未使用",120.347577,23.906556,"彰化縣","竹塘鄉"
"穿越道路中","2021",10,21,6,"晴","日間自然光線",50,"三岔路","交叉路口內","柏油","乾燥","良好","無號誌","中央分向島","未繪設快慢車道分隔線","有",76,"不明",121.364905,25.075989,"新北市","林口區"
"穿越道路中","2021",10,21,6,"晴","日間自然光線",50,"三岔路","交叉路口內","柏油","乾燥","良好","無號誌","中央分向島","未繪設快慢車道分隔線","有",71,"非駕駛人",121.364905,25.075989,"新北市","林口區"
"側撞","2021",10,21,6,"晴","日間自然光線",70,"四岔路","交叉路口內","柏油","乾燥","良好","無號誌","中央分向島","快慢車道分隔線","有",65,"未使用",120.316866,23.677566,"雲林縣","元長鄉"
"側撞","2021",10,21,6,"晴","日間自然光線",70,"四岔路","交叉路口內","柏油","乾燥","良好","無號誌","中央分向島","快慢車道分隔線","有",41,"未使用",120.316866,23.677566,"雲林縣","元長鄉"
"追撞","2021",10,21,14,"晴","日間自然光線",60,"三岔路","交叉口附近","柏油","乾燥","良好","正常","雙向禁止超車線","未繪設快慢車道分隔線","有",42,"未使用",120.249684,22.942994,"臺南市","仁德區"
"追撞","2021",10,21,14,"晴","日間自然光線",60,"三岔路","交叉口附近","柏油","乾燥","良好","正常","雙向禁止超車線","未繪設快慢車道分隔線","有",34,"未使用",120.249684,22.942994,"臺南市","仁德區"
"側撞","2021",10,22,7,"晴","日間自然光線",50,"三岔路","交叉路口內","柏油","乾燥","良好","正常","中央分向島","窄式快慢車道分隔島(附柵欄)","無",22,"未使用",120.3354,22.70631,"高雄市","仁武區"
"側撞","2021",10,22,7,"晴","日間自然光線",50,"三岔路","交叉路口內","柏油","乾燥","良好","正常","中央分向島","窄式快慢車道分隔島(附柵欄)","無",52,"非駕駛人",120.3354,22.70631,"高雄市","仁武區"
"側撞","2021",10,22,7,"晴","日間自然光線",50,"三岔路","交叉路口內","柏油","乾燥","良好","正常","中央分向島","窄式快慢車道分隔島(附柵欄)","無",44,"未使用",120.3354,22.70631,"高雄市","仁武區"
"穿越道路中","2021",10,22,19,"雨","夜間(或隧道、地下道、涵洞)有照明",50,"直路","一般車道(未劃分快慢車道)","柏油","濕潤","良好","無號誌","雙向禁止超車線","未繪設快慢車道分隔線","無",27,"未使用",121.606013,25.054957,"臺北市","南港區"
"穿越道路中","2021",10,22,19,"雨","夜間(或隧道、地下道、涵洞)有照明",50,"直路","一般車道(未劃分快慢車道)","柏油","濕潤","良好","無號誌","雙向禁止超車線","未繪設快慢車道分隔線","無",68,"非駕駛人",121.606013,25.054957,"臺北市","南港區"
"衝出路外","2021",10,23,5,"晴","日間自然光線",30,"三岔路","交叉口附近","柏油","乾燥","良好","無號誌","無","未繪設快慢車道分隔線","無",83,"不明",120.376295,23.87354,"彰化縣","二林鎮"
"衝出路外","2021",10,23,11,"晴","日間自然光線",50,"直路","路肩、路緣","柏油","乾燥","良好","無號誌","雙向禁止超車線","未繪設快慢車道分隔線","有",72,"未使用",120.197731,23.183823,"臺南市","佳里區"
"衝出路外","2021",10,23,11,"晴","日間自然光線",50,"直路","路肩、路緣","柏油","乾燥","良好","無號誌","雙向禁止超車線","未繪設快慢車道分隔線","有",57,"未使用",120.197731,23.183823,"臺南市","佳里區"
"對向擦撞","2021",10,23,14,"晴","日間自然光線",50,"彎曲路及附近","一般車道(未劃分快慢車道)","柏油","乾燥","良好","無號誌","雙向禁止超車線","未繪設快慢車道分隔線","有",36,"未使用",120.66322,23.007248,"高雄市","六龜區"
"對向擦撞","2021",10,23,14,"晴","日間自然光線",50,"彎曲路及附近","一般車道(未劃分快慢車道)","柏油","乾燥","良好","無號誌","雙向禁止超車線","未繪設快慢車道分隔線","有",38,"未使用",120.66322,23.007248,"高雄市","六龜區"