"事故類型及型態子類別名稱","發生年度","發生月份","發生日期","發生時間","天候名稱","光線名稱","速限.第1當事者","道路型態子類別名稱","事故位置子類別名稱","路面狀況.路面鋪裝名稱","路面狀況.路面狀態名稱","道路障礙.視距品質名稱","號誌.號誌動作名稱","車道劃分設施.分向設施大類別名稱","車道劃分設施.分道設施.快慢車道間名稱","車道劃分設施.分道設施.路面邊線名稱","當事者事故發生時年齡","行動電話或電腦或其他相類功能裝置名稱","經度","緯度","縣市","鄉鎮"
"路上翻車、摔倒","2021",10,23,16,"晴","日間自然光線",30,"直路","一般車道(未劃分快慢車道)","柏油","乾燥","良好","無號誌","無","未繪設快慢車道分隔線","有",67,"未使用",120.433979,24.056919,"彰化縣","福興鄉"
"其他","2021",10,23,22,"晴","夜間(或隧道、地下道、涵洞)有照明",40,"直路","慢車道","柏油","乾燥","良好","無號誌","中央分向島","快慢車道分隔線","無",21,"未使用",120.662764,24.187451,"臺中市","北屯區"
"其他","2021",10,23,22,"晴","夜間(或隧道、地下道、涵洞)有照明",40,"直路","慢車道","柏油","乾燥","良好","無號誌","中央分向島","快慢車道分隔線","無",33,"不明",120.662764,24.187451,"臺中市","北屯區"
"追撞","2021",10,24,2,"晴","夜間(或隧道、地下道、涵洞)有照明",50,"直路","慢車道","柏油","乾燥","良好","無號誌","中央分向島","快慢車道分隔線","有",32,"未使用",120.529747,22.647703,"屏東縣","麟洛鄉"
"追撞","2021",10,24,2,"晴","夜間(或隧道、地下道、涵洞)有照明",50,"直路","慢車道","柏油","乾燥","良好","無號誌","中央分向島","快慢車道分隔線","有",75,"不明",120.529747,22.647703,"屏東縣","麟洛鄉"
"側撞","2021",10,24,12,"晴","日間自然光線",50,"三岔路","交叉路口內","柏油","乾燥","良好","正常","中央分向島","快慢車道分隔線","有",20,"未使用",120.449126,22.653973,"屏東縣","屏東市"
"側撞","2021",10,24,12,"晴","日間自然光線",50,"三岔路","交叉路口內","柏油","乾燥","良好","正常","中央分向島","快慢車道分隔線","有",25,"未使用",120.449126,22.653973,"屏東縣","屏東市"
"側撞","2021",10,24,12,"晴","日間自然光線",50,"三岔路","交叉路口內","柏油","乾燥","良好","正常","中央分向島","快慢車道分隔線","有",15,"非駕駛人",120.449126,22.653973,"屏東縣","屏東市"
"衝出路外","2021",10,24,15,"晴","夜間(或隧道、地下道、涵洞)有照明",25,"隧道","一般車道(未劃分快慢車道)","柏油","乾燥","良好","無號誌","雙向禁止超車線","未繪設快慢車道分隔線","有",83,"非駕駛人",120.606572,23.437138,"嘉義縣","番路鄉"
"衝出路外","2021",10,24,15,"晴","夜間(或隧道、地下道、涵洞)有照明",25,"隧道","一般車道(未劃分快慢車道)","柏油","乾燥","良好","無號誌","雙向禁止超車線","未繪設快慢車道分隔線","有",43,"未使用",120.606572,23.437138,"嘉義縣","番路鄉"
"衝出路外","2021",10,24,15,"晴","夜間(或隧道、地下道、涵洞)有照明",25,"隧道","一般車道(未劃分快慢車道)","柏油","乾燥","良好","無號誌","雙向禁止超車線","未繪設快慢車道分隔線","有",76,"非駕駛人",120.606572,23.437138,"嘉義縣","番路鄉"
"衝出路外","2021",10,24,15,"晴","夜間(或隧道、地下道、涵洞)有照明",25,"隧道","一般車道(未劃分快慢車道)","柏油","乾燥","良好","無號誌","雙向禁止超車線","未繪設快慢車道分隔線","有",64,"非駕駛人",120.606572,23.437138,"嘉義縣","番路鄉"
"衝出路外","2021",10,24,15,"晴","夜間(或隧道、地下道、涵洞)有照明",25,"隧道","一般車道(未劃分快慢車道)","柏油","乾燥","良好","無號誌","雙向禁止超車線","未繪設快慢車道分隔線","有",44,"非駕駛人",120.606572,23.437138,"嘉義縣","番路鄉"
"對向通行中","2021",10,24,17,"晴","夜間(或隧道、地下道、涵洞)有照明",50,"直路","一般車道(未劃分快慢車道)","柏油","乾燥","良好","無號誌","雙向禁止超車線","未繪設快慢車道分隔線","有",45,"不明",120.915416,24.688109,"苗栗縣","頭份市"
"對向通行中","2021",10,24,17,"晴","夜間(或隧道、地下道、涵洞)有照明",50,"直路","一般車道(未劃分快慢車道)","柏油","乾燥","良好","無號誌","雙向禁止超車線","未繪設快慢車道分隔線","有",89,"不明",120.915416,24.688109,"苗栗縣","頭份市"
"其他","2021",10,24,22,"陰","夜間(或隧道、地下道、涵洞)有照明",50,"地下道","機車專用道","柏油","乾燥","良好","無號誌","單向禁止超車線","寛式快慢車道分隔島(50公分以上)","有",56,"未使用",120.538669,23.708815,"雲林縣","斗六市"
"其他","2021",10,24,22,"陰","夜間(或隧道、地下道、涵洞)有照明",50,"地下道","機車專用道","柏油","乾燥","良好","無號誌","單向禁止超車線","寛式快慢車道分隔島(50公分以上)","有",60,"未使用",120.538669,23.708815,"雲林縣","斗六市"
"路口交岔撞","2021",10,25,8,"晴","日間自然光線",30,"四岔路","交叉路口內","柏油","乾燥","良好","無號誌","無","未繪設快慢車道分隔線","有",60,"未使用",120.413158,22.616953,"高雄市","大寮區"
"路口交岔撞","2021",10,25,8,"晴","日間自然光線",30,"四岔路","交叉路口內","柏油","乾燥","良好","無號誌","無","未繪設快慢車道分隔線","有",36,"未使用",120.413158,22.616953,"高雄市","大寮區"
"側撞","2021",10,25,17,"晴","夜間(或隧道、地下道、涵洞)有照明",50,"三岔路","交叉路口內","柏油","乾燥","良好","無號誌","無","未繪設快慢車道分隔線","無",91,"未使用",120.3075,22.6512,"高雄市","三民區"
"側撞","2021",10,25,17,"晴","夜間(或隧道、地下道、涵洞)有照明",50,"三岔路","交叉路口內","柏油","乾燥","良好","無號誌","無","未繪設快慢車道分隔線","無",44,"未使用",120.3075,22.6512,"高雄市","三民區"
"側撞","2021",10,25,19,"晴","日間自然光線",60,"三岔路","交叉路口內","柏油","乾燥","良好","正常","無","未繪設快慢車道分隔線","有",35,"不明",120.596263,24.303834,"臺中市","清水區"
"側撞","2021",10,25,19,"晴","日間自然光線",60,"三岔路","交叉路口內","柏油","乾燥","良好","正常","無","未繪設快慢車道分隔線","有",20,"不明",120.596263,24.303834,"臺中市","清水區"
"側撞","2021",10,25,21,"晴","夜間(或隧道、地下道、涵洞)有照明",50,"直路","一般車道(未劃分快慢車道)","柏油","乾燥","良好","無號誌","雙向禁止超車線","未繪設快慢車道分隔線","有",29,"不明",121.29006,25.019093,"桃園市","桃園區"
"側撞","2021",10,25,21,"晴","夜間(或隧道、地下道、涵洞)有照明",50,"直路","一般車道(未劃分快慢車道)","柏油","乾燥","良好","無號誌","雙向禁止超車線","未繪設快慢車道分隔線","有",18,"不明",121.29006,25.019093,"桃園市","桃園區"
"穿越道路中","2021",10,26,18,"晴","夜間(或隧道、地下道、涵洞)有照明",50,"直路","一般車道(未劃分快慢車道)","柏油","乾燥","良好","無號誌","行車分向線","未繪設快慢車道分隔線","有",73,"非駕駛人",121.247744,24.9235,"桃園市","平鎮區"
"穿越道路中","2021",10,26,18,"晴","夜間(或隧道、地下道、涵洞)有照明",50,"直路","一般車道(未劃分快慢車道)","柏油","乾燥","良好","無號誌","行車分向線","未繪設快慢車道分隔線","有",19,"不明",121.247744,24.9235,"桃園市","平鎮區"
"穿越道路中","2021",10,26,18,"晴","夜間(或隧道、地下道、涵洞)有照明",50,"直路","一般車道(未劃分快慢車道)","柏油","乾燥","良好","無號誌","行車分向線","未繪設快慢車道分隔線","有",35,"未使用",121.247744,24.9235,"桃園市","平鎮區"
"側撞","2021",10,27,8,"晴","日間自然光線",30,"四岔路","交叉路口內","柏油","乾燥","良好","無號誌","無","未繪設快慢車道分隔線","有",76,"未使用",120.462712,24.009885,"彰化縣","埔鹽鄉"
"側撞","2021",10,27,8,"晴","日間自然光線",30,"四岔路","交叉路口內","柏油","乾燥","良好","無號誌","無","未繪設快慢車道分隔線","有",65,"未使用",120.462712,24.009885,"彰化縣","埔鹽鄉"
"衝出路外","2021",10,27,10,"晴","日間自然光線",40,"直路","其他","柏油","乾燥","良好","無號誌","行車分向線","未繪設快慢車道分隔線","有",69,"不明",120.968577,23.997162,"南投縣","埔里鎮"
"撞路樹、電桿","2021",10,27,11,"晴","日間自然光線",30,"直路","一般車道(未劃分快慢車道)","柏油","乾燥","良好","無號誌","行車分向線","未繪設快慢車道分隔線","有",54,"不明",121.406118,24.93297,"新北市","三峽區"
"對撞","2021",10,27,18,"晴","日間自然光線",30,"直路","一般車道(未劃分快慢車道)","柏油","乾燥","良好","無號誌","無","未繪設快慢車道分隔線","有",72,"未使用",120.548309,23.443095,"嘉義縣","中埔鄉"
"對撞","2021",10,27,18,"晴","日間自然光線",30,"直路","一般車道(未劃分快慢車道)","柏油","乾燥","良好","無號誌","無","未繪設快慢車道分隔線","有",42,"未使用",120.548309,23.443095,"嘉義縣","中埔鄉"
"側撞","2021",10,27,19,"晴","夜間(或隧道、地下道、涵洞)有照明",50,"四岔路","交叉路口內","柏油","乾燥","良好","正常","無","未繪設快慢車道分隔線","無",38,"不明",120.158348,23.040327,"臺南市","南區"
"側撞","2021",10,27,19,"晴","夜間(或隧道、地下道、涵洞)有照明",50,"四岔路","交叉路口內","柏油","乾燥","良好","正常","無","未繪設快慢車道分隔線","無",24,"不明",120.158348,23.040327,"臺南市","南區"
"側撞","2021",10,27,19,"晴","夜間(或隧道、地下道、涵洞)有照明",50,"四岔路","交叉路口內","柏油","乾燥","良好","正常","無","未繪設快慢車道分隔線","無",31,"使用手持或有礙駕駛安全",120.158348,23.040327,"臺南市","南區"
"側撞","2021",10,27,21,"晴","夜間(或隧道、地下道、涵洞)有照明",70,"三岔路","交叉路口內","柏油","乾燥","良好","正常","中央分向島","寛式快慢車道分隔島(50公分以上)","有",30,"未使用",120.580758,24.201702,"臺中市","沙鹿區"
"側撞","2021",10,27,21,"晴","夜間(或隧道、地下道、涵洞)有照明",70,"三岔路","交叉路口內","柏油","乾燥","良好","正常","中央分向島","寛式快慢車道分隔島(50公分以上)","有",20,"未使用",120.580758,24.201702,"臺中市","沙鹿區"
"衝出路外","2021",10,27,21,"晴","夜間(或隧道、地下道、涵洞)有照明",50,"三岔路","交叉口附近","柏油","乾燥","不良","正常","雙向禁止超車線","未繪設快慢車道分隔線","有",23,"不明",120.207231,23.556812,"雲林縣","水林鄉"
"衝出路外","2021",10,27,21,"晴","夜間(或隧道、地下道、涵洞)有照明",50,"三岔路","交叉口附近","柏油","乾燥","不良","正常","雙向禁止超車線","未繪設快慢車道分隔線","有",25,"不明",120.207231,23.556812,"雲林縣","水林鄉"
"衝出路外","2021",10,27,21,"晴","夜間(或隧道、地下道、涵洞)有照明",50,"三岔路","交叉口附近","柏油","乾燥","不良","正常","雙向禁止超車線","未繪設快慢車道分隔線","有",21,"不明",120.207231,23.556812,"雲林縣","水林鄉"
"側撞","2021",10,27,22,"晴","夜間(或隧道、地下道、涵洞)有照明",50,"三岔路","交叉路口內","柏油","乾燥","良好","正常","無","未繪設快慢車道分隔線","無",52,"未使用",120.633024,24.12783,"臺中市","南屯區"
"側撞","2021",10,27,22,"晴","夜間(或隧道、地下道、涵洞)有照明",50,"三岔路","交叉路口內","柏油","乾燥","良好","正常","無","未繪設快慢車道分隔線","無",21,"未使用",120.633024,24.12783,"臺中市","南屯區"
"穿越道路中","2021",10,28,5,"晴","晨或暮光",50,"直路","一般車道(未劃分快慢車道)","柏油","乾燥","良好","正常","中央分向島","未繪設快慢車道分隔線","有",15,"未使用",121.739451,25.140112,"基隆市","中山區"
"穿越道路中","2021",10,28,5,"晴","晨或暮光",50,"直路","一般車道(未劃分快慢車道)","柏油","乾燥","良好","正常","中央分向島","未繪設快慢車道分隔線","有",79,"非駕駛人",121.739451,25.140112,"基隆市","中山區"
"追撞","2021",10,28,8,"晴","日間自然光線",40,"直路","慢車道","柏油","乾燥","良好","無號誌","中央分向島","寛式快慢車道分隔島(50公分以上)","有",28,"未使用",120.357147,23.555675,"嘉義縣","新港鄉"
"追撞","2021",10,28,8,"晴","日間自然光線",40,"直路","慢車道","柏油","乾燥","良好","無號誌","中央分向島","寛式快慢車道分隔島(50公分以上)","有",52,"未使用",120.357147,23.555675,"嘉義縣","新港鄉"
"撞路樹、電桿","2021",10,28,10,"晴","日間自然光線",60,"直路","路肩、路緣","柏油","乾燥","良好","無號誌","行車分向線","快慢車道分隔線","有",19,"未使用",120.273565,23.254175,"臺南市","下營區"
"路口交岔撞","2021",10,28,11,"晴","日間自然光線",30,"四岔路","交叉路口內","柏油","乾燥","良好","無號誌","無","未繪設快慢車道分隔線","無",31,"未使用",120.674438,24.035375,"臺中市","霧峰區"
"路口交岔撞","2021",10,28,11,"晴","日間自然光線",30,"四岔路","交叉路口內","柏油","乾燥","良好","無號誌","無","未繪設快慢車道分隔線","無",59,"不明",120.674438,24.035375,"臺中市","霧峰區"
"同向擦撞","2021",10,28,17,"晴","夜間(或隧道、地下道、涵洞)有照明",40,"四岔路","交叉口附近","柏油","乾燥","良好","正常","中央分向島","未繪設快慢車道分隔線","無",26,"未使用",120.2928,22.6628,"高雄市","鼓山區"
"同向擦撞","2021",10,28,17,"晴","夜間(或隧道、地下道、涵洞)有照明",40,"四岔路","交叉口附近","柏油","乾燥","良好","正常","中央分向島","未繪設快慢車道分隔線","無",60,"未使用",120.2928,22.6628,"高雄市","鼓山區"
"對撞","2021",10,29,5,"晴","晨或暮光",50,"彎曲路及附近","一般車道(未劃分快慢車道)","柏油","乾燥","良好","無號誌","雙向禁止超車線","未繪設快慢車道分隔線","有",20,"非駕駛人",121.150992,24.854386,"新竹縣","新埔鎮"
"對撞","2021",10,29,5,"晴","晨或暮光",50,"彎曲路及附近","一般車道(未劃分快慢車道)","柏油","乾燥","良好","無號誌","雙向禁止超車線","未繪設快慢車道分隔線","有",74,"未使用",121.150992,24.854386,"新竹縣","新埔鎮"
"對撞","2021",10,29,5,"晴","晨或暮光",50,"彎曲路及附近","一般車道(未劃分快慢車道)","柏油","乾燥","良好","無號誌","雙向禁止超車線","未繪設快慢車道分隔線","有",28,"未使用",121.150992,24.854386,"新竹縣","新埔鎮"
"穿越道路中","2021",10,29,9,"晴","日間自然光線",50,"四岔路","交叉路口內","柏油","乾燥","良好","正常","無","未繪設快慢車道分隔線","無",67,"非駕駛人",121.497613,25.062635,"新北市","三重區"
"穿越道路中","2021",10,29,9,"晴","日間自然光線",50,"四岔路","交叉路口內","柏油","乾燥","良好","正常","無","未繪設快慢車道分隔線","無",44,"未使用",121.497613,25.062635,"新北市","三重區"
"對向擦撞","2021",10,29,17,"晴","夜間(或隧道、地下道、涵洞)有照明",40,"直路","一般車道(未劃分快慢車道)","柏油","乾燥","良好","無號誌","雙向禁止超車線","未繪設快慢車道分隔線","無",13,"未使用",121.440054,25.022038,"新北市","新莊區"
"對向擦撞","2021",10,29,17,"晴","夜間(或隧道、地下道、涵洞)有照明",40,"直路","一般車道(未劃分快慢車道)","柏油","乾燥","良好","無號誌","雙向禁止超車線","未繪設快慢車道分隔線","無",49,"未使用",121.440054,25.022038,"新北市","新莊區"
"對向擦撞","2021",10,29,17,"晴","夜間(或隧道、地下道、涵洞)有照明",40,"直路","一般車道(未劃分快慢車道)","柏油","乾燥","良好","無號誌","雙向禁止超車線","未繪設快慢車道分隔線","無",37,"未使用",121.440054,25.022038,"新北市","新莊區"
"對向擦撞","2021",10,29,17,"晴","夜間(或隧道、地下道、涵洞)有照明",40,"直路","一般車道(未劃分快慢車道)","柏油","乾燥","良好","無號誌","雙向禁止超車線","未繪設快慢車道分隔線","無",49,"未使用",121.440054,25.022038,"新北市","新莊區"
"同向通行中","2021",10,30,10,"晴","日間自然光線",50,"四岔路","交叉路口內","柏油","乾燥","良好","正常","中央分向島","快慢車道分隔線","有",84,"未使用",120.584206,24.083661,"彰化縣","彰化市"
"同向通行中","2021",10,30,10,"晴","日間自然光線",50,"四岔路","交叉路口內","柏油","乾燥","良好","正常","中央分向島","快慢車道分隔線","有",50,"未使用",120.584206,24.083661,"彰化縣","彰化市"
"同向通行中","2021",10,30,10,"晴","日間自然光線",50,"四岔路","交叉路口內","柏油","乾燥","良好","正常","中央分向島","快慢車道分隔線","有",65,"未使用",120.584206,24.083661,"彰化縣","彰化市"
"路上翻車、摔倒","2021",10,30,15,"晴","日間自然光線",50,"彎曲路及附近","一般車道(未劃分快慢車道)","柏油","乾燥","良好","無號誌","雙向禁止超車線","快慢車道分隔線","有",40,"未使用",120.575828,24.053569,"彰化縣","彰化市"
"其他","2021",10,30,17,"晴","晨或暮光",50,"四岔路","交叉口附近","柏油","乾燥","良好","無號誌","雙向禁止超車線","未繪設快慢車道分隔線","有",18,"未使用",120.80698,24.603945,"苗栗縣","後龍鎮"
"其他","2021",10,30,17,"晴","晨或暮光",50,"四岔路","交叉口附近","柏油","乾燥","良好","無號誌","雙向禁止超車線","未繪設快慢車道分隔線","有",59,"未使用",120.80698,24.603945,"苗栗縣","後龍鎮"
"撞路樹、電桿","2021",10,31,0,"晴","夜間(或隧道、地下道、涵洞)有照明",50,"直路","路肩、路緣","柏油","乾燥","良好","無號誌","行車分向線","快慢車道分隔線","有",110,"",120.353551,22.803685,"高雄市","燕巢區"
"撞路樹、電桿","2021",10,31,0,"晴","夜間(或隧道、地下道、涵洞)有照明",50,"直路","路肩、路緣","柏油","乾燥","良好","無號誌","行車分向線","快慢車道分隔線","有",41,"未使用",120.353551,22.803685,"高雄市","燕巢區"
"其他","2021",10,31,1,"晴","夜間(或隧道、地下道、涵洞)有照明",40,"三岔路","交叉路口內","柏油","乾燥","良好","無號誌","中央分向島","快慢車道分隔線","無",110,"",120.414165,22.586296,"高雄市","大寮區"
"其他","2021",10,31,1,"晴","夜間(或隧道、地下道、涵洞)有照明",40,"三岔路","交叉路口內","柏油","乾燥","良好","無號誌","中央分向島","快慢車道分隔線","無",22,"未使用",120.414165,22.586296,"高雄市","大寮區"
"其他","2021",10,31,1,"晴","夜間(或隧道、地下道、涵洞)有照明",40,"三岔路","交叉路口內","柏油","乾燥","良好","無號誌","中央分向島","快慢車道分隔線","無",24,"非駕駛人",120.414165,22.586296,"高雄市","大寮區"
"側撞","2021",10,31,6,"晴","日間自然光線",50,"三岔路","交叉路口內","柏油","乾燥","良好","正常","雙向禁止超車線","快慢車道分隔線","有",46,"不明",120.436135,23.485742,"嘉義市","西區"
"側撞","2021",10,31,6,"晴","日間自然光線",50,"三岔路","交叉路口內","柏油","乾燥","良好","正常","雙向禁止超車線","快慢車道分隔線","有",51,"不明",120.436135,23.485742,"嘉義市","西區"
"側撞","2021",10,31,6,"晴","日間自然光線",50,"三岔路","交叉路口內","柏油","乾燥","良好","正常","雙向禁止超車線","快慢車道分隔線","有",31,"未使用",120.436135,23.485742,"嘉義市","西區"
"側撞","2021",10,31,6,"晴","日間自然光線",50,"三岔路","交叉路口內","柏油","乾燥","良好","正常","雙向禁止超車線","快慢車道分隔線","有",44,"不明",120.436135,23.485742,"嘉義市","西區"
"側撞","2021",10,31,6,"晴","日間自然光線",50,"三岔路","交叉路口內","柏油","乾燥","良好","正常","雙向禁止超車線","快慢車道分隔線","有",25,"未使用",120.436135,23.485742,"嘉義市","西區"
"側撞","2021",10,31,6,"晴","日間自然光線",50,"三岔路","交叉路口內","柏油","乾燥","良好","正常","雙向禁止超車線","快慢車道分隔線","有",64,"未使用",120.436135,23.485742,"嘉義市","西區"
"路口交岔撞","2021",10,31,9,"晴","日間自然光線",50,"三岔路","交叉路口內","柏油","乾燥","良好","無號誌","雙向禁止超車線","快慢車道分隔線","無",18,"未使用",120.615368,24.148227,"臺中市","南屯區"
"路口交岔撞","2021",10,31,9,"晴","日間自然光線",50,"三岔路","交叉路口內","柏油","乾燥","良好","無號誌","雙向禁止超車線","快慢車道分隔線","無",39,"未使用",120.615368,24.148227,"臺中市","南屯區"
"路口交岔撞","2021",10,31,9,"晴","日間自然光線",50,"三岔路","交叉路口內","柏油","乾燥","良好","無號誌","雙向禁止超車線","快慢車道分隔線","無",61,"未使用",120.615368,24.148227,"臺中市","南屯區"
"路口交岔撞","2021",10,31,9,"晴","日間自然光線",50,"三岔路","交叉路口內","柏油","乾燥","良好","無號誌","雙向禁止超車線","快慢車道分隔線","無",38,"未使用",120.615368,24.148227,"臺中市","南屯區"
"側撞","2021",10,31,9,"晴","日間自然光線",50,"四岔路","交叉路口內","柏油","乾燥","良好","無號誌","無","未繪設快慢車道分隔線","無",43,"未使用",120.423365,22.566329,"高雄市","大寮區"
"側撞","2021",10,31,9,"晴","日間自然光線",50,"四岔路","交叉路口內","柏油","乾燥","良好","無號誌","無","未繪設快慢車道分隔線","無",15,"非駕駛人",120.423365,22.566329,"高雄市","大寮區"
"側撞","2021",10,31,9,"晴","日間自然光線",50,"四岔路","交叉路口內","柏油","乾燥","良好","無號誌","無","未繪設快慢車道分隔線","無",15,"未使用",120.423365,22.566329,"高雄市","大寮區"
"側撞","2021",10,31,10,"晴","日間自然光線",50,"四岔路","交叉路口內","柏油","乾燥","良好","正常","無","未繪設快慢車道分隔線","無",69,"未使用",120.347,22.59243,"高雄市","鳳山區"
"側撞","2021",10,31,10,"晴","日間自然光線",50,"四岔路","交叉路口內","柏油","乾燥","良好","正常","無","未繪設快慢車道分隔線","無",54,"未使用",120.347,22.59243,"高雄市","鳳山區"
"撞護欄(樁)","2021",10,31,15,"晴","日間自然光線",30,"直路","一般車道(未劃分快慢車道)","柏油","乾燥","良好","無號誌","無","未繪設快慢車道分隔線","無",27,"不明",120.457742,22.548984,"屏東縣","新園鄉"
"撞路樹、電桿","2021",10,31,16,"晴","日間自然光線",40,"直路","慢車道","柏油","乾燥","良好","無號誌","中央分向島","快慢車道分隔線","有",23,"未使用",120.582761,24.187356,"臺中市","龍井區"
"撞路樹、電桿","2021",10,31,17,"晴","晨或暮光",50,"直路","路肩、路緣","柏油","乾燥","良好","無號誌","行車分向線","未繪設快慢車道分隔線","有",35,"不明",120.231017,23.759252,"雲林縣","麥寮鄉"
"穿越道路中","2021",10,31,19,"晴","夜間(或隧道、地下道、涵洞)有照明",50,"三岔路","交叉路口內","柏油","乾燥","良好","正常","雙向禁止超車線","未繪設快慢車道分隔線","有",54,"非駕駛人",121.040746,24.920226,"新竹縣","湖口鄉"
"穿越道路中","2021",10,31,19,"晴","夜間(或隧道、地下道、涵洞)有照明",50,"三岔路","交叉路口內","柏油","乾燥","良好","正常","雙向禁止超車線","未繪設快慢車道分隔線","有",40,"未使用",121.040746,24.920226,"新竹縣","湖口鄉"
"其他","2021",10,31,20,"晴","夜間(或隧道、地下道、涵洞)有照明",60,"彎曲路及附近","路肩、路緣","柏油","乾燥","良好","無號誌","雙向禁止超車線","未繪設快慢車道分隔線","有",58,"不明",120.423854,23.071385,"臺南市","玉井區"
"撞護欄(樁)","2021",11,1,0,"晴","夜間(或隧道、地下道、涵洞)有照明",50,"直路","路肩、路緣","柏油","乾燥","良好","無號誌","雙向禁止超車線","未繪設快慢車道分隔線","有",20,"不明",120.779431,24.44903,"苗栗縣","銅鑼鄉"
"路口交岔撞","2021",11,1,13,"晴","日間自然光線",50,"四岔路","交叉路口內","柏油","乾燥","不良","無號誌","無","未繪設快慢車道分隔線","無",69,"不明",120.239541,23.700051,"雲林縣","東勢鄉"
"路口交岔撞","2021",11,1,13,"晴","日間自然光線",50,"四岔路","交叉路口內","柏油","乾燥","不良","無號誌","無","未繪設快慢車道分隔線","無",30,"不明",120.239541,23.700051,"雲林縣","東勢鄉"
"路口交岔撞","2021",11,1,13,"晴","日間自然光線",50,"四岔路","交叉路口內","柏油","乾燥","不良","無號誌","無","未繪設快慢車道分隔線","無",35,"非駕駛人",120.239541,23.700051,"雲林縣","東勢鄉"
"追撞","2021",11,1,17,"晴","夜間(或隧道、地下道、涵洞)有照明",60,"直路","一般車道(未劃分快慢車道)","柏油","乾燥","良好","無號誌","中央分向島","快慢車道分隔線","無",43,"不明",120.937967,24.84658,"新竹市","北區"
"追撞","2021",11,1,17,"晴","夜間(或隧道、地下道、涵洞)有照明",60,"直路","一般車道(未劃分快慢車道)","柏油","乾燥","良好","無號誌","中央分向島","快慢車道分隔線","無",50,"不明",120.937967,24.84658,"新竹市","北區"
"其他","2021",11,1,23,"晴","夜間(或隧道、地下道、涵洞)有照明",50,"四岔路","交叉路口內","柏油","乾燥","良好","正常","無","未繪設快慢車道分隔線","無",22,"未使用",120.728569,24.171423,"臺中市","北屯區"
"其他","2021",11,1,23,"晴","夜間(或隧道、地下道、涵洞)有照明",50,"四岔路","交叉路口內","柏油","乾燥","良好","正常","無","未繪設快慢車道分隔線","無",22,"未使用",120.728569,24.171423,"臺中市","北屯區"
"其他","2021",11,2,17,"晴","夜間(或隧道、地下道、涵洞)有照明",30,"直路","一般車道(未劃分快慢車道)","柏油","乾燥","良好","無號誌","無","未繪設快慢車道分隔線","有",51,"未使用",121.258609,24.896842,"桃園市","大溪區"
"其他","2021",11,2,17,"晴","夜間(或隧道、地下道、涵洞)有照明",30,"直路","一般車道(未劃分快慢車道)","柏油","乾燥","良好","無號誌","無","未繪設快慢車道分隔線","有",27,"未使用",121.258609,24.896842,"桃園市","大溪區"
"撞路樹、電桿","2021",11,3,7,"陰","日間自然光線",50,"直路","機車優先道","柏油","乾燥","良好","無號誌","行車分向線","寛式快慢車道分隔島(50公分以上)","有",23,"未使用",121.490439,25.121859,"臺北市","北投區"
"路口交岔撞","2021",11,3,7,"晴","日間自然光線",60,"四岔路","交叉路口內","柏油","乾燥","良好","正常","中央分向島","快慢車道分隔線","有",58,"未使用",120.683882,24.10379,"臺中市","大里區"
"路口交岔撞","2021",11,3,7,"晴","日間自然光線",60,"四岔路","交叉路口內","柏油","乾燥","良好","正常","中央分向島","快慢車道分隔線","有",34,"未使用",120.683882,24.10379,"臺中市","大里區"
"撞交通島","2021",11,3,8,"晴","日間自然光線",50,"彎曲路及附近","一般車道(未劃分快慢車道)","柏油","乾燥","不良","無號誌","中央分向島","快慢車道分隔線","有",18,"未使用",121.172764,25.046649,"桃園市","大園區"
"撞交通島","2021",11,3,8,"晴","日間自然光線",50,"彎曲路及附近","一般車道(未劃分快慢車道)","柏油","乾燥","不良","無號誌","中央分向島","快慢車道分隔線","有",18,"非駕駛人",121.172764,25.046649,"桃園市","大園區"
"側撞","2021",11,3,10,"晴","日間自然光線",30,"三岔路","交叉路口內","柏油","乾燥","不良","正常","無","未繪設快慢車道分隔線","無",67,"未使用",120.465569,23.522821,"嘉義縣","民雄鄉"
"側撞","2021",11,3,10,"晴","日間自然光線",30,"三岔路","交叉路口內","柏油","乾燥","不良","正常","無","未繪設快慢車道分隔線","無",24,"未使用",120.465569,23.522821,"嘉義縣","民雄鄉"
"側撞","2021",11,3,10,"晴","日間自然光線",30,"三岔路","交叉路口內","柏油","乾燥","不良","正常","無","未繪設快慢車道分隔線","無",43,"非駕駛人",120.465569,23.522821,"嘉義縣","民雄鄉"
"側撞","2021",11,3,17,"晴","夜間(或隧道、地下道、涵洞)有照明",50,"直路","一般車道(未劃分快慢車道)","柏油","乾燥","良好","無號誌","雙向禁止超車線","未繪設快慢車道分隔線","有",62,"不明",120.534121,22.559314,"屏東縣","潮州鎮"
"側撞","2021",11,3,17,"晴","夜間(或隧道、地下道、涵洞)有照明",50,"直路","一般車道(未劃分快慢車道)","柏油","乾燥","良好","無號誌","雙向禁止超車線","未繪設快慢車道分隔線","有",20,"未使用",120.534121,22.559314,"屏東縣","潮州鎮"