"事故類型及型態子類別名稱","發生年度","發生月份","發生日期","發生時間","天候名稱","光線名稱","速限.第1當事者","道路型態子類別名稱","事故位置子類別名稱","路面狀況.路面鋪裝名稱","路面狀況.路面狀態名稱","道路障礙.視距品質名稱","號誌.號誌動作名稱","車道劃分設施.分向設施大類別名稱","車道劃分設施.分道設施.快慢車道間名稱","車道劃分設施.分道設施.路面邊線名稱","當事者事故發生時年齡","行動電話或電腦或其他相類功能裝置名稱","經度","緯度","縣市","鄉鎮"
"撞號誌、標誌桿","2021",11,3,20,"晴","夜間(或隧道、地下道、涵洞)有照明",60,"四岔路","交叉口附近","柏油","乾燥","良好","正常","中央分向島","未繪設快慢車道分隔線","有",52,"非駕駛人",120.448478,22.494493,"屏東縣","新園鄉"
"撞號誌、標誌桿","2021",11,3,20,"晴","夜間(或隧道、地下道、涵洞)有照明",60,"四岔路","交叉口附近","柏油","乾燥","良好","正常","中央分向島","未繪設快慢車道分隔線","有",51,"未使用",120.448478,22.494493,"屏東縣","新園鄉"
"撞路樹、電桿","2021",11,3,23,"晴","夜間(或隧道、地下道、涵洞)有照明",50,"直路","路肩、路緣","柏油","乾燥","良好","無號誌","雙向禁止超車線","未繪設快慢車道分隔線","有",21,"未使用",120.544036,24.263152,"臺中市","清水區"
"路口交岔撞","2021",11,4,6,"晴","日間自然光線",50,"四岔路","交叉路口內","柏油","乾燥","良好","正常","無","未繪設快慢車道分隔線","無",67,"未使用",120.349784,22.594843,"高雄市","鳳山區"
"路口交岔撞","2021",11,4,6,"晴","日間自然光線",50,"四岔路","交叉路口內","柏油","乾燥","良好","正常","無","未繪設快慢車道分隔線","無",52,"未使用",120.349784,22.594843,"高雄市","鳳山區"
"側撞","2021",11,4,7,"陰","日間自然光線",50,"四岔路","交叉口附近","柏油","乾燥","良好","正常","雙向禁止超車線","未繪設快慢車道分隔線","有",35,"不明",121.429309,25.06335,"新北市","泰山區"
"側撞","2021",11,4,7,"陰","日間自然光線",50,"四岔路","交叉口附近","柏油","乾燥","良好","正常","雙向禁止超車線","未繪設快慢車道分隔線","有",18,"未使用",121.429309,25.06335,"新北市","泰山區"
"追撞","2021",11,4,12,"晴","日間自然光線",40,"三岔路","交叉路口內","柏油","乾燥","良好","正常","雙向禁止超車線","快慢車道分隔線","無",23,"未使用",120.312249,22.637106,"高雄市","三民區"
"追撞","2021",11,4,12,"晴","日間自然光線",40,"三岔路","交叉路口內","柏油","乾燥","良好","正常","雙向禁止超車線","快慢車道分隔線","無",28,"未使用",120.312249,22.637106,"高雄市","三民區"
"追撞","2021",11,4,12,"晴","日間自然光線",40,"三岔路","交叉路口內","柏油","乾燥","良好","正常","雙向禁止超車線","快慢車道分隔線","無",24,"未使用",120.312249,22.637106,"高雄市","三民區"
"追撞","2021",11,4,12,"晴","日間自然光線",40,"三岔路","交叉路口內","柏油","乾燥","良好","正常","雙向禁止超車線","快慢車道分隔線","無",44,"未使用",120.312249,22.637106,"高雄市","三民區"
"追撞","2021",11,4,12,"晴","日間自然光線",40,"三岔路","交叉路口內","柏油","乾燥","良好","正常","雙向禁止超車線","快慢車道分隔線","無",21,"未使用",120.312249,22.637106,"高雄市","三民區"
"追撞","2021",11,4,12,"晴","日間自然光線",40,"三岔路","交叉路口內","柏油","乾燥","良好","正常","雙向禁止超車線","快慢車道分隔線","無",44,"未使用",120.312249,22.637106,"高雄市","三民區"
"路口交岔撞","2021",11,4,14,"晴","日間自然光線",30,"三岔路","交叉路口內","柏油","乾燥","良好","正常","無","未繪設快慢車道分隔線","無",51,"未使用",120.129155,23.066626,"臺南市","南區"
"路口交岔撞","2021",11,4,14,"晴","日間自然光線",30,"三岔路","交叉路口內","柏油","乾燥","良好","正常","無","未繪設快慢車道分隔線","無",71,"未使用",120.129155,23.066626,"臺南市","南區"
"側撞","2021",11,4,14,"晴","日間自然光線",50,"四岔路","交叉路口內","柏油","乾燥","良好","無號誌","無","未繪設快慢車道分隔線","無",78,"非駕駛人",120.159838,23.332576,"嘉義縣","布袋鎮"
"側撞","2021",11,4,14,"晴","日間自然光線",50,"四岔路","交叉路口內","柏油","乾燥","良好","無號誌","無","未繪設快慢車道分隔線","無",39,"使用手持或有礙駕駛安全",120.159838,23.332576,"嘉義縣","布袋鎮"
"倒車撞","2021",11,4,19,"晴","夜間(或隧道、地下道、涵洞)有照明",50,"直路","一般車道(未劃分快慢車道)","柏油","乾燥","良好","無號誌","行車分向線","未繪設快慢車道分隔線","有",35,"未使用",121.233575,24.944537,"桃園市","中壢區"
"倒車撞","2021",11,4,19,"晴","夜間(或隧道、地下道、涵洞)有照明",50,"直路","一般車道(未劃分快慢車道)","柏油","乾燥","良好","無號誌","行車分向線","未繪設快慢車道分隔線","有",24,"非駕駛人",121.233575,24.944537,"桃園市","中壢區"
"倒車撞","2021",11,4,19,"晴","夜間(或隧道、地下道、涵洞)有照明",50,"直路","一般車道(未劃分快慢車道)","柏油","乾燥","良好","無號誌","行車分向線","未繪設快慢車道分隔線","有",22,"未使用",121.233575,24.944537,"桃園市","中壢區"
"對撞","2021",11,5,7,"晴","日間自然光線",50,"直路","一般車道(未劃分快慢車道)","柏油","乾燥","良好","無號誌","行車分向線","未繪設快慢車道分隔線","有",42,"不明",120.979068,24.798882,"新竹市","東區"
"對撞","2021",11,5,7,"晴","日間自然光線",50,"直路","一般車道(未劃分快慢車道)","柏油","乾燥","良好","無號誌","行車分向線","未繪設快慢車道分隔線","有",57,"未使用",120.979068,24.798882,"新竹市","東區"
"其他","2021",11,5,7,"晴","日間自然光線",70,"直路","慢車道","柏油","乾燥","良好","無號誌","中央分向島","快慢車道分隔線","有",43,"不明",121.108829,24.935758,"桃園市","楊梅區"
"其他","2021",11,5,7,"晴","日間自然光線",70,"直路","慢車道","柏油","乾燥","良好","無號誌","中央分向島","快慢車道分隔線","有",18,"不明",121.108829,24.935758,"桃園市","楊梅區"
"撞護欄(樁)","2021",11,5,16,"晴","日間自然光線",40,"直路","機車專用道","柏油","乾燥","良好","無號誌","中央分向島","窄式快慢車道分隔島(無柵欄)","有",47,"未使用",120.135673,23.082,"臺南市","南區"
"追撞","2021",11,5,18,"晴","夜間(或隧道、地下道、涵洞)有照明",50,"直路","一般車道(未劃分快慢車道)","柏油","乾燥","良好","無號誌","行車分向線","未繪設快慢車道分隔線","有",55,"不明",120.945324,24.805088,"新竹市","北區"
"追撞","2021",11,5,18,"晴","夜間(或隧道、地下道、涵洞)有照明",50,"直路","一般車道(未劃分快慢車道)","柏油","乾燥","良好","無號誌","行車分向線","未繪設快慢車道分隔線","有",52,"不明",120.945324,24.805088,"新竹市","北區"
"側撞","2021",11,6,6,"晴","日間自然光線",60,"四岔路","交叉路口內","柏油","乾燥","良好","正常","中央分向島","未繪設快慢車道分隔線","無",26,"不明",120.662997,24.059765,"臺中市","霧峰區"
"側撞","2021",11,6,6,"晴","日間自然光線",60,"四岔路","交叉路口內","柏油","乾燥","良好","正常","中央分向島","未繪設快慢車道分隔線","無",56,"非駕駛人",120.662997,24.059765,"臺中市","霧峰區"
"撞路樹、電桿","2021",11,6,11,"晴","日間自然光線",40,"彎曲路及附近","一般車道(未劃分快慢車道)","柏油","乾燥","良好","無號誌","行車分向線","未繪設快慢車道分隔線","有",44,"未使用",120.505079,22.45892,"屏東縣","林邊鄉"
"路口交岔撞","2021",11,6,11,"晴","日間自然光線",30,"四岔路","交叉路口內","柏油","乾燥","良好","無號誌","無","未繪設快慢車道分隔線","有",70,"未使用",120.43394,24.057166,"彰化縣","福興鄉"
"路口交岔撞","2021",11,6,11,"晴","日間自然光線",30,"四岔路","交叉路口內","柏油","乾燥","良好","無號誌","無","未繪設快慢車道分隔線","有",40,"未使用",120.43394,24.057166,"彰化縣","福興鄉"
"追撞","2021",11,6,11,"晴","日間自然光線",40,"直路","一般車道(未劃分快慢車道)","柏油","乾燥","良好","無號誌","雙向禁止超車線","未繪設快慢車道分隔線","有",74,"未使用",120.59166,22.691033,"屏東縣","長治鄉"
"追撞","2021",11,6,11,"晴","日間自然光線",40,"直路","一般車道(未劃分快慢車道)","柏油","乾燥","良好","無號誌","雙向禁止超車線","未繪設快慢車道分隔線","有",27,"未使用",120.59166,22.691033,"屏東縣","長治鄉"
"側撞","2021",11,6,14,"晴","日間自然光線",60,"四岔路","交叉路口內","柏油","乾燥","良好","正常","中央分向島","未繪設快慢車道分隔線","有",22,"未使用",120.558385,24.309995,"臺中市","清水區"
"側撞","2021",11,6,14,"晴","日間自然光線",60,"四岔路","交叉路口內","柏油","乾燥","良好","正常","中央分向島","未繪設快慢車道分隔線","有",26,"未使用",120.558385,24.309995,"臺中市","清水區"
"同向擦撞","2021",11,6,16,"晴","日間自然光線",50,"四岔路","交叉路口內","柏油","乾燥","良好","正常","無","未繪設快慢車道分隔線","無",77,"未使用",120.298141,22.6727,"高雄市","左營區"
"同向擦撞","2021",11,6,16,"晴","日間自然光線",50,"四岔路","交叉路口內","柏油","乾燥","良好","正常","無","未繪設快慢車道分隔線","無",75,"未使用",120.298141,22.6727,"高雄市","左營區"
"穿越道路中","2021",11,6,17,"陰","夜間(或隧道、地下道、涵洞)有照明",50,"直路","一般車道(未劃分快慢車道)","柏油","乾燥","良好","無號誌","雙向禁止超車線","未繪設快慢車道分隔線","有",66,"未使用",120.922434,23.797197,"南投縣","水里鄉"
"穿越道路中","2021",11,6,17,"陰","夜間(或隧道、地下道、涵洞)有照明",50,"直路","一般車道(未劃分快慢車道)","柏油","乾燥","良好","無號誌","雙向禁止超車線","未繪設快慢車道分隔線","有",79,"非駕駛人",120.922434,23.797197,"南投縣","水里鄉"
"追撞","2021",11,7,6,"晴","日間自然光線",50,"直路","一般車道(未劃分快慢車道)","柏油","乾燥","良好","無號誌","雙向禁止超車線","未繪設快慢車道分隔線","有",25,"未使用",120.787662,24.648299,"苗栗縣","後龍鎮"
"追撞","2021",11,7,6,"晴","日間自然光線",50,"直路","一般車道(未劃分快慢車道)","柏油","乾燥","良好","無號誌","雙向禁止超車線","未繪設快慢車道分隔線","有",87,"未使用",120.787662,24.648299,"苗栗縣","後龍鎮"
"撞路樹、電桿","2021",11,7,7,"晴","日間自然光線",30,"直路","路肩、路緣","柏油","乾燥","良好","無號誌","無","未繪設快慢車道分隔線","有",61,"未使用",121.008759,24.919392,"新竹縣","新豐鄉"
"側撞","2021",11,7,7,"晴","晨或暮光",50,"四岔路","交叉路口內","柏油","乾燥","良好","正常","中央分向島","快慢車道分隔線","有",50,"未使用",120.683504,23.974139,"南投縣","草屯鎮"
"側撞","2021",11,7,7,"晴","晨或暮光",50,"四岔路","交叉路口內","柏油","乾燥","良好","正常","中央分向島","快慢車道分隔線","有",81,"未使用",120.683504,23.974139,"南投縣","草屯鎮"
"側撞","2021",11,7,8,"晴","日間自然光線",50,"三岔路","交叉路口內","柏油","乾燥","良好","無號誌","中央分向島","未繪設快慢車道分隔線","有",78,"未使用",121.050001,24.703785,"新竹縣","北埔鄉"
"側撞","2021",11,7,8,"晴","日間自然光線",50,"三岔路","交叉路口內","柏油","乾燥","良好","無號誌","中央分向島","未繪設快慢車道分隔線","有",26,"未使用",121.050001,24.703785,"新竹縣","北埔鄉"
"側撞","2021",11,7,10,"晴","日間自然光線",30,"四岔路","交叉路口內","柏油","乾燥","良好","正常","無","未繪設快慢車道分隔線","有",31,"不明",120.5644,23.883358,"彰化縣","田中鎮"
"側撞","2021",11,7,10,"晴","日間自然光線",30,"四岔路","交叉路口內","柏油","乾燥","良好","正常","無","未繪設快慢車道分隔線","有",71,"未使用",120.5644,23.883358,"彰化縣","田中鎮"
"撞號誌、標誌桿","2021",11,7,13,"晴","日間自然光線",60,"三岔路","交叉口附近","柏油","乾燥","良好","正常","雙向禁止超車線","未繪設快慢車道分隔線","有",50,"未使用",121.167937,24.747354,"新竹縣","橫山鄉"
"側撞","2021",11,8,22,"晴","夜間(或隧道、地下道、涵洞)有照明",50,"四岔路","交叉路口內","柏油","乾燥","良好","正常","中央分向島","寛式快慢車道分隔島(50公分以上)","有",21,"不明",120.347489,22.705587,"高雄市","仁武區"
"側撞","2021",11,8,22,"晴","夜間(或隧道、地下道、涵洞)有照明",50,"四岔路","交叉路口內","柏油","乾燥","良好","正常","中央分向島","寛式快慢車道分隔島(50公分以上)","有",63,"未使用",120.347489,22.705587,"高雄市","仁武區"
"其他","2021",11,9,10,"晴","日間自然光線",50,"三岔路","交叉口附近","柏油","乾燥","良好","正常","雙向禁止超車線","未繪設快慢車道分隔線","有",48,"不明",121.291112,24.952986,"桃園市","八德區"
"其他","2021",11,9,10,"晴","日間自然光線",50,"三岔路","交叉口附近","柏油","乾燥","良好","正常","雙向禁止超車線","未繪設快慢車道分隔線","有",81,"不明",121.291112,24.952986,"桃園市","八德區"
"側撞","2021",11,9,20,"晴","夜間(或隧道、地下道、涵洞)有照明",50,"直路","一般車道(未劃分快慢車道)","柏油","乾燥","良好","無號誌","行車分向線","未繪設快慢車道分隔線","有",36,"未使用",120.566307,23.520301,"嘉義縣","竹崎鄉"
"側撞","2021",11,9,20,"晴","夜間(或隧道、地下道、涵洞)有照明",50,"直路","一般車道(未劃分快慢車道)","柏油","乾燥","良好","無號誌","行車分向線","未繪設快慢車道分隔線","有",54,"非駕駛人",120.566307,23.520301,"嘉義縣","竹崎鄉"
"側撞","2021",11,9,20,"晴","夜間(或隧道、地下道、涵洞)有照明",50,"直路","一般車道(未劃分快慢車道)","柏油","乾燥","良好","無號誌","行車分向線","未繪設快慢車道分隔線","有",1,"非駕駛人",120.566307,23.520301,"嘉義縣","竹崎鄉"
"側撞","2021",11,9,20,"晴","夜間(或隧道、地下道、涵洞)有照明",50,"直路","一般車道(未劃分快慢車道)","柏油","乾燥","良好","無號誌","行車分向線","未繪設快慢車道分隔線","有",65,"非駕駛人",120.566307,23.520301,"嘉義縣","竹崎鄉"
"側撞","2021",11,9,20,"晴","夜間(或隧道、地下道、涵洞)有照明",50,"直路","一般車道(未劃分快慢車道)","柏油","乾燥","良好","無號誌","行車分向線","未繪設快慢車道分隔線","有",52,"未使用",120.566307,23.520301,"嘉義縣","竹崎鄉"
"路口交岔撞","2021",11,10,7,"晴","日間自然光線",30,"四岔路","交叉路口內","柏油","乾燥","良好","無號誌","無","未繪設快慢車道分隔線","無",61,"未使用",120.39269,23.694563,"雲林縣","土庫鎮"
"路口交岔撞","2021",11,10,7,"晴","日間自然光線",30,"四岔路","交叉路口內","柏油","乾燥","良好","無號誌","無","未繪設快慢車道分隔線","無",34,"未使用",120.39269,23.694563,"雲林縣","土庫鎮"
"側撞","2021",11,10,7,"陰","日間自然光線",70,"三岔路","交叉路口內","柏油","乾燥","良好","正常","中央分向島","快慢車道分隔線","有",44,"未使用",121.834572,24.625834,"宜蘭縣","蘇澳鎮"
"側撞","2021",11,10,7,"陰","日間自然光線",70,"三岔路","交叉路口內","柏油","乾燥","良好","正常","中央分向島","快慢車道分隔線","有",64,"未使用",121.834572,24.625834,"宜蘭縣","蘇澳鎮"
"側撞","2021",11,10,7,"陰","日間自然光線",70,"三岔路","交叉路口內","柏油","乾燥","良好","正常","中央分向島","快慢車道分隔線","有",24,"未使用",121.834572,24.625834,"宜蘭縣","蘇澳鎮"
"側撞","2021",11,10,7,"陰","日間自然光線",70,"三岔路","交叉路口內","柏油","乾燥","良好","正常","中央分向島","快慢車道分隔線","有",49,"非駕駛人",121.834572,24.625834,"宜蘭縣","蘇澳鎮"
"側撞","2021",11,10,7,"陰","日間自然光線",70,"三岔路","交叉路口內","柏油","乾燥","良好","正常","中央分向島","快慢車道分隔線","有",23,"非駕駛人",121.834572,24.625834,"宜蘭縣","蘇澳鎮"
"側撞","2021",11,10,9,"晴","日間自然光線",50,"三岔路","交叉口附近","柏油","乾燥","良好","無號誌","行車分向線","未繪設快慢車道分隔線","有",59,"未使用",120.2455,22.79027,"高雄市","彌陀區"
"側撞","2021",11,10,9,"晴","日間自然光線",50,"三岔路","交叉口附近","柏油","乾燥","良好","無號誌","行車分向線","未繪設快慢車道分隔線","有",31,"未使用",120.2455,22.79027,"高雄市","彌陀區"
"側撞","2021",11,10,9,"晴","日間自然光線",50,"三岔路","交叉口附近","柏油","乾燥","良好","無號誌","行車分向線","未繪設快慢車道分隔線","有",72,"非駕駛人",120.2455,22.79027,"高雄市","彌陀區"
"撞交通島","2021",11,10,10,"晴","日間自然光線",70,"直路","交通島(含槽化線)","柏油","乾燥","良好","無號誌","中央分向島","快慢車道分隔線","有",65,"不明",120.668481,22.239163,"屏東縣","枋山鄉"
"路上翻車、摔倒","2021",11,10,12,"晴","日間自然光線",40,"直路","路肩、路緣","柏油","乾燥","良好","無號誌","中央分向島","窄式快慢車道分隔島(無柵欄)","有",110,"",120.202657,22.879757,"高雄市","茄萣區"
"路上翻車、摔倒","2021",11,10,12,"晴","日間自然光線",40,"直路","路肩、路緣","柏油","乾燥","良好","無號誌","中央分向島","窄式快慢車道分隔島(無柵欄)","有",29,"未使用",120.202657,22.879757,"高雄市","茄萣區"
"撞路樹、電桿","2021",11,11,10,"晴","日間自然光線",30,"彎曲路及附近","路肩、路緣","柏油","乾燥","良好","無號誌","雙向禁止超車線","未繪設快慢車道分隔線","有",70,"未使用",121.126716,24.019978,"南投縣","仁愛鄉"
"撞路樹、電桿","2021",11,11,10,"晴","日間自然光線",30,"彎曲路及附近","路肩、路緣","柏油","乾燥","良好","無號誌","雙向禁止超車線","未繪設快慢車道分隔線","有",54,"未使用",121.126716,24.019978,"南投縣","仁愛鄉"
"撞路樹、電桿","2021",11,11,10,"晴","日間自然光線",30,"彎曲路及附近","路肩、路緣","柏油","乾燥","良好","無號誌","雙向禁止超車線","未繪設快慢車道分隔線","有",67,"未使用",121.126716,24.019978,"南投縣","仁愛鄉"
"撞路樹、電桿","2021",11,11,10,"晴","日間自然光線",30,"彎曲路及附近","路肩、路緣","柏油","乾燥","良好","無號誌","雙向禁止超車線","未繪設快慢車道分隔線","有",64,"未使用",121.126716,24.019978,"南投縣","仁愛鄉"
"追撞","2021",11,11,12,"晴","日間自然光線",50,"高架道路","慢車道","柏油","乾燥","良好","無號誌","中央分向島","快慢車道分隔線","有",29,"不明",120.480579,23.685778,"雲林縣","斗南鎮"
"追撞","2021",11,11,12,"晴","日間自然光線",50,"高架道路","慢車道","柏油","乾燥","良好","無號誌","中央分向島","快慢車道分隔線","有",42,"非駕駛人",120.480579,23.685778,"雲林縣","斗南鎮"
"穿越道路中","2021",11,11,17,"晴","晨或暮光",50,"直路","一般車道(未劃分快慢車道)","柏油","乾燥","良好","無號誌","行車分向線","快慢車道分隔線","有",45,"未使用",120.967696,24.842163,"新竹縣","竹北市"
"穿越道路中","2021",11,11,17,"晴","晨或暮光",50,"直路","一般車道(未劃分快慢車道)","柏油","乾燥","良好","無號誌","行車分向線","快慢車道分隔線","有",86,"非駕駛人",120.967696,24.842163,"新竹縣","竹北市"
"撞路樹、電桿","2021",11,11,20,"晴","夜間(或隧道、地下道、涵洞)有照明",60,"直路","慢車道","柏油","乾燥","良好","無號誌","中央分向島","快慢車道分隔線","有",19,"未使用",121.818742,24.811955,"宜蘭縣","頭城鎮"
"撞路樹、電桿","2021",11,11,23,"晴","夜間(或隧道、地下道、涵洞)有照明",60,"彎曲路及附近","一般車道(未劃分快慢車道)","柏油","乾燥","良好","無號誌","雙向禁止超車線","未繪設快慢車道分隔線","有",29,"不明",120.992971,24.700242,"新竹縣","峨眉鄉"
"撞路樹、電桿","2021",11,11,23,"晴","夜間(或隧道、地下道、涵洞)有照明",60,"彎曲路及附近","一般車道(未劃分快慢車道)","柏油","乾燥","良好","無號誌","雙向禁止超車線","未繪設快慢車道分隔線","有",24,"不明",120.992971,24.700242,"新竹縣","峨眉鄉"
"撞路樹、電桿","2021",11,11,23,"晴","夜間(或隧道、地下道、涵洞)有照明",60,"彎曲路及附近","一般車道(未劃分快慢車道)","柏油","乾燥","良好","無號誌","雙向禁止超車線","未繪設快慢車道分隔線","有",30,"未使用",120.992971,24.700242,"新竹縣","峨眉鄉"
"追撞","2021",11,12,5,"雨","夜間(或隧道、地下道、涵洞)有照明",50,"三岔路","交叉路口內","柏油","濕潤","良好","正常","雙向禁止超車線","未繪設快慢車道分隔線","有",42,"不明",121.573633,24.997361,"臺北市","文山區"
"追撞","2021",11,12,5,"雨","夜間(或隧道、地下道、涵洞)有照明",50,"三岔路","交叉路口內","柏油","濕潤","良好","正常","雙向禁止超車線","未繪設快慢車道分隔線","有",39,"不明",121.573633,24.997361,"臺北市","文山區"
"追撞","2021",11,12,5,"雨","夜間(或隧道、地下道、涵洞)有照明",50,"三岔路","交叉路口內","柏油","濕潤","良好","正常","雙向禁止超車線","未繪設快慢車道分隔線","有",57,"不明",121.573633,24.997361,"臺北市","文山區"
"路口交岔撞","2021",11,12,10,"晴","日間自然光線",50,"四岔路","交叉路口內","柏油","乾燥","良好","正常","無","未繪設快慢車道分隔線","無",19,"未使用",120.23333,23.032945,"臺南市","永康區"
"路口交岔撞","2021",11,12,10,"晴","日間自然光線",50,"四岔路","交叉路口內","柏油","乾燥","良好","正常","無","未繪設快慢車道分隔線","無",47,"未使用",120.23333,23.032945,"臺南市","永康區"
"路口交岔撞","2021",11,13,5,"晴","夜間(或隧道、地下道、涵洞)有照明",60,"四岔路","交叉路口內","柏油","乾燥","良好","正常","無","未繪設快慢車道分隔線","無",20,"不明",120.3403,22.62582,"高雄市","大寮區"
"路口交岔撞","2021",11,13,5,"晴","夜間(或隧道、地下道、涵洞)有照明",60,"四岔路","交叉路口內","柏油","乾燥","良好","正常","無","未繪設快慢車道分隔線","無",54,"非駕駛人",120.3403,22.62582,"高雄市","大寮區"
"路口交岔撞","2021",11,13,5,"晴","夜間(或隧道、地下道、涵洞)有照明",60,"四岔路","交叉路口內","柏油","乾燥","良好","正常","無","未繪設快慢車道分隔線","無",53,"未使用",120.3403,22.62582,"高雄市","大寮區"
"路口交岔撞","2021",11,13,5,"晴","夜間(或隧道、地下道、涵洞)有照明",60,"四岔路","交叉路口內","柏油","乾燥","良好","正常","無","未繪設快慢車道分隔線","無",17,"非駕駛人",120.3403,22.62582,"高雄市","大寮區"
"路口交岔撞","2021",11,13,15,"晴","日間自然光線",50,"四岔路","交叉路口內","柏油","乾燥","良好","無號誌","無","未繪設快慢車道分隔線","無",50,"未使用",120.420234,23.71142,"雲林縣","虎尾鎮"
"路口交岔撞","2021",11,13,15,"晴","日間自然光線",50,"四岔路","交叉路口內","柏油","乾燥","良好","無號誌","無","未繪設快慢車道分隔線","無",20,"未使用",120.420234,23.71142,"雲林縣","虎尾鎮"
"側撞","2021",11,13,16,"晴","日間自然光線",40,"四岔路","交叉路口內","柏油","乾燥","良好","正常","無","未繪設快慢車道分隔線","無",24,"未使用",120.662029,24.178109,"臺中市","北屯區"
"側撞","2021",11,13,16,"晴","日間自然光線",40,"四岔路","交叉路口內","柏油","乾燥","良好","正常","無","未繪設快慢車道分隔線","無",40,"未使用",120.662029,24.178109,"臺中市","北屯區"
"追撞","2021",11,13,17,"雨","夜間(或隧道、地下道、涵洞)有照明",50,"直路","一般車道(未劃分快慢車道)","柏油","濕潤","良好","無號誌","中央分向島","未繪設快慢車道分隔線","有",21,"未使用",121.366256,24.915242,"新北市","三峽區"
"追撞","2021",11,13,17,"雨","夜間(或隧道、地下道、涵洞)有照明",50,"直路","一般車道(未劃分快慢車道)","柏油","濕潤","良好","無號誌","中央分向島","未繪設快慢車道分隔線","有",20,"未使用",121.366256,24.915242,"新北市","三峽區"
"追撞","2021",11,13,17,"雨","夜間(或隧道、地下道、涵洞)有照明",50,"直路","一般車道(未劃分快慢車道)","柏油","濕潤","良好","無號誌","中央分向島","未繪設快慢車道分隔線","有",53,"未使用",121.366256,24.915242,"新北市","三峽區"
"衝出路外","2021",11,14,12,"晴","日間自然光線",40,"彎曲路及附近","一般車道(未劃分快慢車道)","柏油","乾燥","不良","無號誌","雙向禁止超車線","未繪設快慢車道分隔線","有",18,"未使用",120.582959,23.373543,"嘉義縣","中埔鄉"
"同向通行中","2021",11,15,5,"晴","夜間(或隧道、地下道、涵洞)有照明",50,"直路","慢車道","柏油","乾燥","良好","無號誌","雙向禁止超車線","快慢車道分隔線","無",41,"不明",120.3339,22.64102,"高雄市","三民區"
"同向通行中","2021",11,15,5,"晴","夜間(或隧道、地下道、涵洞)有照明",50,"直路","慢車道","柏油","乾燥","良好","無號誌","雙向禁止超車線","快慢車道分隔線","無",49,"不明",120.3339,22.64102,"高雄市","三民區"
"同向通行中","2021",11,15,5,"晴","夜間(或隧道、地下道、涵洞)有照明",50,"直路","慢車道","柏油","乾燥","良好","無號誌","雙向禁止超車線","快慢車道分隔線","無",72,"非駕駛人",120.3339,22.64102,"高雄市","三民區"
"同向通行中","2021",11,15,5,"晴","夜間(或隧道、地下道、涵洞)有照明",50,"直路","慢車道","柏油","乾燥","良好","無號誌","雙向禁止超車線","快慢車道分隔線","無",38,"未使用",120.3339,22.64102,"高雄市","三民區"
"同向擦撞","2021",11,15,10,"晴","日間自然光線",50,"直路","一般車道(未劃分快慢車道)","柏油","乾燥","良好","無號誌","行車分向線","未繪設快慢車道分隔線","無",36,"不明",121.485489,25.008796,"新北市","中和區"
"同向擦撞","2021",11,15,10,"晴","日間自然光線",50,"直路","一般車道(未劃分快慢車道)","柏油","乾燥","良好","無號誌","行車分向線","未繪設快慢車道分隔線","無",32,"未使用",121.485489,25.008796,"新北市","中和區"
"同向擦撞","2021",11,15,10,"晴","日間自然光線",50,"四岔路","交叉路口內","柏油","乾燥","良好","正常","中央分向島","未繪設快慢車道分隔線","有",51,"未使用",121.509372,25.086581,"臺北市","士林區"
"同向擦撞","2021",11,15,10,"晴","日間自然光線",50,"四岔路","交叉路口內","柏油","乾燥","良好","正常","中央分向島","未繪設快慢車道分隔線","有",57,"未使用",121.509372,25.086581,"臺北市","士林區"
"同向擦撞","2021",11,15,10,"晴","日間自然光線",50,"四岔路","交叉路口內","柏油","乾燥","良好","正常","中央分向島","未繪設快慢車道分隔線","有",1,"非駕駛人",121.509372,25.086581,"臺北市","士林區"
"撞橋樑、建築物","2021",11,15,11,"晴","日間自然光線",40,"直路","一般車道(未劃分快慢車道)","柏油","乾燥","良好","無號誌","無","未繪設快慢車道分隔線","有",84,"不明",121.108675,24.720892,"新竹縣","橫山鄉"
"追撞","2021",11,15,11,"晴","日間自然光線",90,"直路","快車道","柏油","乾燥","良好","無號誌","中央分向島","未繪設快慢車道分隔線","有",47,"不明",121.104074,25.059461,"桃園市","觀音區"
"追撞","2021",11,15,11,"晴","日間自然光線",90,"直路","快車道","柏油","乾燥","良好","無號誌","中央分向島","未繪設快慢車道分隔線","有",51,"未使用",121.104074,25.059461,"桃園市","觀音區"
"其他","2021",11,15,18,"晴","夜間(或隧道、地下道、涵洞)有照明",50,"彎曲路及附近","一般車道(未劃分快慢車道)","柏油","乾燥","良好","無號誌","行車分向線","未繪設快慢車道分隔線","有",38,"未使用",120.455926,23.749546,"雲林縣","西螺鎮"
"其他","2021",11,15,18,"晴","夜間(或隧道、地下道、涵洞)有照明",50,"彎曲路及附近","一般車道(未劃分快慢車道)","柏油","乾燥","良好","無號誌","行車分向線","未繪設快慢車道分隔線","有",28,"未使用",120.455926,23.749546,"雲林縣","西螺鎮"