"事故類型及型態子類別名稱","發生年度","發生月份","發生日期","發生時間","天候名稱","光線名稱","速限.第1當事者","道路型態子類別名稱","事故位置子類別名稱","路面狀況.路面鋪裝名稱","路面狀況.路面狀態名稱","道路障礙.視距品質名稱","號誌.號誌動作名稱","車道劃分設施.分向設施大類別名稱","車道劃分設施.分道設施.快慢車道間名稱","車道劃分設施.分道設施.路面邊線名稱","當事者事故發生時年齡","行動電話或電腦或其他相類功能裝置名稱","經度","緯度","縣市","鄉鎮"
"側撞","2021",11,22,17,"陰","夜間(或隧道、地下道、涵洞)有照明",30,"直路","一般車道(未劃分快慢車道)","柏油","乾燥","良好","無號誌","無","未繪設快慢車道分隔線","有",81,"未使用",121.78256,24.786091,"宜蘭縣","礁溪鄉"
"同向擦撞","2021",11,22,20,"雨","夜間(或隧道、地下道、涵洞)有照明",50,"直路","一般車道(未劃分快慢車道)","柏油","濕潤","良好","無號誌","中央分向島","未繪設快慢車道分隔線","有",58,"未使用",121.741748,25.113857,"基隆市","仁愛區"
"同向擦撞","2021",11,22,20,"雨","夜間(或隧道、地下道、涵洞)有照明",50,"直路","一般車道(未劃分快慢車道)","柏油","濕潤","良好","無號誌","中央分向島","未繪設快慢車道分隔線","有",49,"未使用",121.741748,25.113857,"基隆市","仁愛區"
"路口交岔撞","2021",11,23,6,"晴","晨或暮光",60,"四岔路","交叉路口內","柏油","乾燥","良好","正常","中央分向島","快慢車道分隔線","有",54,"未使用",120.556151,23.70815,"雲林縣","斗六市"
"路口交岔撞","2021",11,23,6,"晴","晨或暮光",60,"四岔路","交叉路口內","柏油","乾燥","良好","正常","中央分向島","快慢車道分隔線","有",73,"未使用",120.556151,23.70815,"雲林縣","斗六市"
"側撞","2021",11,23,7,"陰","日間自然光線",30,"三岔路","交叉路口內","柏油","乾燥","良好","無號誌","無","未繪設快慢車道分隔線","無",89,"未使用",120.844538,24.595179,"苗栗縣","頭屋鄉"
"側撞","2021",11,23,7,"陰","日間自然光線",30,"三岔路","交叉路口內","柏油","乾燥","良好","無號誌","無","未繪設快慢車道分隔線","無",33,"未使用",120.844538,24.595179,"苗栗縣","頭屋鄉"
"路口交岔撞","2021",11,23,11,"晴","日間自然光線",50,"四岔路","交叉路口內","柏油","乾燥","良好","正常","中央分向島","未繪設快慢車道分隔線","有",20,"未使用",121.759452,24.779156,"宜蘭縣","宜蘭市"
"路口交岔撞","2021",11,23,11,"晴","日間自然光線",50,"四岔路","交叉路口內","柏油","乾燥","良好","正常","中央分向島","未繪設快慢車道分隔線","有",58,"未使用",121.759452,24.779156,"宜蘭縣","宜蘭市"
"路上翻車、摔倒","2021",11,23,14,"晴","日間自然光線",50,"四岔路","交叉路口內","柏油","乾燥","不良","無號誌","無","未繪設快慢車道分隔線","無",41,"未使用",120.477636,23.283753,"臺南市","東山區"
"路上翻車、摔倒","2021",11,23,14,"晴","日間自然光線",50,"四岔路","交叉路口內","柏油","乾燥","不良","無號誌","無","未繪設快慢車道分隔線","無",64,"未使用",120.477636,23.283753,"臺南市","東山區"
"側撞","2021",11,23,14,"晴","日間自然光線",50,"三岔路","交叉路口內","柏油","乾燥","良好","無號誌","無","未繪設快慢車道分隔線","無",76,"未使用",120.459416,23.449582,"嘉義縣","中埔鄉"
"側撞","2021",11,23,14,"晴","日間自然光線",50,"三岔路","交叉路口內","柏油","乾燥","良好","無號誌","無","未繪設快慢車道分隔線","無",19,"未使用",120.459416,23.449582,"嘉義縣","中埔鄉"
"撞號誌、標誌桿","2021",11,23,21,"晴","夜間(或隧道、地下道、涵洞)有照明",40,"四岔路","慢車道","柏油","乾燥","良好","正常","中央分向島","寛式快慢車道分隔島(50公分以上)","有",42,"未使用",120.869975,24.724431,"苗栗縣","竹南鎮"
"衝出路外","2021",11,24,5,"晴","夜間(或隧道、地下道、涵洞)有照明",30,"彎曲路及附近","一般車道(未劃分快慢車道)","柏油","乾燥","良好","無號誌","無","未繪設快慢車道分隔線","有",84,"不明",120.276148,23.754731,"雲林縣","麥寮鄉"
"同向擦撞","2021",11,24,9,"晴","日間自然光線",50,"四岔路","交叉路口內","柏油","乾燥","良好","正常","行車分向線","未繪設快慢車道分隔線","無",19,"未使用",121.518127,25.05477,"臺北市","大同區"
"同向擦撞","2021",11,24,9,"晴","日間自然光線",50,"四岔路","交叉路口內","柏油","乾燥","良好","正常","行車分向線","未繪設快慢車道分隔線","無",50,"未使用",121.518127,25.05477,"臺北市","大同區"
"同向擦撞","2021",11,24,9,"晴","日間自然光線",50,"四岔路","交叉路口內","柏油","乾燥","良好","正常","行車分向線","未繪設快慢車道分隔線","無",41,"未使用",121.518127,25.05477,"臺北市","大同區"
"側撞","2021",11,24,11,"陰","日間自然光線",50,"四岔路","交叉路口內","柏油","乾燥","良好","正常","無","未繪設快慢車道分隔線","無",61,"未使用",121.269934,24.977477,"桃園市","八德區"
"側撞","2021",11,24,11,"陰","日間自然光線",50,"四岔路","交叉路口內","柏油","乾燥","良好","正常","無","未繪設快慢車道分隔線","無",37,"未使用",121.269934,24.977477,"桃園市","八德區"
"路上翻車、摔倒","2021",11,24,15,"晴","日間自然光線",40,"彎曲路及附近","一般車道(未劃分快慢車道)","柏油","乾燥","良好","無號誌","雙向禁止超車線","未繪設快慢車道分隔線","有",19,"未使用",120.595132,24.028466,"彰化縣","芬園鄉"
"側撞","2021",11,24,17,"晴","夜間(或隧道、地下道、涵洞)有照明",50,"三岔路","交叉路口內","柏油","乾燥","良好","正常","無","未繪設快慢車道分隔線","無",59,"未使用",121.610936,23.969425,"花蓮縣","花蓮市"
"側撞","2021",11,24,17,"晴","夜間(或隧道、地下道、涵洞)有照明",50,"三岔路","交叉路口內","柏油","乾燥","良好","正常","無","未繪設快慢車道分隔線","無",32,"未使用",121.610936,23.969425,"花蓮縣","花蓮市"
"其他","2021",11,24,17,"晴","夜間(或隧道、地下道、涵洞)有照明",50,"直路","路肩、路緣","柏油","乾燥","良好","無號誌","雙向禁止超車線","未繪設快慢車道分隔線","有",31,"不明",120.322959,23.210539,"臺南市","官田區"
"其他","2021",11,24,17,"晴","夜間(或隧道、地下道、涵洞)有照明",50,"直路","路肩、路緣","柏油","乾燥","良好","無號誌","雙向禁止超車線","未繪設快慢車道分隔線","有",48,"未使用",120.322959,23.210539,"臺南市","官田區"
"撞護欄(樁)","2021",11,25,1,"晴","夜間(或隧道、地下道、涵洞)有照明",30,"直路","一般車道(未劃分快慢車道)","柏油","乾燥","良好","無號誌","無","未繪設快慢車道分隔線","無",39,"不明",120.871426,24.658542,"苗栗縣","竹南鎮"
"其他","2021",11,25,5,"晴","夜間(或隧道、地下道、涵洞)有照明",70,"直路","路肩、路緣","柏油","乾燥","良好","無號誌","中央分向島","未繪設快慢車道分隔線","有",18,"非駕駛人",121.152644,22.745919,"臺東縣","臺東市"
"其他","2021",11,25,5,"晴","夜間(或隧道、地下道、涵洞)有照明",70,"直路","路肩、路緣","柏油","乾燥","良好","無號誌","中央分向島","未繪設快慢車道分隔線","有",19,"未使用",121.152644,22.745919,"臺東縣","臺東市"
"撞交通島","2021",11,25,6,"陰","日間自然光線",50,"直路","一般車道(未劃分快慢車道)","柏油","乾燥","良好","無號誌","中央分向島","未繪設快慢車道分隔線","有",59,"非駕駛人",121.242448,25.033045,"桃園市","大園區"
"撞交通島","2021",11,25,6,"陰","日間自然光線",50,"直路","一般車道(未劃分快慢車道)","柏油","乾燥","良好","無號誌","中央分向島","未繪設快慢車道分隔線","有",50,"非駕駛人",121.242448,25.033045,"桃園市","大園區"
"撞交通島","2021",11,25,6,"陰","日間自然光線",50,"直路","一般車道(未劃分快慢車道)","柏油","乾燥","良好","無號誌","中央分向島","未繪設快慢車道分隔線","有",57,"未使用",121.242448,25.033045,"桃園市","大園區"
"撞交通島","2021",11,25,6,"陰","日間自然光線",50,"直路","一般車道(未劃分快慢車道)","柏油","乾燥","良好","無號誌","中央分向島","未繪設快慢車道分隔線","有",48,"未使用",121.242448,25.033045,"桃園市","大園區"
"撞交通島","2021",11,25,6,"陰","日間自然光線",50,"直路","一般車道(未劃分快慢車道)","柏油","乾燥","良好","無號誌","中央分向島","未繪設快慢車道分隔線","有",24,"未使用",121.242448,25.033045,"桃園市","大園區"
"撞交通島","2021",11,25,6,"陰","日間自然光線",50,"直路","一般車道(未劃分快慢車道)","柏油","乾燥","良好","無號誌","中央分向島","未繪設快慢車道分隔線","有",52,"非駕駛人",121.242448,25.033045,"桃園市","大園區"
"撞路樹、電桿","2021",11,25,8,"晴","日間自然光線",50,"直路","一般車道(未劃分快慢車道)","柏油","乾燥","良好","無號誌","中央分向島","未繪設快慢車道分隔線","無",66,"不明",121.397963,24.941679,"新北市","三峽區"
"穿越道路中","2021",11,25,8,"陰","日間自然光線",50,"多岔路","交叉口附近","柏油","乾燥","良好","正常","無","未繪設快慢車道分隔線","有",43,"未使用",121.476742,25.032206,"新北市","板橋區"
"穿越道路中","2021",11,25,8,"陰","日間自然光線",50,"多岔路","交叉口附近","柏油","乾燥","良好","正常","無","未繪設快慢車道分隔線","有",74,"非駕駛人",121.476742,25.032206,"新北市","板橋區"
"其他","2021",11,25,17,"晴","夜間(或隧道、地下道、涵洞)有照明",50,"直路","一般車道(未劃分快慢車道)","柏油","乾燥","良好","無號誌","中央分向島","未繪設快慢車道分隔線","有",62,"不明",120.941618,24.835096,"新竹市","北區"
"其他","2021",11,25,17,"晴","夜間(或隧道、地下道、涵洞)有照明",50,"直路","一般車道(未劃分快慢車道)","柏油","乾燥","良好","無號誌","中央分向島","未繪設快慢車道分隔線","有",39,"不明",120.941618,24.835096,"新竹市","北區"
"撞路樹、電桿","2021",11,25,19,"晴","夜間(或隧道、地下道、涵洞)有照明",25,"彎曲路及附近","一般車道(未劃分快慢車道)","柏油","乾燥","不良","無號誌","雙向禁止超車線","未繪設快慢車道分隔線","有",73,"未使用",120.589938,23.562721,"嘉義縣","梅山鄉"
"撞路樹、電桿","2021",11,25,19,"晴","夜間(或隧道、地下道、涵洞)有照明",25,"彎曲路及附近","一般車道(未劃分快慢車道)","柏油","乾燥","不良","無號誌","雙向禁止超車線","未繪設快慢車道分隔線","有",73,"未使用",120.589938,23.562721,"嘉義縣","梅山鄉"
"對撞","2021",11,25,20,"晴","夜間(或隧道、地下道、涵洞)無照明",50,"直路","一般車道(未劃分快慢車道)","柏油","乾燥","良好","無號誌","行車分向線","未繪設快慢車道分隔線","有",33,"未使用",120.980289,24.898566,"新竹縣","新豐鄉"
"對撞","2021",11,25,20,"晴","夜間(或隧道、地下道、涵洞)無照明",50,"直路","一般車道(未劃分快慢車道)","柏油","乾燥","良好","無號誌","行車分向線","未繪設快慢車道分隔線","有",62,"未使用",120.980289,24.898566,"新竹縣","新豐鄉"
"側撞","2021",11,25,22,"晴","夜間(或隧道、地下道、涵洞)有照明",50,"四岔路","交叉路口內","柏油","乾燥","良好","正常","無","未繪設快慢車道分隔線","無",60,"未使用",120.722033,24.149278,"臺中市","太平區"
"側撞","2021",11,25,22,"晴","夜間(或隧道、地下道、涵洞)有照明",50,"四岔路","交叉路口內","柏油","乾燥","良好","正常","無","未繪設快慢車道分隔線","無",60,"未使用",120.722033,24.149278,"臺中市","太平區"
"穿越道路中","2021",11,26,5,"晴","日間自然光線",50,"四岔路","交叉路口內","柏油","乾燥","良好","正常","雙向禁止超車線","未繪設快慢車道分隔線","有",86,"非駕駛人",120.835266,24.251244,"臺中市","東勢區"
"穿越道路中","2021",11,26,5,"晴","日間自然光線",50,"四岔路","交叉路口內","柏油","乾燥","良好","正常","雙向禁止超車線","未繪設快慢車道分隔線","有",26,"未使用",120.835266,24.251244,"臺中市","東勢區"
"穿越道路中","2021",11,26,6,"雨","日間自然光線",50,"直路","一般車道(未劃分快慢車道)","柏油","濕潤","良好","無號誌","雙向禁止超車線","未繪設快慢車道分隔線","有",62,"未使用",121.264529,24.881315,"桃園市","大溪區"
"穿越道路中","2021",11,26,6,"雨","日間自然光線",50,"直路","一般車道(未劃分快慢車道)","柏油","濕潤","良好","無號誌","雙向禁止超車線","未繪設快慢車道分隔線","有",89,"未使用",121.264529,24.881315,"桃園市","大溪區"
"側撞","2021",11,26,7,"雨","日間自然光線",30,"三岔路","交叉口附近","柏油","濕潤","良好","無號誌","中央分向島","未繪設快慢車道分隔線","無",48,"未使用",121.544331,25.059051,"臺北市","松山區"
"側撞","2021",11,26,7,"雨","日間自然光線",30,"三岔路","交叉口附近","柏油","濕潤","良好","無號誌","中央分向島","未繪設快慢車道分隔線","無",13,"非駕駛人",121.544331,25.059051,"臺北市","松山區"
"側撞","2021",11,26,7,"雨","日間自然光線",30,"三岔路","交叉口附近","柏油","濕潤","良好","無號誌","中央分向島","未繪設快慢車道分隔線","無",51,"未使用",121.544331,25.059051,"臺北市","松山區"
"路上翻車、摔倒","2021",11,26,12,"陰","日間自然光線",60,"其他","其他","水泥","濕潤","良好","無號誌","無","未繪設快慢車道分隔線","有",48,"不明",120.891717,23.790393,"南投縣","水里鄉"
"路上翻車、摔倒","2021",11,26,18,"晴","夜間(或隧道、地下道、涵洞)有照明",50,"直路","一般車道(未劃分快慢車道)","柏油","乾燥","良好","無號誌","無","未繪設快慢車道分隔線","有",24,"未使用",121.022564,24.846186,"新竹縣","竹北市"
"路上翻車、摔倒","2021",11,26,18,"晴","夜間(或隧道、地下道、涵洞)有照明",50,"直路","一般車道(未劃分快慢車道)","柏油","乾燥","良好","無號誌","無","未繪設快慢車道分隔線","有",25,"未使用",121.022564,24.846186,"新竹縣","竹北市"
"撞橋樑、建築物","2021",11,27,0,"雨","夜間(或隧道、地下道、涵洞)有照明",50,"四岔路","交叉口附近","柏油","濕潤","良好","無號誌","無","未繪設快慢車道分隔線","無",30,"未使用",120.704882,23.827113,"南投縣","名間鄉"
"撞橋樑、建築物","2021",11,27,0,"雨","夜間(或隧道、地下道、涵洞)有照明",50,"四岔路","交叉口附近","柏油","濕潤","良好","無號誌","無","未繪設快慢車道分隔線","無",30,"未使用",120.704882,23.827113,"南投縣","名間鄉"
"其他","2021",11,27,3,"雨","夜間(或隧道、地下道、涵洞)有照明",50,"三岔路","交叉口附近","柏油","濕潤","良好","正常","中央分向島","未繪設快慢車道分隔線","無",45,"未使用",121.361165,25.073423,"新北市","林口區"
"其他","2021",11,27,3,"雨","夜間(或隧道、地下道、涵洞)有照明",50,"三岔路","交叉口附近","柏油","濕潤","良好","正常","中央分向島","未繪設快慢車道分隔線","無",26,"非駕駛人",121.361165,25.073423,"新北市","林口區"
"穿越道路中","2021",11,27,3,"雨","夜間(或隧道、地下道、涵洞)有照明",50,"三岔路","交叉路口內","柏油","濕潤","良好","正常","無","未繪設快慢車道分隔線","無",25,"不明",121.479751,25.072592,"新北市","三重區"
"穿越道路中","2021",11,27,3,"雨","夜間(或隧道、地下道、涵洞)有照明",50,"三岔路","交叉路口內","柏油","濕潤","良好","正常","無","未繪設快慢車道分隔線","無",82,"非駕駛人",121.479751,25.072592,"新北市","三重區"
"穿越道路中","2021",11,27,3,"雨","夜間(或隧道、地下道、涵洞)有照明",50,"三岔路","交叉路口內","柏油","濕潤","良好","正常","無","未繪設快慢車道分隔線","無",43,"未使用",121.479751,25.072592,"新北市","三重區"
"側撞","2021",11,27,13,"陰","日間自然光線",50,"三岔路","交叉口附近","柏油","乾燥","良好","無號誌","行車分向線","未繪設快慢車道分隔線","有",75,"未使用",121.083394,24.746402,"新竹縣","竹東鎮"
"側撞","2021",11,27,13,"陰","日間自然光線",50,"三岔路","交叉口附近","柏油","乾燥","良好","無號誌","行車分向線","未繪設快慢車道分隔線","有",29,"未使用",121.083394,24.746402,"新竹縣","竹東鎮"
"側撞","2021",11,27,13,"陰","日間自然光線",50,"三岔路","交叉口附近","柏油","乾燥","良好","無號誌","行車分向線","未繪設快慢車道分隔線","有",41,"未使用",121.083394,24.746402,"新竹縣","竹東鎮"
"撞路樹、電桿","2021",11,27,15,"雨","夜間(或隧道、地下道、涵洞)有照明",50,"三岔路","交叉口附近","柏油","濕潤","良好","正常","雙向禁止超車線","未繪設快慢車道分隔線","有",27,"未使用",121.63824,25.073213,"新北市","汐止區"
"撞路樹、電桿","2021",11,27,15,"雨","夜間(或隧道、地下道、涵洞)有照明",50,"三岔路","交叉口附近","柏油","濕潤","良好","正常","雙向禁止超車線","未繪設快慢車道分隔線","有",20,"非駕駛人",121.63824,25.073213,"新北市","汐止區"
"穿越道路中","2021",11,28,2,"雨","夜間(或隧道、地下道、涵洞)有照明",40,"四岔路","慢車道","柏油","濕潤","良好","正常","雙向禁止超車線","快慢車道分隔線","有",63,"未使用",120.211296,22.986469,"臺南市","東區"
"穿越道路中","2021",11,28,2,"雨","夜間(或隧道、地下道、涵洞)有照明",40,"四岔路","慢車道","柏油","濕潤","良好","正常","雙向禁止超車線","快慢車道分隔線","有",67,"未使用",120.211296,22.986469,"臺南市","東區"
"穿越道路中","2021",11,28,4,"雨","夜間(或隧道、地下道、涵洞)有照明",70,"三岔路","交叉路口內","柏油","濕潤","良好","正常","無","未繪設快慢車道分隔線","無",63,"未使用",121.620846,24.106868,"花蓮縣","新城鄉"
"穿越道路中","2021",11,28,4,"雨","夜間(或隧道、地下道、涵洞)有照明",70,"三岔路","交叉路口內","柏油","濕潤","良好","正常","無","未繪設快慢車道分隔線","無",62,"非駕駛人",121.620846,24.106868,"花蓮縣","新城鄉"
"撞號誌、標誌桿","2021",11,28,6,"雨","日間自然光線",50,"直路","一般車道(未劃分快慢車道)","柏油","濕潤","良好","無號誌","雙向禁止超車線","未繪設快慢車道分隔線","有",65,"不明",120.688406,23.734241,"南投縣","竹山鎮"
"追撞","2021",11,28,8,"晴","日間自然光線",50,"直路","一般車道(未劃分快慢車道)","柏油","乾燥","良好","無號誌","行車分向線","未繪設快慢車道分隔線","有",51,"不明",120.494933,23.841014,"彰化縣","溪州鄉"
"追撞","2021",11,28,8,"晴","日間自然光線",50,"直路","一般車道(未劃分快慢車道)","柏油","乾燥","良好","無號誌","行車分向線","未繪設快慢車道分隔線","有",64,"不明",120.494933,23.841014,"彰化縣","溪州鄉"
"同向擦撞","2021",11,28,9,"晴","日間自然光線",60,"直路","一般車道(未劃分快慢車道)","柏油","乾燥","良好","無號誌","雙向禁止超車線","快慢車道分隔線","有",83,"未使用",120.458841,23.875361,"彰化縣","埤頭鄉"
"同向擦撞","2021",11,28,9,"晴","日間自然光線",60,"直路","一般車道(未劃分快慢車道)","柏油","乾燥","良好","無號誌","雙向禁止超車線","快慢車道分隔線","有",19,"未使用",120.458841,23.875361,"彰化縣","埤頭鄉"
"同向擦撞","2021",11,28,9,"晴","日間自然光線",60,"直路","一般車道(未劃分快慢車道)","柏油","乾燥","良好","無號誌","雙向禁止超車線","快慢車道分隔線","有",83,"未使用",120.458841,23.875361,"彰化縣","埤頭鄉"
"衝出路外","2021",11,28,11,"晴","日間自然光線",50,"四岔路","交叉口附近","柏油","乾燥","良好","正常","無","未繪設快慢車道分隔線","有",75,"不明",121.50069,25.033189,"臺北市","萬華區"
"撞路樹、電桿","2021",11,28,16,"陰","日間自然光線",70,"直路","一般車道(未劃分快慢車道)","柏油","乾燥","良好","無號誌","雙向禁止超車線","未繪設快慢車道分隔線","有",57,"未使用",119.559354,23.660956,"澎湖縣","白沙鄉"
"撞路樹、電桿","2021",11,28,16,"陰","日間自然光線",70,"直路","一般車道(未劃分快慢車道)","柏油","乾燥","良好","無號誌","雙向禁止超車線","未繪設快慢車道分隔線","有",59,"非駕駛人",119.559354,23.660956,"澎湖縣","白沙鄉"
"其他","2021",11,28,16,"雨","夜間(或隧道、地下道、涵洞)有照明",60,"橋樑","快車道","柏油","濕潤","不良","無號誌","中央分向島","快慢車道分隔線","有",34,"未使用",121.770144,24.718598,"宜蘭縣","宜蘭市"
"其他","2021",11,28,16,"雨","夜間(或隧道、地下道、涵洞)有照明",60,"橋樑","快車道","柏油","濕潤","不良","無號誌","中央分向島","快慢車道分隔線","有",46,"未使用",121.770144,24.718598,"宜蘭縣","宜蘭市"
"同向通行中","2021",11,28,21,"雨","夜間(或隧道、地下道、涵洞)無照明",70,"直路","一般車道(未劃分快慢車道)","柏油","濕潤","良好","無號誌","雙向禁止超車線","未繪設快慢車道分隔線","有",22,"不明",120.529622,22.427027,"屏東縣","佳冬鄉"
"同向通行中","2021",11,28,21,"雨","夜間(或隧道、地下道、涵洞)無照明",70,"直路","一般車道(未劃分快慢車道)","柏油","濕潤","良好","無號誌","雙向禁止超車線","未繪設快慢車道分隔線","有",94,"不明",120.529622,22.427027,"屏東縣","佳冬鄉"
"追撞","2021",11,29,10,"晴","日間自然光線",50,"直路","一般車道(未劃分快慢車道)","柏油","乾燥","良好","正常","中央分向島","窄式快慢車道分隔島(無柵欄)","無",20,"未使用",120.914787,24.77841,"新竹市","香山區"
"追撞","2021",11,29,10,"晴","日間自然光線",50,"直路","一般車道(未劃分快慢車道)","柏油","乾燥","良好","正常","中央分向島","窄式快慢車道分隔島(無柵欄)","無",51,"未使用",120.914787,24.77841,"新竹市","香山區"
"追撞","2021",11,29,11,"雨","日間自然光線",50,"直路","機車優先道","柏油","濕潤","良好","無號誌","中央分向島","快慢車道分隔線","有",18,"未使用",121.556035,23.896474,"花蓮縣","壽豐鄉"
"追撞","2021",11,29,11,"雨","日間自然光線",50,"直路","機車優先道","柏油","濕潤","良好","無號誌","中央分向島","快慢車道分隔線","有",42,"未使用",121.556035,23.896474,"花蓮縣","壽豐鄉"
"追撞","2021",11,29,16,"晴","日間自然光線",50,"直路","一般車道(未劃分快慢車道)","柏油","乾燥","良好","無號誌","中央分向島","未繪設快慢車道分隔線","有",55,"未使用",121.368898,25.064102,"桃園市","龜山區"
"追撞","2021",11,29,16,"晴","日間自然光線",50,"直路","一般車道(未劃分快慢車道)","柏油","乾燥","良好","無號誌","中央分向島","未繪設快慢車道分隔線","有",64,"未使用",121.368898,25.064102,"桃園市","龜山區"
"側撞","2021",11,29,17,"晴","晨或暮光",50,"四岔路","交叉路口內","柏油","乾燥","良好","正常","無","未繪設快慢車道分隔線","無",55,"未使用",120.534766,24.26856,"臺中市","清水區"
"側撞","2021",11,29,17,"晴","晨或暮光",50,"四岔路","交叉路口內","柏油","乾燥","良好","正常","無","未繪設快慢車道分隔線","無",65,"未使用",120.534766,24.26856,"臺中市","清水區"
"撞護欄(樁)","2021",11,29,17,"晴","夜間(或隧道、地下道、涵洞)有照明",30,"直路","一般車道(未劃分快慢車道)","柏油","乾燥","良好","無號誌","無","未繪設快慢車道分隔線","無",54,"未使用",120.587907,24.251181,"臺中市","沙鹿區"
"路上翻車、摔倒","2021",11,30,5,"晴","晨或暮光",50,"三岔路","交叉口附近","柏油","乾燥","良好","正常","無","未繪設快慢車道分隔線","有",110,"",120.310077,22.826165,"高雄市","岡山區"
"路上翻車、摔倒","2021",11,30,5,"晴","晨或暮光",50,"三岔路","交叉口附近","柏油","乾燥","良好","正常","無","未繪設快慢車道分隔線","有",81,"未使用",120.310077,22.826165,"高雄市","岡山區"
"側撞","2021",11,30,17,"晴","夜間(或隧道、地下道、涵洞)有照明",50,"三岔路","交叉路口內","柏油","乾燥","良好","正常","無","未繪設快慢車道分隔線","無",24,"未使用",121.385393,25.042081,"桃園市","龜山區"
"側撞","2021",11,30,17,"晴","夜間(或隧道、地下道、涵洞)有照明",50,"三岔路","交叉路口內","柏油","乾燥","良好","正常","無","未繪設快慢車道分隔線","無",58,"未使用",121.385393,25.042081,"桃園市","龜山區"
"側撞","2021",11,30,18,"陰","夜間(或隧道、地下道、涵洞)有照明",50,"三岔路","交叉路口內","柏油","乾燥","不良","無號誌","雙向禁止超車線","未繪設快慢車道分隔線","有",66,"不明",120.526749,23.950544,"彰化縣","溪湖鎮"
"側撞","2021",11,30,18,"陰","夜間(或隧道、地下道、涵洞)有照明",50,"三岔路","交叉路口內","柏油","乾燥","不良","無號誌","雙向禁止超車線","未繪設快慢車道分隔線","有",62,"不明",120.526749,23.950544,"彰化縣","溪湖鎮"
"衝出路外","2021",11,30,19,"晴","夜間(或隧道、地下道、涵洞)有照明",50,"三岔路","交叉路口內","水泥","乾燥","良好","無號誌","無","未繪設快慢車道分隔線","無",29,"未使用",120.746528,24.574881,"苗栗縣","西湖鄉"
"對撞","2021",12,1,15,"晴","日間自然光線",50,"直路","一般車道(未劃分快慢車道)","柏油","乾燥","良好","無號誌","無","未繪設快慢車道分隔線","有",47,"未使用",120.957536,24.516401,"苗栗縣","南庄鄉"
"對撞","2021",12,1,15,"晴","日間自然光線",50,"直路","一般車道(未劃分快慢車道)","柏油","乾燥","良好","無號誌","無","未繪設快慢車道分隔線","有",58,"未使用",120.957536,24.516401,"苗栗縣","南庄鄉"
"其他","2021",12,1,15,"晴","日間自然光線",50,"直路","一般車道(未劃分快慢車道)","柏油","乾燥","良好","無號誌","無","未繪設快慢車道分隔線","無",25,"未使用",120.656996,24.200516,"臺中市","西屯區"
"其他","2021",12,1,15,"晴","日間自然光線",50,"直路","一般車道(未劃分快慢車道)","柏油","乾燥","良好","無號誌","無","未繪設快慢車道分隔線","無",39,"未使用",120.656996,24.200516,"臺中市","西屯區"
"撞路樹、電桿","2021",12,1,17,"晴","夜間(或隧道、地下道、涵洞)有照明",50,"三岔路","交叉路口內","柏油","乾燥","良好","無號誌","單向禁止超車線","未繪設快慢車道分隔線","有",31,"未使用",120.365552,23.72204,"雲林縣","土庫鎮"
"其他","2021",12,1,19,"晴","夜間(或隧道、地下道、涵洞)有照明",50,"直路","一般車道(未劃分快慢車道)","柏油","乾燥","良好","無號誌","無","未繪設快慢車道分隔線","無",59,"未使用",121.251439,25.096587,"桃園市","大園區"
"其他","2021",12,1,19,"晴","夜間(或隧道、地下道、涵洞)有照明",50,"直路","一般車道(未劃分快慢車道)","柏油","乾燥","良好","無號誌","無","未繪設快慢車道分隔線","無",38,"不明",121.251439,25.096587,"桃園市","大園區"
"穿越道路中","2021",12,2,9,"晴","日間自然光線",50,"直路","一般車道(未劃分快慢車道)","柏油","乾燥","良好","正常","雙向禁止超車線","未繪設快慢車道分隔線","有",66,"未使用",121.538509,24.956695,"新北市","新店區"
"穿越道路中","2021",12,2,9,"晴","日間自然光線",50,"直路","一般車道(未劃分快慢車道)","柏油","乾燥","良好","正常","雙向禁止超車線","未繪設快慢車道分隔線","有",77,"非駕駛人",121.538509,24.956695,"新北市","新店區"
"同向擦撞","2021",12,2,11,"晴","日間自然光線",50,"直路","一般車道(未劃分快慢車道)","柏油","乾燥","良好","正常","中央分向島","未繪設快慢車道分隔線","有",70,"未使用",121.48754,25.014051,"新北市","板橋區"
"同向擦撞","2021",12,2,11,"晴","日間自然光線",50,"直路","一般車道(未劃分快慢車道)","柏油","乾燥","良好","正常","中央分向島","未繪設快慢車道分隔線","有",37,"未使用",121.48754,25.014051,"新北市","板橋區"
"側撞","2021",12,2,15,"晴","日間自然光線",50,"四岔路","交叉路口內","柏油","乾燥","良好","正常","無","未繪設快慢車道分隔線","無",35,"未使用",120.729486,24.171268,"臺中市","北屯區"
"側撞","2021",12,2,15,"晴","日間自然光線",50,"四岔路","交叉路口內","柏油","乾燥","良好","正常","無","未繪設快慢車道分隔線","無",55,"未使用",120.729486,24.171268,"臺中市","北屯區"