"事故類型及型態子類別名稱","發生年度","發生月份","發生日期","發生時間","天候名稱","光線名稱","速限.第1當事者","道路型態子類別名稱","事故位置子類別名稱","路面狀況.路面鋪裝名稱","路面狀況.路面狀態名稱","道路障礙.視距品質名稱","號誌.號誌動作名稱","車道劃分設施.分向設施大類別名稱","車道劃分設施.分道設施.快慢車道間名稱","車道劃分設施.分道設施.路面邊線名稱","當事者事故發生時年齡","行動電話或電腦或其他相類功能裝置名稱","經度","緯度","縣市","鄉鎮"
"其他","2021",12,3,0,"晴","夜間(或隧道、地下道、涵洞)有照明",50,"直路","慢車道","柏油","乾燥","良好","無號誌","中央分向島","寛式快慢車道分隔島(50公分以上)","有",24,"未使用",121.207792,24.989385,"桃園市","中壢區"
"其他","2021",12,3,0,"晴","夜間(或隧道、地下道、涵洞)有照明",50,"直路","慢車道","柏油","乾燥","良好","無號誌","中央分向島","寛式快慢車道分隔島(50公分以上)","有",23,"未使用",121.207792,24.989385,"桃園市","中壢區"
"側撞","2021",12,3,7,"晴","日間自然光線",50,"三岔路","交叉口附近","柏油","乾燥","良好","正常","雙向禁止超車線","未繪設快慢車道分隔線","無",37,"未使用",121.521062,25.091993,"臺北市","士林區"
"側撞","2021",12,3,7,"晴","日間自然光線",50,"三岔路","交叉口附近","柏油","乾燥","良好","正常","雙向禁止超車線","未繪設快慢車道分隔線","無",58,"未使用",121.521062,25.091993,"臺北市","士林區"
"其他","2021",12,3,7,"晴","日間自然光線",30,"直路","一般車道(未劃分快慢車道)","柏油","乾燥","良好","無號誌","無","未繪設快慢車道分隔線","有",25,"未使用",120.48624,24.159207,"彰化縣","伸港鄉"
"其他","2021",12,3,7,"晴","日間自然光線",30,"直路","一般車道(未劃分快慢車道)","柏油","乾燥","良好","無號誌","無","未繪設快慢車道分隔線","有",48,"未使用",120.48624,24.159207,"彰化縣","伸港鄉"
"側撞","2021",12,3,8,"晴","日間自然光線",50,"三岔路","交叉路口內","柏油","乾燥","良好","無號誌","雙向禁止超車線","未繪設快慢車道分隔線","無",78,"未使用",121.542779,24.953206,"新北市","新店區"
"側撞","2021",12,3,8,"晴","日間自然光線",50,"三岔路","交叉路口內","柏油","乾燥","良好","無號誌","雙向禁止超車線","未繪設快慢車道分隔線","無",85,"未使用",121.542779,24.953206,"新北市","新店區"
"其他","2021",12,3,8,"晴","日間自然光線",50,"四岔路","交叉路口內","柏油","乾燥","良好","正常","雙向禁止超車線","未繪設快慢車道分隔線","有",77,"未使用",120.997199,24.86615,"新竹縣","湖口鄉"
"其他","2021",12,3,8,"晴","日間自然光線",50,"四岔路","交叉路口內","柏油","乾燥","良好","正常","雙向禁止超車線","未繪設快慢車道分隔線","有",43,"未使用",120.997199,24.86615,"新竹縣","湖口鄉"
"側撞","2021",12,3,10,"晴","日間自然光線",60,"四岔路","交叉路口內","柏油","乾燥","良好","正常","無","未繪設快慢車道分隔線","無",59,"未使用",120.395382,22.515186,"高雄市","林園區"
"側撞","2021",12,3,10,"晴","日間自然光線",60,"四岔路","交叉路口內","柏油","乾燥","良好","正常","無","未繪設快慢車道分隔線","無",75,"未使用",120.395382,22.515186,"高雄市","林園區"
"對撞","2021",12,3,11,"晴","日間自然光線",40,"四岔路","交叉路口內","柏油","乾燥","良好","正常","無","未繪設快慢車道分隔線","無",21,"未使用",121.285109,25.063674,"桃園市","蘆竹區"
"對撞","2021",12,3,11,"晴","日間自然光線",40,"四岔路","交叉路口內","柏油","乾燥","良好","正常","無","未繪設快慢車道分隔線","無",57,"未使用",121.285109,25.063674,"桃園市","蘆竹區"
"側撞","2021",12,3,16,"晴","日間自然光線",50,"四岔路","交叉路口內","柏油","乾燥","良好","正常","無","未繪設快慢車道分隔線","無",71,"未使用",121.229843,25.042743,"桃園市","大園區"
"側撞","2021",12,3,16,"晴","日間自然光線",50,"四岔路","交叉路口內","柏油","乾燥","良好","正常","無","未繪設快慢車道分隔線","無",25,"未使用",121.229843,25.042743,"桃園市","大園區"
"側撞","2021",12,3,16,"晴","日間自然光線",50,"四岔路","交叉路口內","柏油","乾燥","良好","正常","無","未繪設快慢車道分隔線","無",6,"未使用",121.229843,25.042743,"桃園市","大園區"
"側撞","2021",12,3,16,"晴","日間自然光線",50,"四岔路","交叉路口內","柏油","乾燥","良好","正常","無","未繪設快慢車道分隔線","無",4,"未使用",121.229843,25.042743,"桃園市","大園區"
"穿越道路中","2021",12,3,18,"晴","夜間(或隧道、地下道、涵洞)有照明",50,"直路","一般車道(未劃分快慢車道)","柏油","乾燥","良好","無號誌","行車分向線","未繪設快慢車道分隔線","有",72,"非駕駛人",120.157781,23.113112,"臺南市","七股區"
"穿越道路中","2021",12,3,18,"晴","夜間(或隧道、地下道、涵洞)有照明",50,"直路","一般車道(未劃分快慢車道)","柏油","乾燥","良好","無號誌","行車分向線","未繪設快慢車道分隔線","有",57,"未使用",120.157781,23.113112,"臺南市","七股區"
"側撞","2021",12,3,21,"晴","夜間(或隧道、地下道、涵洞)有照明",60,"三岔路","交叉口附近","柏油","乾燥","良好","正常","無","未繪設快慢車道分隔線","無",51,"未使用",120.558751,23.665928,"雲林縣","古坑鄉"
"側撞","2021",12,3,21,"晴","夜間(或隧道、地下道、涵洞)有照明",60,"三岔路","交叉口附近","柏油","乾燥","良好","正常","無","未繪設快慢車道分隔線","無",21,"未使用",120.558751,23.665928,"雲林縣","古坑鄉"
"撞號誌、標誌桿","2021",12,3,22,"晴","夜間(或隧道、地下道、涵洞)無照明",50,"直路","路肩、路緣","柏油","乾燥","良好","無號誌","雙向禁止超車線","未繪設快慢車道分隔線","有",30,"不明",121.38599,23.264229,"臺東縣","長濱鄉"
"穿越道路中","2021",12,3,22,"晴","夜間(或隧道、地下道、涵洞)有照明",50,"直路","一般車道(未劃分快慢車道)","柏油","乾燥","良好","無號誌","行車分向線","未繪設快慢車道分隔線","有",25,"未使用",121.206245,24.998335,"桃園市","中壢區"
"穿越道路中","2021",12,3,22,"晴","夜間(或隧道、地下道、涵洞)有照明",50,"直路","一般車道(未劃分快慢車道)","柏油","乾燥","良好","無號誌","行車分向線","未繪設快慢車道分隔線","有",19,"未使用",121.206245,24.998335,"桃園市","中壢區"
"穿越道路中","2021",12,3,22,"晴","夜間(或隧道、地下道、涵洞)有照明",50,"直路","一般車道(未劃分快慢車道)","柏油","乾燥","良好","無號誌","行車分向線","未繪設快慢車道分隔線","有",18,"未使用",121.206245,24.998335,"桃園市","中壢區"
"穿越道路中","2021",12,3,22,"晴","夜間(或隧道、地下道、涵洞)有照明",50,"直路","一般車道(未劃分快慢車道)","柏油","乾燥","良好","無號誌","行車分向線","未繪設快慢車道分隔線","有",18,"未使用",121.206245,24.998335,"桃園市","中壢區"
"穿越道路中","2021",12,3,22,"晴","夜間(或隧道、地下道、涵洞)有照明",50,"直路","一般車道(未劃分快慢車道)","柏油","乾燥","良好","無號誌","行車分向線","未繪設快慢車道分隔線","有",28,"未使用",121.206245,24.998335,"桃園市","中壢區"
"路口交岔撞","2021",12,4,9,"晴","日間自然光線",30,"四岔路","交叉路口內","柏油","乾燥","良好","正常","無","未繪設快慢車道分隔線","無",45,"不明",120.260647,23.416647,"嘉義縣","朴子市"
"路口交岔撞","2021",12,4,9,"晴","日間自然光線",30,"四岔路","交叉路口內","柏油","乾燥","良好","正常","無","未繪設快慢車道分隔線","無",67,"不明",120.260647,23.416647,"嘉義縣","朴子市"
"側撞","2021",12,4,15,"晴","日間自然光線",50,"四岔路","交叉路口內","柏油","乾燥","良好","正常","無","未繪設快慢車道分隔線","無",53,"未使用",121.286766,25.002228,"桃園市","桃園區"
"側撞","2021",12,4,15,"晴","日間自然光線",50,"四岔路","交叉路口內","柏油","乾燥","良好","正常","無","未繪設快慢車道分隔線","無",22,"未使用",121.286766,25.002228,"桃園市","桃園區"
"撞交通島","2021",12,5,3,"晴","夜間(或隧道、地下道、涵洞)有照明",60,"直路","直線匝道","柏油","乾燥","良好","無號誌","無","未繪設快慢車道分隔線","有",36,"非駕駛人",120.245476,22.943935,"臺南市","仁德區"
"撞交通島","2021",12,5,3,"晴","夜間(或隧道、地下道、涵洞)有照明",60,"直路","直線匝道","柏油","乾燥","良好","無號誌","無","未繪設快慢車道分隔線","有",35,"不明",120.245476,22.943935,"臺南市","仁德區"
"追撞","2021",12,5,5,"晴","夜間(或隧道、地下道、涵洞)有照明",40,"直路","路肩、路緣","柏油","乾燥","良好","無號誌","雙向禁止超車線","快慢車道分隔線","有",31,"未使用",120.611486,24.353305,"臺中市","大甲區"
"追撞","2021",12,5,5,"晴","夜間(或隧道、地下道、涵洞)有照明",40,"直路","路肩、路緣","柏油","乾燥","良好","無號誌","雙向禁止超車線","快慢車道分隔線","有",54,"未使用",120.611486,24.353305,"臺中市","大甲區"
"穿越道路中","2021",12,5,11,"晴","日間自然光線",50,"四岔路","交叉路口內","柏油","乾燥","良好","正常","無","未繪設快慢車道分隔線","無",67,"非駕駛人",120.3242,22.60525,"高雄市","前鎮區"
"穿越道路中","2021",12,5,11,"晴","日間自然光線",50,"四岔路","交叉路口內","柏油","乾燥","良好","正常","無","未繪設快慢車道分隔線","無",58,"未使用",120.3242,22.60525,"高雄市","前鎮區"
"追撞","2021",12,5,16,"晴","日間自然光線",40,"彎曲路及附近","慢車道","柏油","乾燥","良好","無號誌","行車分向線","快慢車道分隔線","無",19,"未使用",120.311968,22.660999,"高雄市","三民區"
"追撞","2021",12,5,16,"晴","日間自然光線",40,"彎曲路及附近","慢車道","柏油","乾燥","良好","無號誌","行車分向線","快慢車道分隔線","無",30,"未使用",120.311968,22.660999,"高雄市","三民區"
"追撞","2021",12,5,16,"晴","日間自然光線",40,"彎曲路及附近","慢車道","柏油","乾燥","良好","無號誌","行車分向線","快慢車道分隔線","無",62,"未使用",120.311968,22.660999,"高雄市","三民區"
"追撞","2021",12,6,3,"晴","晨或暮光",90,"直路","一般車道(未劃分快慢車道)","柏油","乾燥","良好","無號誌","中央分向島","未繪設快慢車道分隔線","有",70,"不明",120.282649,23.184831,"臺南市","官田區"
"追撞","2021",12,6,3,"晴","晨或暮光",90,"直路","一般車道(未劃分快慢車道)","柏油","乾燥","良好","無號誌","中央分向島","未繪設快慢車道分隔線","有",43,"未使用",120.282649,23.184831,"臺南市","官田區"
"路口交岔撞","2021",12,6,10,"晴","日間自然光線",50,"四岔路","交叉路口內","柏油","乾燥","良好","正常","無","未繪設快慢車道分隔線","無",70,"未使用",121.569489,23.983179,"花蓮縣","吉安鄉"
"路口交岔撞","2021",12,6,10,"晴","日間自然光線",50,"四岔路","交叉路口內","柏油","乾燥","良好","正常","無","未繪設快慢車道分隔線","無",23,"未使用",121.569489,23.983179,"花蓮縣","吉安鄉"
"側撞","2021",12,6,17,"晴","晨或暮光",50,"三岔路","路肩、路緣","柏油","乾燥","良好","正常","雙向禁止超車線","未繪設快慢車道分隔線","無",82,"不明",120.350777,23.212362,"臺南市","官田區"
"側撞","2021",12,6,17,"晴","晨或暮光",50,"三岔路","路肩、路緣","柏油","乾燥","良好","正常","雙向禁止超車線","未繪設快慢車道分隔線","無",59,"未使用",120.350777,23.212362,"臺南市","官田區"
"其他","2021",12,7,3,"晴","夜間(或隧道、地下道、涵洞)無照明",70,"直路","一般車道(未劃分快慢車道)","柏油","乾燥","良好","無號誌","無","未繪設快慢車道分隔線","有",84,"非駕駛人",120.415414,24.053453,"彰化縣","福興鄉"
"其他","2021",12,7,3,"晴","夜間(或隧道、地下道、涵洞)無照明",70,"直路","一般車道(未劃分快慢車道)","柏油","乾燥","良好","無號誌","無","未繪設快慢車道分隔線","有",48,"未使用",120.415414,24.053453,"彰化縣","福興鄉"
"撞路樹、電桿","2021",12,7,4,"晴","夜間(或隧道、地下道、涵洞)有照明",70,"直路","路肩、路緣","柏油","乾燥","良好","無號誌","中央分向島","快慢車道分隔線","有",26,"不明",120.538313,24.203259,"臺中市","龍井區"
"路口交岔撞","2021",12,7,5,"晴","夜間(或隧道、地下道、涵洞)有照明",50,"四岔路","交叉路口內","柏油","乾燥","良好","不正常","雙向禁止超車線","未繪設快慢車道分隔線","有",64,"不明",120.46492,23.785241,"雲林縣","西螺鎮"
"路口交岔撞","2021",12,7,5,"晴","夜間(或隧道、地下道、涵洞)有照明",50,"四岔路","交叉路口內","柏油","乾燥","良好","不正常","雙向禁止超車線","未繪設快慢車道分隔線","有",70,"不明",120.46492,23.785241,"雲林縣","西螺鎮"
"其他","2021",12,7,6,"晴","晨或暮光",50,"三岔路","交叉路口內","柏油","乾燥","良好","正常","中央分向島","未繪設快慢車道分隔線","無",54,"不明",120.456635,23.494158,"嘉義市","東區"
"其他","2021",12,7,6,"晴","晨或暮光",50,"三岔路","交叉路口內","柏油","乾燥","良好","正常","中央分向島","未繪設快慢車道分隔線","無",73,"不明",120.456635,23.494158,"嘉義市","東區"
"其他","2021",12,7,6,"晴","晨或暮光",50,"三岔路","交叉路口內","柏油","乾燥","良好","正常","中央分向島","未繪設快慢車道分隔線","無",95,"非駕駛人",120.456635,23.494158,"嘉義市","東區"
"側撞","2021",12,7,7,"晴","日間自然光線",50,"三岔路","直線匝道","柏油","乾燥","良好","無號誌","中央分向島","快慢車道分隔線","有",54,"未使用",120.233094,23.180986,"臺南市","麻豆區"
"側撞","2021",12,7,7,"晴","日間自然光線",50,"三岔路","直線匝道","柏油","乾燥","良好","無號誌","中央分向島","快慢車道分隔線","有",52,"未使用",120.233094,23.180986,"臺南市","麻豆區"
"路口交岔撞","2021",12,7,8,"晴","日間自然光線",30,"四岔路","交叉路口內","柏油","乾燥","良好","無號誌","無","未繪設快慢車道分隔線","有",39,"未使用",120.553558,22.735816,"屏東縣","鹽埔鄉"
"路口交岔撞","2021",12,7,8,"晴","日間自然光線",30,"四岔路","交叉路口內","柏油","乾燥","良好","無號誌","無","未繪設快慢車道分隔線","有",92,"未使用",120.553558,22.735816,"屏東縣","鹽埔鄉"
"路口交岔撞","2021",12,7,10,"晴","日間自然光線",30,"四岔路","交叉路口內","柏油","乾燥","良好","無號誌","無","未繪設快慢車道分隔線","有",83,"未使用",120.526835,22.633962,"屏東縣","麟洛鄉"
"路口交岔撞","2021",12,7,10,"晴","日間自然光線",30,"四岔路","交叉路口內","柏油","乾燥","良好","無號誌","無","未繪設快慢車道分隔線","有",42,"未使用",120.526835,22.633962,"屏東縣","麟洛鄉"
"撞橋樑、建築物","2021",12,7,16,"晴","日間自然光線",30,"直路","一般車道(未劃分快慢車道)","柏油","乾燥","良好","無號誌","無","未繪設快慢車道分隔線","有",52,"不明",121.337106,23.049517,"臺東縣","成功鎮"
"側撞","2021",12,7,16,"晴","日間自然光線",50,"四岔路","交叉路口內","柏油","乾燥","良好","正常","無","未繪設快慢車道分隔線","無",60,"未使用",120.625213,24.348951,"臺中市","大甲區"
"側撞","2021",12,7,16,"晴","日間自然光線",50,"四岔路","交叉路口內","柏油","乾燥","良好","正常","無","未繪設快慢車道分隔線","無",80,"未使用",120.625213,24.348951,"臺中市","大甲區"
"其他","2021",12,7,18,"晴","夜間(或隧道、地下道、涵洞)有照明",40,"直路","慢車道","柏油","乾燥","良好","無號誌","中央分向島","快慢車道分隔線","有",35,"不明",120.255948,23.728157,"雲林縣","東勢鄉"
"其他","2021",12,7,18,"晴","夜間(或隧道、地下道、涵洞)有照明",40,"直路","慢車道","柏油","乾燥","良好","無號誌","中央分向島","快慢車道分隔線","有",39,"不明",120.255948,23.728157,"雲林縣","東勢鄉"
"對向擦撞","2021",12,8,9,"晴","日間自然光線",50,"直路","一般車道(未劃分快慢車道)","柏油","乾燥","良好","無號誌","行車分向線","未繪設快慢車道分隔線","有",78,"未使用",121.01161,24.840539,"新竹縣","竹北市"
"對向擦撞","2021",12,8,9,"晴","日間自然光線",50,"直路","一般車道(未劃分快慢車道)","柏油","乾燥","良好","無號誌","行車分向線","未繪設快慢車道分隔線","有",19,"未使用",121.01161,24.840539,"新竹縣","竹北市"
"追撞","2021",12,8,13,"晴","日間自然光線",80,"三岔路","交叉口附近","柏油","乾燥","良好","正常","中央分向島","窄式快慢車道分隔島(無柵欄)","無",58,"不明",121.343132,25.101927,"新北市","林口區"
"追撞","2021",12,8,13,"晴","日間自然光線",80,"三岔路","交叉口附近","柏油","乾燥","良好","正常","中央分向島","窄式快慢車道分隔島(無柵欄)","無",58,"不明",121.343132,25.101927,"新北市","林口區"
"追撞","2021",12,8,13,"晴","日間自然光線",80,"三岔路","交叉口附近","柏油","乾燥","良好","正常","中央分向島","窄式快慢車道分隔島(無柵欄)","無",51,"不明",121.343132,25.101927,"新北市","林口區"
"撞護欄(樁)","2021",12,9,0,"晴","夜間(或隧道、地下道、涵洞)有照明",40,"地下道","快車道","柏油","乾燥","不良","無號誌","中央分向島","未繪設快慢車道分隔線","無",21,"非駕駛人",121.527117,25.018622,"臺北市","中正區"
"撞護欄(樁)","2021",12,9,0,"晴","夜間(或隧道、地下道、涵洞)有照明",40,"地下道","快車道","柏油","乾燥","不良","無號誌","中央分向島","未繪設快慢車道分隔線","無",22,"不明",121.527117,25.018622,"臺北市","中正區"
"撞護欄(樁)","2021",12,9,0,"晴","夜間(或隧道、地下道、涵洞)有照明",40,"地下道","快車道","柏油","乾燥","不良","無號誌","中央分向島","未繪設快慢車道分隔線","無",27,"非駕駛人",121.527117,25.018622,"臺北市","中正區"
"側撞","2021",12,9,13,"陰","日間自然光線",50,"三岔路","交叉口附近","柏油","乾燥","良好","正常","雙向禁止超車線","未繪設快慢車道分隔線","有",63,"不明",121.732279,25.154279,"基隆市","中山區"
"側撞","2021",12,9,13,"陰","日間自然光線",50,"三岔路","交叉口附近","柏油","乾燥","良好","正常","雙向禁止超車線","未繪設快慢車道分隔線","有",45,"未使用",121.732279,25.154279,"基隆市","中山區"
"側撞","2021",12,9,13,"陰","日間自然光線",50,"三岔路","交叉口附近","柏油","乾燥","良好","正常","雙向禁止超車線","未繪設快慢車道分隔線","有",19,"未使用",121.732279,25.154279,"基隆市","中山區"
"側撞","2021",12,9,13,"陰","日間自然光線",50,"三岔路","交叉口附近","柏油","乾燥","良好","正常","雙向禁止超車線","未繪設快慢車道分隔線","有",20,"未使用",121.732279,25.154279,"基隆市","中山區"
"路口交岔撞","2021",12,9,13,"晴","日間自然光線",50,"四岔路","交叉路口內","柏油","乾燥","良好","無號誌","行車分向線","未繪設快慢車道分隔線","有",22,"未使用",120.3422,22.67862,"高雄市","仁武區"
"路口交岔撞","2021",12,9,13,"晴","日間自然光線",50,"四岔路","交叉路口內","柏油","乾燥","良好","無號誌","行車分向線","未繪設快慢車道分隔線","有",46,"未使用",120.3422,22.67862,"高雄市","仁武區"
"路口交岔撞","2021",12,9,15,"晴","日間自然光線",50,"四岔路","交叉路口內","柏油","乾燥","良好","正常","雙向禁止超車線","快慢車道分隔線","有",84,"未使用",120.515261,22.660188,"屏東縣","屏東市"
"路口交岔撞","2021",12,9,15,"晴","日間自然光線",50,"四岔路","交叉路口內","柏油","乾燥","良好","正常","雙向禁止超車線","快慢車道分隔線","有",24,"未使用",120.515261,22.660188,"屏東縣","屏東市"
"其他","2021",12,9,23,"陰","夜間(或隧道、地下道、涵洞)有照明",60,"直路","一般車道(未劃分快慢車道)","柏油","乾燥","良好","無號誌","中央分向島","未繪設快慢車道分隔線","有",33,"未使用",120.516708,24.103162,"彰化縣","和美鎮"
"其他","2021",12,9,23,"陰","夜間(或隧道、地下道、涵洞)有照明",60,"直路","一般車道(未劃分快慢車道)","柏油","乾燥","良好","無號誌","中央分向島","未繪設快慢車道分隔線","有",45,"未使用",120.516708,24.103162,"彰化縣","和美鎮"
"對向通行中","2021",12,10,2,"晴","夜間(或隧道、地下道、涵洞)有照明",60,"直路","路肩、路緣","柏油","乾燥","良好","無號誌","行車分向線","未繪設快慢車道分隔線","有",43,"未使用",120.510998,23.952762,"彰化縣","溪湖鎮"
"對向通行中","2021",12,10,2,"晴","夜間(或隧道、地下道、涵洞)有照明",60,"直路","路肩、路緣","柏油","乾燥","良好","無號誌","行車分向線","未繪設快慢車道分隔線","有",25,"非駕駛人",120.510998,23.952762,"彰化縣","溪湖鎮"
"撞路樹、電桿","2021",12,10,4,"晴","夜間(或隧道、地下道、涵洞)有照明",50,"三岔路","交叉口附近","柏油","乾燥","良好","正常","無","未繪設快慢車道分隔線","有",46,"未使用",121.604233,23.996015,"花蓮縣","花蓮市"
"同向擦撞","2021",12,10,6,"晴","日間自然光線",40,"直路","快車道","柏油","乾燥","良好","無號誌","雙向禁止超車線","快慢車道分隔線","有",80,"不明",120.20426,22.985091,"臺南市","西區"
"同向擦撞","2021",12,10,6,"晴","日間自然光線",40,"直路","快車道","柏油","乾燥","良好","無號誌","雙向禁止超車線","快慢車道分隔線","有",56,"未使用",120.20426,22.985091,"臺南市","西區"
"同向擦撞","2021",12,10,12,"晴","日間自然光線",50,"直路","快車道","柏油","乾燥","良好","無號誌","雙向禁止超車線","快慢車道分隔線","有",52,"未使用",120.291328,22.722463,"高雄市","楠梓區"
"同向擦撞","2021",12,10,12,"晴","日間自然光線",50,"直路","快車道","柏油","乾燥","良好","無號誌","雙向禁止超車線","快慢車道分隔線","有",73,"未使用",120.291328,22.722463,"高雄市","楠梓區"
"同向擦撞","2021",12,10,12,"晴","日間自然光線",50,"直路","快車道","柏油","乾燥","良好","無號誌","雙向禁止超車線","快慢車道分隔線","有",71,"未使用",120.291328,22.722463,"高雄市","楠梓區"
"側撞","2021",12,10,16,"晴","日間自然光線",50,"直路","一般車道(未劃分快慢車道)","柏油","乾燥","良好","無號誌","行車分向線","未繪設快慢車道分隔線","有",17,"不明",120.705703,24.324013,"臺中市","后里區"
"側撞","2021",12,10,16,"晴","日間自然光線",50,"直路","一般車道(未劃分快慢車道)","柏油","乾燥","良好","無號誌","行車分向線","未繪設快慢車道分隔線","有",25,"未使用",120.705703,24.324013,"臺中市","后里區"
"穿越道路中","2021",12,10,18,"晴","夜間(或隧道、地下道、涵洞)有照明",50,"直路","快車道","柏油","乾燥","良好","無號誌","中央分向島","快慢車道分隔線","無",34,"未使用",120.352919,22.565781,"高雄市","小港區"
"穿越道路中","2021",12,10,18,"晴","夜間(或隧道、地下道、涵洞)有照明",50,"直路","快車道","柏油","乾燥","良好","無號誌","中央分向島","快慢車道分隔線","無",75,"非駕駛人",120.352919,22.565781,"高雄市","小港區"
"撞路樹、電桿","2021",12,11,1,"晴","夜間(或隧道、地下道、涵洞)有照明",60,"直路","路肩、路緣","柏油","乾燥","良好","無號誌","中央分向島","快慢車道分隔線","有",36,"未使用",120.695544,24.538519,"苗栗縣","通霄鎮"
"對撞","2021",12,11,5,"晴","日間自然光線",50,"彎曲路及附近","一般車道(未劃分快慢車道)","柏油","乾燥","不良","無號誌","雙向禁止超車線","未繪設快慢車道分隔線","有",19,"不明",121.356634,24.99068,"桃園市","龜山區"
"對撞","2021",12,11,5,"晴","日間自然光線",50,"彎曲路及附近","一般車道(未劃分快慢車道)","柏油","乾燥","不良","無號誌","雙向禁止超車線","未繪設快慢車道分隔線","有",22,"不明",121.356634,24.99068,"桃園市","龜山區"
"側撞","2021",12,11,6,"晴","日間自然光線",50,"三岔路","交叉路口內","柏油","乾燥","良好","無號誌","無","未繪設快慢車道分隔線","無",56,"未使用",120.699211,24.06853,"臺中市","霧峰區"
"側撞","2021",12,11,6,"晴","日間自然光線",50,"三岔路","交叉路口內","柏油","乾燥","良好","無號誌","無","未繪設快慢車道分隔線","無",55,"未使用",120.699211,24.06853,"臺中市","霧峰區"
"路口交岔撞","2021",12,11,11,"晴","日間自然光線",30,"四岔路","交叉路口內","柏油","乾燥","良好","無號誌","無","未繪設快慢車道分隔線","無",21,"不明",120.376442,24.01274,"彰化縣","芳苑鄉"
"路口交岔撞","2021",12,11,11,"晴","日間自然光線",30,"四岔路","交叉路口內","柏油","乾燥","良好","無號誌","無","未繪設快慢車道分隔線","無",60,"不明",120.376442,24.01274,"彰化縣","芳苑鄉"
"同向擦撞","2021",12,11,13,"晴","日間自然光線",50,"直路","快車道","柏油","乾燥","良好","無號誌","中央分向島","快慢車道分隔線","有",32,"未使用",120.461493,22.530196,"屏東縣","新園鄉"
"同向擦撞","2021",12,11,13,"晴","日間自然光線",50,"直路","快車道","柏油","乾燥","良好","無號誌","中央分向島","快慢車道分隔線","有",51,"未使用",120.461493,22.530196,"屏東縣","新園鄉"
"撞護欄(樁)","2021",12,11,15,"晴","日間自然光線",70,"三岔路","交叉口附近","柏油","乾燥","良好","無號誌","中央分向島","未繪設快慢車道分隔線","有",60,"不明",120.255316,23.349179,"嘉義縣","義竹鄉"
"同向通行中","2021",12,12,4,"晴","夜間(或隧道、地下道、涵洞)無照明",50,"三岔路","交叉路口內","柏油","乾燥","良好","無號誌","行車分向線","未繪設快慢車道分隔線","有",68,"非駕駛人",120.441171,24.048787,"彰化縣","福興鄉"
"同向通行中","2021",12,12,4,"晴","夜間(或隧道、地下道、涵洞)無照明",50,"三岔路","交叉路口內","柏油","乾燥","良好","無號誌","行車分向線","未繪設快慢車道分隔線","有",71,"未使用",120.441171,24.048787,"彰化縣","福興鄉"
"衝出路外","2021",12,12,15,"晴","日間自然光線",40,"彎曲路及附近","路肩、路緣","柏油","乾燥","良好","無號誌","行車分向線","未繪設快慢車道分隔線","有",40,"未使用",120.587233,23.357812,"嘉義縣","大埔鄉"
"衝出路外","2021",12,12,15,"晴","日間自然光線",40,"彎曲路及附近","路肩、路緣","柏油","乾燥","良好","無號誌","行車分向線","未繪設快慢車道分隔線","有",43,"未使用",120.587233,23.357812,"嘉義縣","大埔鄉"
"其他","2021",12,13,7,"晴","日間自然光線",50,"四岔路","交叉路口內","柏油","乾燥","良好","正常","中央分向島","未繪設快慢車道分隔線","有",36,"未使用",120.40643,23.710304,"雲林縣","虎尾鎮"
"其他","2021",12,13,7,"晴","日間自然光線",50,"四岔路","交叉路口內","柏油","乾燥","良好","正常","中央分向島","未繪設快慢車道分隔線","有",24,"未使用",120.40643,23.710304,"雲林縣","虎尾鎮"
"追撞","2021",12,13,22,"晴","夜間(或隧道、地下道、涵洞)無照明",100,"直路","快車道","柏油","乾燥","良好","無號誌","中央分向島","未繪設快慢車道分隔線","有",50,"未使用",120.861374,24.597828,"苗栗縣","造橋鄉"
"追撞","2021",12,13,22,"晴","夜間(或隧道、地下道、涵洞)無照明",100,"直路","快車道","柏油","乾燥","良好","無號誌","中央分向島","未繪設快慢車道分隔線","有",38,"未使用",120.861374,24.597828,"苗栗縣","造橋鄉"
"路口交岔撞","2021",12,14,16,"晴","日間自然光線",40,"四岔路","交叉路口內","柏油","乾燥","良好","正常","無","未繪設快慢車道分隔線","無",49,"未使用",120.253059,22.970414,"臺南市","仁德區"
"路口交岔撞","2021",12,14,16,"晴","日間自然光線",40,"四岔路","交叉路口內","柏油","乾燥","良好","正常","無","未繪設快慢車道分隔線","無",26,"未使用",120.253059,22.970414,"臺南市","仁德區"
"路口交岔撞","2021",12,14,16,"晴","日間自然光線",40,"四岔路","交叉路口內","柏油","乾燥","良好","正常","無","未繪設快慢車道分隔線","無",21,"未使用",120.253059,22.970414,"臺南市","仁德區"