"事故類型及型態子類別名稱","發生年度","發生月份","發生日期","發生時間","天候名稱","光線名稱","速限.第1當事者","道路型態子類別名稱","事故位置子類別名稱","路面狀況.路面鋪裝名稱","路面狀況.路面狀態名稱","道路障礙.視距品質名稱","號誌.號誌動作名稱","車道劃分設施.分向設施大類別名稱","車道劃分設施.分道設施.快慢車道間名稱","車道劃分設施.分道設施.路面邊線名稱","當事者事故發生時年齡","行動電話或電腦或其他相類功能裝置名稱","經度","緯度","縣市","鄉鎮"
"路口交岔撞","2021",12,14,16,"晴","日間自然光線",40,"四岔路","交叉路口內","柏油","乾燥","良好","正常","無","未繪設快慢車道分隔線","無",93,"未使用",120.253059,22.970414,"臺南市","仁德區"
"穿越道路中","2021",12,14,19,"晴","夜間(或隧道、地下道、涵洞)有照明",50,"直路","一般車道(未劃分快慢車道)","柏油","乾燥","良好","無號誌","雙向禁止超車線","未繪設快慢車道分隔線","有",44,"未使用",120.24289,22.78413,"高雄市","彌陀區"
"穿越道路中","2021",12,14,19,"晴","夜間(或隧道、地下道、涵洞)有照明",50,"直路","一般車道(未劃分快慢車道)","柏油","乾燥","良好","無號誌","雙向禁止超車線","未繪設快慢車道分隔線","有",66,"非駕駛人",120.24289,22.78413,"高雄市","彌陀區"
"同向擦撞","2021",12,15,11,"晴","日間自然光線",30,"直路","一般車道(未劃分快慢車道)","柏油","乾燥","良好","無號誌","無","未繪設快慢車道分隔線","無",57,"未使用",121.243133,24.934694,"桃園市","中壢區"
"同向擦撞","2021",12,15,11,"晴","日間自然光線",30,"直路","一般車道(未劃分快慢車道)","柏油","乾燥","良好","無號誌","無","未繪設快慢車道分隔線","無",82,"不明",121.243133,24.934694,"桃園市","中壢區"
"對撞","2021",12,15,12,"晴","日間自然光線",50,"直路","一般車道(未劃分快慢車道)","柏油","乾燥","良好","無號誌","雙向禁止超車線","未繪設快慢車道分隔線","有",39,"不明",121.842028,25.122113,"新北市","瑞芳區"
"對撞","2021",12,15,12,"晴","日間自然光線",50,"直路","一般車道(未劃分快慢車道)","柏油","乾燥","良好","無號誌","雙向禁止超車線","未繪設快慢車道分隔線","有",55,"未使用",121.842028,25.122113,"新北市","瑞芳區"
"穿越道路中","2021",12,15,15,"晴","日間自然光線",50,"三岔路","行人穿越道","柏油","乾燥","良好","正常","行車分向線","未繪設快慢車道分隔線","無",45,"未使用",121.177223,24.990266,"桃園市","中壢區"
"穿越道路中","2021",12,15,15,"晴","日間自然光線",50,"三岔路","行人穿越道","柏油","乾燥","良好","正常","行車分向線","未繪設快慢車道分隔線","無",80,"非駕駛人",121.177223,24.990266,"桃園市","中壢區"
"正越過平交道中","2021",12,15,17,"晴","日間自然光線",15,"有遮斷器","其他","無鋪裝","乾燥","良好","正常","無","未繪設快慢車道分隔線","無",29,"未使用",121.219457,24.94917,"桃園市","平鎮區"
"正越過平交道中","2021",12,15,17,"晴","日間自然光線",15,"有遮斷器","其他","無鋪裝","乾燥","良好","正常","無","未繪設快慢車道分隔線","無",82,"未使用",121.219457,24.94917,"桃園市","平鎮區"
"對向通行中","2021",12,15,20,"晴","夜間(或隧道、地下道、涵洞)有照明",50,"三岔路","交叉路口內","柏油","乾燥","良好","無號誌","無","未繪設快慢車道分隔線","無",66,"非駕駛人",120.246185,23.007249,"臺南市","永康區"
"對向通行中","2021",12,15,20,"晴","夜間(或隧道、地下道、涵洞)有照明",50,"三岔路","交叉路口內","柏油","乾燥","良好","無號誌","無","未繪設快慢車道分隔線","無",49,"未使用",120.246185,23.007249,"臺南市","永康區"
"路上翻車、摔倒","2021",12,16,10,"晴","日間自然光線",50,"直路","一般車道(未劃分快慢車道)","柏油","乾燥","良好","無號誌","中央分向島","未繪設快慢車道分隔線","有",77,"未使用",120.451668,23.473946,"嘉義市","西區"
"路上翻車、摔倒","2021",12,16,10,"晴","日間自然光線",50,"直路","一般車道(未劃分快慢車道)","柏油","乾燥","良好","無號誌","中央分向島","未繪設快慢車道分隔線","有",78,"未使用",120.451668,23.473946,"嘉義市","西區"
"路口交岔撞","2021",12,16,10,"晴","日間自然光線",40,"四岔路","交叉路口內","柏油","乾燥","良好","正常","中央分向島","未繪設快慢車道分隔線","有",77,"未使用",120.437349,22.499585,"屏東縣","新園鄉"
"路口交岔撞","2021",12,16,10,"晴","日間自然光線",40,"四岔路","交叉路口內","柏油","乾燥","良好","正常","中央分向島","未繪設快慢車道分隔線","有",37,"未使用",120.437349,22.499585,"屏東縣","新園鄉"
"側撞","2021",12,16,12,"晴","日間自然光線",50,"三岔路","交叉路口內","柏油","乾燥","良好","無號誌","行車分向線","未繪設快慢車道分隔線","有",25,"未使用",120.503493,22.735725,"屏東縣","九如鄉"
"側撞","2021",12,16,12,"晴","日間自然光線",50,"三岔路","交叉路口內","柏油","乾燥","良好","無號誌","行車分向線","未繪設快慢車道分隔線","有",60,"未使用",120.503493,22.735725,"屏東縣","九如鄉"
"穿越道路中","2021",12,16,14,"晴","日間自然光線",50,"直路","一般車道(未劃分快慢車道)","柏油","乾燥","良好","無號誌","行車分向線","未繪設快慢車道分隔線","無",40,"未使用",120.719678,24.131212,"臺中市","太平區"
"穿越道路中","2021",12,16,14,"晴","日間自然光線",50,"直路","一般車道(未劃分快慢車道)","柏油","乾燥","良好","無號誌","行車分向線","未繪設快慢車道分隔線","無",64,"非駕駛人",120.719678,24.131212,"臺中市","太平區"
"其他","2021",12,17,11,"陰","日間自然光線",40,"直路","一般車道(未劃分快慢車道)","柏油","乾燥","良好","無號誌","無","未繪設快慢車道分隔線","有",58,"非駕駛人",120.996034,24.818363,"新竹市","東區"
"其他","2021",12,17,11,"陰","日間自然光線",40,"直路","一般車道(未劃分快慢車道)","柏油","乾燥","良好","無號誌","無","未繪設快慢車道分隔線","有",35,"未使用",120.996034,24.818363,"新竹市","東區"
"其他","2021",12,17,17,"晴","日間自然光線",50,"直路","路肩、路緣","柏油","乾燥","良好","無號誌","中央分向島","未繪設快慢車道分隔線","有",50,"未使用",121.059598,24.824731,"新竹縣","新埔鎮"
"其他","2021",12,17,17,"晴","日間自然光線",50,"直路","路肩、路緣","柏油","乾燥","良好","無號誌","中央分向島","未繪設快慢車道分隔線","有",73,"未使用",121.059598,24.824731,"新竹縣","新埔鎮"
"其他","2021",12,17,17,"晴","日間自然光線",50,"直路","路肩、路緣","柏油","乾燥","良好","無號誌","中央分向島","未繪設快慢車道分隔線","有",34,"未使用",121.059598,24.824731,"新竹縣","新埔鎮"
"側撞","2021",12,17,17,"晴","夜間(或隧道、地下道、涵洞)有照明",50,"四岔路","交叉路口內","柏油","乾燥","良好","正常","雙向禁止超車線","未繪設快慢車道分隔線","有",52,"不明",120.4364,23.678698,"雲林縣","斗南鎮"
"側撞","2021",12,17,17,"晴","夜間(或隧道、地下道、涵洞)有照明",50,"四岔路","交叉路口內","柏油","乾燥","良好","正常","雙向禁止超車線","未繪設快慢車道分隔線","有",19,"不明",120.4364,23.678698,"雲林縣","斗南鎮"
"其他","2021",12,17,17,"陰","夜間(或隧道、地下道、涵洞)有照明",50,"直路","一般車道(未劃分快慢車道)","柏油","乾燥","良好","無號誌","行車分向線","未繪設快慢車道分隔線","有",61,"非駕駛人",121.454712,25.013643,"新北市","板橋區"
"其他","2021",12,17,17,"陰","夜間(或隧道、地下道、涵洞)有照明",50,"直路","一般車道(未劃分快慢車道)","柏油","乾燥","良好","無號誌","行車分向線","未繪設快慢車道分隔線","有",56,"未使用",121.454712,25.013643,"新北市","板橋區"
"撞路樹、電桿","2021",12,17,21,"晴","夜間(或隧道、地下道、涵洞)無照明",30,"彎曲路及附近","一般車道(未劃分快慢車道)","柏油","乾燥","良好","無號誌","雙向禁止超車線","未繪設快慢車道分隔線","有",14,"不明",121.273357,24.636261,"新竹縣","尖石鄉"
"撞路樹、電桿","2021",12,17,21,"晴","夜間(或隧道、地下道、涵洞)無照明",30,"彎曲路及附近","一般車道(未劃分快慢車道)","柏油","乾燥","良好","無號誌","雙向禁止超車線","未繪設快慢車道分隔線","有",13,"不明",121.273357,24.636261,"新竹縣","尖石鄉"
"撞路樹、電桿","2021",12,17,21,"晴","夜間(或隧道、地下道、涵洞)無照明",30,"彎曲路及附近","一般車道(未劃分快慢車道)","柏油","乾燥","良好","無號誌","雙向禁止超車線","未繪設快慢車道分隔線","有",44,"不明",121.273357,24.636261,"新竹縣","尖石鄉"
"同向擦撞","2021",12,17,22,"晴","夜間(或隧道、地下道、涵洞)有照明",50,"直路","一般車道(未劃分快慢車道)","柏油","乾燥","良好","無號誌","無","未繪設快慢車道分隔線","有",27,"未使用",121.430955,25.020127,"新北市","新莊區"
"同向擦撞","2021",12,17,22,"晴","夜間(或隧道、地下道、涵洞)有照明",50,"直路","一般車道(未劃分快慢車道)","柏油","乾燥","良好","無號誌","無","未繪設快慢車道分隔線","有",60,"未使用",121.430955,25.020127,"新北市","新莊區"
"追撞","2021",12,18,13,"晴","日間自然光線",50,"直路","一般車道(未劃分快慢車道)","柏油","乾燥","良好","無號誌","中央分向島","未繪設快慢車道分隔線","有",38,"不明",121.290713,24.917115,"桃園市","大溪區"
"追撞","2021",12,18,13,"晴","日間自然光線",50,"直路","一般車道(未劃分快慢車道)","柏油","乾燥","良好","無號誌","中央分向島","未繪設快慢車道分隔線","有",64,"不明",121.290713,24.917115,"桃園市","大溪區"
"追撞","2021",12,18,13,"晴","日間自然光線",50,"直路","一般車道(未劃分快慢車道)","柏油","乾燥","良好","無號誌","中央分向島","未繪設快慢車道分隔線","有",55,"不明",121.290713,24.917115,"桃園市","大溪區"
"路口交岔撞","2021",12,18,16,"晴","日間自然光線",50,"四岔路","交叉路口內","柏油","乾燥","良好","正常","中央分向島","未繪設快慢車道分隔線","有",20,"未使用",121.006116,24.757636,"新竹縣","寶山鄉"
"路口交岔撞","2021",12,18,16,"晴","日間自然光線",50,"四岔路","交叉路口內","柏油","乾燥","良好","正常","中央分向島","未繪設快慢車道分隔線","有",57,"未使用",121.006116,24.757636,"新竹縣","寶山鄉"
"撞橋樑、建築物","2021",12,18,16,"晴","夜間(或隧道、地下道、涵洞)有照明",50,"直路","一般車道(未劃分快慢車道)","柏油","乾燥","良好","無號誌","無","未繪設快慢車道分隔線","無",74,"未使用",121.484951,25.081286,"新北市","三重區"
"側撞","2021",12,18,21,"陰","夜間(或隧道、地下道、涵洞)有照明",40,"三岔路","交叉口附近","柏油","乾燥","良好","無號誌","雙向禁止超車線","未繪設快慢車道分隔線","有",26,"未使用",120.57137,22.660019,"屏東縣","內埔鄉"
"側撞","2021",12,18,21,"陰","夜間(或隧道、地下道、涵洞)有照明",40,"三岔路","交叉口附近","柏油","乾燥","良好","無號誌","雙向禁止超車線","未繪設快慢車道分隔線","有",53,"未使用",120.57137,22.660019,"屏東縣","內埔鄉"
"撞護欄(樁)","2021",12,18,23,"晴","日間自然光線",50,"三岔路","交叉口附近","柏油","乾燥","良好","無號誌","雙向禁止超車線","快慢車道分隔線","有",31,"未使用",120.464435,22.5634,"屏東縣","萬丹鄉"
"撞護欄(樁)","2021",12,18,23,"晴","日間自然光線",50,"三岔路","交叉口附近","柏油","乾燥","良好","無號誌","雙向禁止超車線","快慢車道分隔線","有",21,"非駕駛人",120.464435,22.5634,"屏東縣","萬丹鄉"
"撞交通島","2021",12,19,4,"晴","夜間(或隧道、地下道、涵洞)有照明",70,"直路","快車道","柏油","乾燥","良好","無號誌","中央分向島","未繪設快慢車道分隔線","有",18,"未使用",121.115045,22.726057,"臺東縣","臺東市"
"路口交岔撞","2021",12,19,12,"晴","日間自然光線",50,"四岔路","交叉路口內","柏油","乾燥","良好","正常","無","未繪設快慢車道分隔線","無",20,"未使用",120.227529,22.962852,"臺南市","東區"
"路口交岔撞","2021",12,19,12,"晴","日間自然光線",50,"四岔路","交叉路口內","柏油","乾燥","良好","正常","無","未繪設快慢車道分隔線","無",71,"未使用",120.227529,22.962852,"臺南市","東區"
"路口交岔撞","2021",12,19,12,"晴","日間自然光線",50,"四岔路","交叉路口內","柏油","乾燥","良好","正常","無","未繪設快慢車道分隔線","無",21,"未使用",120.227529,22.962852,"臺南市","東區"
"追撞","2021",12,19,13,"晴","日間自然光線",70,"直路","快車道","柏油","乾燥","良好","無號誌","中央分向島","寛式快慢車道分隔島(50公分以上)","有",42,"不明",120.665588,22.242312,"屏東縣","枋山鄉"
"追撞","2021",12,19,13,"晴","日間自然光線",70,"直路","快車道","柏油","乾燥","良好","無號誌","中央分向島","寛式快慢車道分隔島(50公分以上)","有",43,"不明",120.665588,22.242312,"屏東縣","枋山鄉"
"追撞","2021",12,19,13,"晴","日間自然光線",70,"直路","快車道","柏油","乾燥","良好","無號誌","中央分向島","寛式快慢車道分隔島(50公分以上)","有",45,"未使用",120.665588,22.242312,"屏東縣","枋山鄉"
"側撞","2021",12,19,13,"晴","日間自然光線",70,"三岔路","交叉路口內","柏油","乾燥","良好","無號誌","中央分向島","快慢車道分隔線","有",83,"未使用",120.325224,23.694011,"雲林縣","元長鄉"
"側撞","2021",12,19,13,"晴","日間自然光線",70,"三岔路","交叉路口內","柏油","乾燥","良好","無號誌","中央分向島","快慢車道分隔線","有",52,"未使用",120.325224,23.694011,"雲林縣","元長鄉"
"撞路樹、電桿","2021",12,19,19,"陰","夜間(或隧道、地下道、涵洞)有照明",60,"彎曲路及附近","一般車道(未劃分快慢車道)","柏油","乾燥","良好","無號誌","中央分向島","未繪設快慢車道分隔線","有",18,"未使用",121.370081,25.025103,"桃園市","龜山區"
"撞路樹、電桿","2021",12,19,19,"陰","夜間(或隧道、地下道、涵洞)有照明",60,"彎曲路及附近","一般車道(未劃分快慢車道)","柏油","乾燥","良好","無號誌","中央分向島","未繪設快慢車道分隔線","有",17,"非駕駛人",121.370081,25.025103,"桃園市","龜山區"
"側撞","2021",12,20,8,"晴","日間自然光線",50,"三岔路","交叉路口內","柏油","乾燥","良好","正常","無","未繪設快慢車道分隔線","無",27,"不明",120.995262,24.776838,"新竹市","東區"
"側撞","2021",12,20,8,"晴","日間自然光線",50,"三岔路","交叉路口內","柏油","乾燥","良好","正常","無","未繪設快慢車道分隔線","無",20,"不明",120.995262,24.776838,"新竹市","東區"
"對撞","2021",12,20,10,"晴","日間自然光線",50,"彎曲路及附近","一般車道(未劃分快慢車道)","柏油","乾燥","良好","無號誌","行車分向線","未繪設快慢車道分隔線","有",44,"不明",121.210893,24.773996,"新竹縣","關西鎮"
"對撞","2021",12,20,10,"晴","日間自然光線",50,"彎曲路及附近","一般車道(未劃分快慢車道)","柏油","乾燥","良好","無號誌","行車分向線","未繪設快慢車道分隔線","有",52,"不明",121.210893,24.773996,"新竹縣","關西鎮"
"對撞","2021",12,20,10,"晴","日間自然光線",50,"彎曲路及附近","一般車道(未劃分快慢車道)","柏油","乾燥","良好","無號誌","行車分向線","未繪設快慢車道分隔線","有",60,"不明",121.210893,24.773996,"新竹縣","關西鎮"
"穿越道路中","2021",12,20,14,"陰","日間自然光線",50,"直路","快車道","柏油","乾燥","良好","無號誌","中央分向島","快慢車道分隔線","無",76,"未使用",121.517831,25.105056,"臺北市","北投區"
"穿越道路中","2021",12,20,14,"陰","日間自然光線",50,"直路","快車道","柏油","乾燥","良好","無號誌","中央分向島","快慢車道分隔線","無",41,"未使用",121.517831,25.105056,"臺北市","北投區"
"穿越道路中","2021",12,20,14,"陰","日間自然光線",50,"直路","快車道","柏油","乾燥","良好","無號誌","中央分向島","快慢車道分隔線","無",78,"非駕駛人",121.517831,25.105056,"臺北市","北投區"
"側撞","2021",12,20,16,"陰","日間自然光線",40,"直路","一般車道(未劃分快慢車道)","柏油","乾燥","良好","無號誌","行車分向線","未繪設快慢車道分隔線","無",63,"未使用",121.48916,25.079629,"新北市","三重區"
"側撞","2021",12,20,16,"陰","日間自然光線",40,"直路","一般車道(未劃分快慢車道)","柏油","乾燥","良好","無號誌","行車分向線","未繪設快慢車道分隔線","無",73,"未使用",121.48916,25.079629,"新北市","三重區"
"撞護欄(樁)","2021",12,20,19,"晴","夜間(或隧道、地下道、涵洞)有照明",30,"彎曲路及附近","一般車道(未劃分快慢車道)","柏油","濕潤","良好","無號誌","無","未繪設快慢車道分隔線","有",35,"未使用",120.888334,22.135525,"屏東縣","滿州鄉"
"側撞","2021",12,20,23,"晴","夜間(或隧道、地下道、涵洞)有照明",50,"多岔路","交叉路口內","柏油","乾燥","良好","正常","無","未繪設快慢車道分隔線","有",30,"不明",121.442303,25.039959,"新北市","新莊區"
"側撞","2021",12,20,23,"晴","夜間(或隧道、地下道、涵洞)有照明",50,"多岔路","交叉路口內","柏油","乾燥","良好","正常","無","未繪設快慢車道分隔線","有",20,"不明",121.442303,25.039959,"新北市","新莊區"
"穿越道路中","2021",12,21,1,"晴","夜間(或隧道、地下道、涵洞)有照明",50,"四岔路","交叉路口內","柏油","乾燥","良好","正常","雙向禁止超車線","未繪設快慢車道分隔線","有",39,"未使用",121.476403,25.081803,"新北市","蘆洲區"
"穿越道路中","2021",12,21,1,"晴","夜間(或隧道、地下道、涵洞)有照明",50,"四岔路","交叉路口內","柏油","乾燥","良好","正常","雙向禁止超車線","未繪設快慢車道分隔線","有",81,"非駕駛人",121.476403,25.081803,"新北市","蘆洲區"
"其他","2021",12,21,12,"雨","日間自然光線",30,"四岔路","交叉路口內","柏油","濕潤","良好","無號誌","無","未繪設快慢車道分隔線","有",78,"未使用",120.489592,24.040465,"彰化縣","秀水鄉"
"其他","2021",12,21,12,"雨","日間自然光線",30,"四岔路","交叉路口內","柏油","濕潤","良好","無號誌","無","未繪設快慢車道分隔線","有",32,"未使用",120.489592,24.040465,"彰化縣","秀水鄉"
"其他","2021",12,21,12,"雨","日間自然光線",30,"四岔路","交叉路口內","柏油","濕潤","良好","無號誌","無","未繪設快慢車道分隔線","有",44,"未使用",120.489592,24.040465,"彰化縣","秀水鄉"
"側撞","2021",12,21,15,"陰","日間自然光線",50,"三岔路","交叉口附近","柏油","乾燥","良好","無號誌","行車分向線","未繪設快慢車道分隔線","無",59,"未使用",120.295467,22.692569,"高雄市","左營區"
"側撞","2021",12,21,15,"陰","日間自然光線",50,"三岔路","交叉口附近","柏油","乾燥","良好","無號誌","行車分向線","未繪設快慢車道分隔線","無",52,"未使用",120.295467,22.692569,"高雄市","左營區"
"側撞","2021",12,21,17,"雨","晨或暮光",50,"直路","一般車道(未劃分快慢車道)","柏油","濕潤","良好","無號誌","中央分向島","未繪設快慢車道分隔線","無",33,"未使用",121.474863,25.097236,"新北市","蘆洲區"
"側撞","2021",12,21,17,"雨","晨或暮光",50,"直路","一般車道(未劃分快慢車道)","柏油","濕潤","良好","無號誌","中央分向島","未繪設快慢車道分隔線","無",41,"未使用",121.474863,25.097236,"新北市","蘆洲區"
"路口交岔撞","2021",12,21,18,"雨","夜間(或隧道、地下道、涵洞)有照明",50,"三岔路","交叉路口內","柏油","濕潤","良好","正常","中央分向島","寛式快慢車道分隔島(50公分以上)","有",48,"未使用",120.55739,24.224356,"臺中市","沙鹿區"
"路口交岔撞","2021",12,21,18,"雨","夜間(或隧道、地下道、涵洞)有照明",50,"三岔路","交叉路口內","柏油","濕潤","良好","正常","中央分向島","寛式快慢車道分隔島(50公分以上)","有",44,"未使用",120.55739,24.224356,"臺中市","沙鹿區"
"路口交岔撞","2021",12,21,18,"雨","夜間(或隧道、地下道、涵洞)有照明",50,"三岔路","交叉路口內","柏油","濕潤","良好","正常","中央分向島","寛式快慢車道分隔島(50公分以上)","有",56,"未使用",120.55739,24.224356,"臺中市","沙鹿區"
"路口交岔撞","2021",12,21,18,"雨","夜間(或隧道、地下道、涵洞)有照明",50,"三岔路","交叉路口內","柏油","濕潤","良好","正常","中央分向島","寛式快慢車道分隔島(50公分以上)","有",22,"未使用",120.55739,24.224356,"臺中市","沙鹿區"
"路口交岔撞","2021",12,21,18,"雨","夜間(或隧道、地下道、涵洞)有照明",50,"三岔路","交叉路口內","柏油","濕潤","良好","正常","中央分向島","寛式快慢車道分隔島(50公分以上)","有",29,"未使用",120.55739,24.224356,"臺中市","沙鹿區"
"路口交岔撞","2021",12,21,18,"雨","夜間(或隧道、地下道、涵洞)有照明",50,"三岔路","交叉路口內","柏油","濕潤","良好","正常","中央分向島","寛式快慢車道分隔島(50公分以上)","有",49,"未使用",120.55739,24.224356,"臺中市","沙鹿區"
"穿越道路中","2021",12,21,19,"雨","夜間(或隧道、地下道、涵洞)有照明",50,"四岔路","交叉口附近","柏油","濕潤","良好","正常","中央分向島","未繪設快慢車道分隔線","無",68,"非駕駛人",121.491554,25.035491,"臺北市","萬華區"
"穿越道路中","2021",12,21,19,"雨","夜間(或隧道、地下道、涵洞)有照明",50,"四岔路","交叉口附近","柏油","濕潤","良好","正常","中央分向島","未繪設快慢車道分隔線","無",53,"未使用",121.491554,25.035491,"臺北市","萬華區"
"穿越道路中","2021",12,21,20,"雨","夜間(或隧道、地下道、涵洞)有照明",50,"三岔路","行人穿越道","柏油","濕潤","良好","正常","雙向禁止超車線","未繪設快慢車道分隔線","有",23,"未使用",120.456863,23.486825,"嘉義市","東區"
"穿越道路中","2021",12,21,20,"雨","夜間(或隧道、地下道、涵洞)有照明",50,"三岔路","行人穿越道","柏油","濕潤","良好","正常","雙向禁止超車線","未繪設快慢車道分隔線","有",65,"非駕駛人",120.456863,23.486825,"嘉義市","東區"
"同向通行中","2021",12,22,0,"雨","夜間(或隧道、地下道、涵洞)有照明",30,"直路","一般車道(未劃分快慢車道)","柏油","濕潤","良好","無號誌","無","未繪設快慢車道分隔線","無",18,"未使用",121.319524,24.973008,"桃園市","桃園區"
"同向通行中","2021",12,22,0,"雨","夜間(或隧道、地下道、涵洞)有照明",30,"直路","一般車道(未劃分快慢車道)","柏油","濕潤","良好","無號誌","無","未繪設快慢車道分隔線","無",85,"非駕駛人",121.319524,24.973008,"桃園市","桃園區"
"側撞","2021",12,22,1,"陰","夜間(或隧道、地下道、涵洞)有照明",50,"四岔路","交叉路口內","柏油","乾燥","良好","正常","無","未繪設快慢車道分隔線","無",30,"未使用",120.206512,23.012754,"臺南市","北區"
"側撞","2021",12,22,1,"陰","夜間(或隧道、地下道、涵洞)有照明",50,"四岔路","交叉路口內","柏油","乾燥","良好","正常","無","未繪設快慢車道分隔線","無",25,"未使用",120.206512,23.012754,"臺南市","北區"
"追撞","2021",12,22,10,"晴","日間自然光線",50,"直路","慢車道","柏油","乾燥","良好","無號誌","行車分向線","快慢車道分隔線","有",45,"不明",120.419012,22.554166,"高雄市","大寮區"
"追撞","2021",12,22,10,"晴","日間自然光線",50,"直路","慢車道","柏油","乾燥","良好","無號誌","行車分向線","快慢車道分隔線","有",26,"不明",120.419012,22.554166,"高雄市","大寮區"
"追撞","2021",12,22,10,"晴","日間自然光線",50,"直路","慢車道","柏油","乾燥","良好","無號誌","行車分向線","快慢車道分隔線","有",40,"非駕駛人",120.419012,22.554166,"高雄市","大寮區"
"追撞","2021",12,22,10,"晴","日間自然光線",50,"直路","慢車道","柏油","乾燥","良好","無號誌","行車分向線","快慢車道分隔線","有",52,"非駕駛人",120.419012,22.554166,"高雄市","大寮區"
"追撞","2021",12,22,10,"晴","日間自然光線",50,"直路","慢車道","柏油","乾燥","良好","無號誌","行車分向線","快慢車道分隔線","有",66,"未使用",120.419012,22.554166,"高雄市","大寮區"
"路口交岔撞","2021",12,22,11,"晴","日間自然光線",50,"四岔路","交叉路口內","柏油","乾燥","良好","正常","無","未繪設快慢車道分隔線","無",58,"未使用",120.408153,22.593529,"高雄市","大寮區"
"路口交岔撞","2021",12,22,11,"晴","日間自然光線",50,"四岔路","交叉路口內","柏油","乾燥","良好","正常","無","未繪設快慢車道分隔線","無",54,"未使用",120.408153,22.593529,"高雄市","大寮區"
"側撞","2021",12,22,17,"晴","晨或暮光",50,"三岔路","交叉路口內","柏油","乾燥","良好","無號誌","無","未繪設快慢車道分隔線","無",79,"不明",120.18955,22.936561,"臺南市","南區"
"側撞","2021",12,22,17,"晴","晨或暮光",50,"三岔路","交叉路口內","柏油","乾燥","良好","無號誌","無","未繪設快慢車道分隔線","無",20,"未使用",120.18955,22.936561,"臺南市","南區"
"側撞","2021",12,22,17,"晴","晨或暮光",50,"三岔路","交叉路口內","柏油","乾燥","良好","無號誌","無","未繪設快慢車道分隔線","無",23,"未使用",120.18955,22.936561,"臺南市","南區"
"其他","2021",12,22,17,"晴","夜間(或隧道、地下道、涵洞)無照明",100,"直路","快車道","柏油","乾燥","良好","無號誌","中央分向島","未繪設快慢車道分隔線","有",36,"非駕駛人",120.976739,24.747353,"新竹縣","寶山鄉"
"其他","2021",12,22,17,"晴","夜間(或隧道、地下道、涵洞)無照明",100,"直路","快車道","柏油","乾燥","良好","無號誌","中央分向島","未繪設快慢車道分隔線","有",57,"未使用",120.976739,24.747353,"新竹縣","寶山鄉"
"其他","2021",12,22,17,"晴","夜間(或隧道、地下道、涵洞)無照明",100,"直路","快車道","柏油","乾燥","良好","無號誌","中央分向島","未繪設快慢車道分隔線","有",59,"未使用",120.976739,24.747353,"新竹縣","寶山鄉"
"其他","2021",12,22,17,"晴","夜間(或隧道、地下道、涵洞)無照明",100,"直路","快車道","柏油","乾燥","良好","無號誌","中央分向島","未繪設快慢車道分隔線","有",38,"未使用",120.976739,24.747353,"新竹縣","寶山鄉"
"撞護欄(樁)","2021",12,23,1,"晴","夜間(或隧道、地下道、涵洞)無照明",110,"直路","快車道","柏油","乾燥","良好","無號誌","中央分向島","未繪設快慢車道分隔線","有",24,"未使用",120.475683,23.706884,"雲林縣","虎尾鎮"
"撞護欄(樁)","2021",12,23,1,"晴","夜間(或隧道、地下道、涵洞)無照明",110,"直路","快車道","柏油","乾燥","良好","無號誌","中央分向島","未繪設快慢車道分隔線","有",36,"未使用",120.475683,23.706884,"雲林縣","虎尾鎮"
"其他","2021",12,23,9,"陰","日間自然光線",50,"直路","一般車道(未劃分快慢車道)","柏油","乾燥","良好","正常","中央分向島","未繪設快慢車道分隔線","有",43,"未使用",121.47145,25.020326,"新北市","板橋區"
"其他","2021",12,23,9,"陰","日間自然光線",50,"直路","一般車道(未劃分快慢車道)","柏油","乾燥","良好","正常","中央分向島","未繪設快慢車道分隔線","有",84,"非駕駛人",121.47145,25.020326,"新北市","板橋區"
"追撞","2021",12,23,16,"陰","日間自然光線",50,"彎曲路及附近","一般車道(未劃分快慢車道)","柏油","乾燥","良好","無號誌","中央分向島","未繪設快慢車道分隔線","有",26,"非駕駛人",120.916606,24.707144,"苗栗縣","竹南鎮"
"追撞","2021",12,23,16,"陰","日間自然光線",50,"彎曲路及附近","一般車道(未劃分快慢車道)","柏油","乾燥","良好","無號誌","中央分向島","未繪設快慢車道分隔線","有",59,"未使用",120.916606,24.707144,"苗栗縣","竹南鎮"
"追撞","2021",12,23,16,"陰","日間自然光線",50,"彎曲路及附近","一般車道(未劃分快慢車道)","柏油","乾燥","良好","無號誌","中央分向島","未繪設快慢車道分隔線","有",33,"未使用",120.916606,24.707144,"苗栗縣","竹南鎮"