"事故類型及型態子類別名稱","發生年度","發生月份","發生日期","發生時間","天候名稱","光線名稱","速限.第1當事者","道路型態子類別名稱","事故位置子類別名稱","路面狀況.路面鋪裝名稱","路面狀況.路面狀態名稱","道路障礙.視距品質名稱","號誌.號誌動作名稱","車道劃分設施.分向設施大類別名稱","車道劃分設施.分道設施.快慢車道間名稱","車道劃分設施.分道設施.路面邊線名稱","當事者事故發生時年齡","行動電話或電腦或其他相類功能裝置名稱","經度","緯度","縣市","鄉鎮"
"其他","2021",12,23,17,"雨","夜間(或隧道、地下道、涵洞)有照明",50,"直路","路肩、路緣","柏油","濕潤","良好","無號誌","無","未繪設快慢車道分隔線","有",38,"不明",121.744349,24.701374,"宜蘭縣","三星鄉"
"其他","2021",12,23,17,"雨","夜間(或隧道、地下道、涵洞)有照明",50,"直路","路肩、路緣","柏油","濕潤","良好","無號誌","無","未繪設快慢車道分隔線","有",24,"未使用",121.744349,24.701374,"宜蘭縣","三星鄉"
"側撞","2021",12,24,17,"晴","夜間(或隧道、地下道、涵洞)有照明",50,"三岔路","交叉口附近","柏油","乾燥","良好","無號誌","雙向禁止超車線","未繪設快慢車道分隔線","無",80,"非駕駛人",120.669201,24.188328,"臺中市","北屯區"
"側撞","2021",12,24,17,"晴","夜間(或隧道、地下道、涵洞)有照明",50,"三岔路","交叉口附近","柏油","乾燥","良好","無號誌","雙向禁止超車線","未繪設快慢車道分隔線","無",27,"未使用",120.669201,24.188328,"臺中市","北屯區"
"對撞","2021",12,25,4,"晴","夜間(或隧道、地下道、涵洞)有照明",50,"直路","一般車道(未劃分快慢車道)","柏油","乾燥","良好","無號誌","雙向禁止超車線","未繪設快慢車道分隔線","有",53,"未使用",119.594825,23.568932,"澎湖縣","馬公市"
"對撞","2021",12,25,4,"晴","夜間(或隧道、地下道、涵洞)有照明",50,"直路","一般車道(未劃分快慢車道)","柏油","乾燥","良好","無號誌","雙向禁止超車線","未繪設快慢車道分隔線","有",55,"未使用",119.594825,23.568932,"澎湖縣","馬公市"
"對撞","2021",12,25,4,"晴","夜間(或隧道、地下道、涵洞)有照明",50,"直路","一般車道(未劃分快慢車道)","柏油","乾燥","良好","無號誌","雙向禁止超車線","未繪設快慢車道分隔線","有",37,"非駕駛人",119.594825,23.568932,"澎湖縣","馬公市"
"對撞","2021",12,25,4,"晴","夜間(或隧道、地下道、涵洞)有照明",50,"直路","一般車道(未劃分快慢車道)","柏油","乾燥","良好","無號誌","雙向禁止超車線","未繪設快慢車道分隔線","有",38,"未使用",119.594825,23.568932,"澎湖縣","馬公市"
"其他","2021",12,25,6,"晴","夜間(或隧道、地下道、涵洞)有照明",50,"多岔路","交叉路口內","柏油","乾燥","良好","正常","中央分向島","快慢車道分隔線","有",53,"未使用",120.622001,24.046125,"彰化縣","彰化市"
"其他","2021",12,25,6,"晴","夜間(或隧道、地下道、涵洞)有照明",50,"多岔路","交叉路口內","柏油","乾燥","良好","正常","中央分向島","快慢車道分隔線","有",31,"未使用",120.622001,24.046125,"彰化縣","彰化市"
"同向擦撞","2021",12,25,6,"晴","日間自然光線",50,"直路","慢車道","柏油","乾燥","良好","無號誌","行車分向線","快慢車道分隔線","有",57,"未使用",120.328217,22.820281,"高雄市","岡山區"
"同向擦撞","2021",12,25,6,"晴","日間自然光線",50,"直路","慢車道","柏油","乾燥","良好","無號誌","行車分向線","快慢車道分隔線","有",57,"未使用",120.328217,22.820281,"高雄市","岡山區"
"穿越道路中","2021",12,26,6,"陰","日間自然光線",50,"直路","一般車道(未劃分快慢車道)","柏油","乾燥","良好","正常","中央分向島","未繪設快慢車道分隔線","有",48,"未使用",121.481867,25.020176,"新北市","板橋區"
"穿越道路中","2021",12,26,6,"陰","日間自然光線",50,"直路","一般車道(未劃分快慢車道)","柏油","乾燥","良好","正常","中央分向島","未繪設快慢車道分隔線","有",73,"非駕駛人",121.481867,25.020176,"新北市","板橋區"
"衝出路外","2021",12,26,14,"陰","日間自然光線",50,"直路","一般車道(未劃分快慢車道)","柏油","乾燥","良好","無號誌","無","未繪設快慢車道分隔線","有",48,"未使用",121.251531,23.194605,"花蓮縣","富里鄉"
"撞護欄(樁)","2021",12,26,16,"陰","日間自然光線",50,"橋樑","交通島(含槽化線)","柏油","乾燥","不良","無號誌","中央分向島","未繪設快慢車道分隔線","有",18,"未使用",121.490217,25.024256,"臺北市","萬華區"
"撞護欄(樁)","2021",12,26,16,"陰","日間自然光線",50,"橋樑","交通島(含槽化線)","柏油","乾燥","不良","無號誌","中央分向島","未繪設快慢車道分隔線","有",19,"非駕駛人",121.490217,25.024256,"臺北市","萬華區"
"側撞","2021",12,26,18,"陰","夜間(或隧道、地下道、涵洞)無照明",50,"三岔路","交叉路口內","柏油","乾燥","良好","無號誌","雙向禁止超車線","未繪設快慢車道分隔線","有",20,"未使用",120.977642,23.947453,"南投縣","埔里鎮"
"側撞","2021",12,26,18,"陰","夜間(或隧道、地下道、涵洞)無照明",50,"三岔路","交叉路口內","柏油","乾燥","良好","無號誌","雙向禁止超車線","未繪設快慢車道分隔線","有",33,"不明",120.977642,23.947453,"南投縣","埔里鎮"
"側撞","2021",12,26,19,"晴","夜間(或隧道、地下道、涵洞)有照明",30,"四岔路","交叉路口內","柏油","乾燥","良好","正常","無","未繪設快慢車道分隔線","無",78,"未使用",120.333192,22.6081,"高雄市","前鎮區"
"側撞","2021",12,26,19,"晴","夜間(或隧道、地下道、涵洞)有照明",30,"四岔路","交叉路口內","柏油","乾燥","良好","正常","無","未繪設快慢車道分隔線","無",71,"未使用",120.333192,22.6081,"高雄市","前鎮區"
"側撞","2021",12,26,19,"晴","夜間(或隧道、地下道、涵洞)有照明",30,"四岔路","交叉路口內","柏油","乾燥","良好","正常","無","未繪設快慢車道分隔線","無",33,"未使用",120.333192,22.6081,"高雄市","前鎮區"
"穿越道路中","2021",12,26,19,"晴","夜間(或隧道、地下道、涵洞)有照明",50,"三岔路","交叉路口內","柏油","乾燥","良好","無號誌","雙向禁止超車線","快慢車道分隔線","無",45,"非駕駛人",120.2902,22.62486,"高雄市","前金區"
"穿越道路中","2021",12,26,19,"晴","夜間(或隧道、地下道、涵洞)有照明",50,"三岔路","交叉路口內","柏油","乾燥","良好","無號誌","雙向禁止超車線","快慢車道分隔線","無",37,"非駕駛人",120.2902,22.62486,"高雄市","前金區"
"穿越道路中","2021",12,26,19,"晴","夜間(或隧道、地下道、涵洞)有照明",50,"三岔路","交叉路口內","柏油","乾燥","良好","無號誌","雙向禁止超車線","快慢車道分隔線","無",15,"非駕駛人",120.2902,22.62486,"高雄市","前金區"
"穿越道路中","2021",12,26,19,"晴","夜間(或隧道、地下道、涵洞)有照明",50,"三岔路","交叉路口內","柏油","乾燥","良好","無號誌","雙向禁止超車線","快慢車道分隔線","無",13,"非駕駛人",120.2902,22.62486,"高雄市","前金區"
"穿越道路中","2021",12,26,19,"晴","夜間(或隧道、地下道、涵洞)有照明",50,"三岔路","交叉路口內","柏油","乾燥","良好","無號誌","雙向禁止超車線","快慢車道分隔線","無",38,"未使用",120.2902,22.62486,"高雄市","前金區"
"其他","2021",12,26,21,"雨","夜間(或隧道、地下道、涵洞)有照明",40,"三岔路","交叉路口內","柏油","濕潤","良好","正常","雙向禁止超車線","未繪設快慢車道分隔線","無",49,"未使用",121.614653,24.998678,"新北市","深坑區"
"其他","2021",12,26,21,"雨","夜間(或隧道、地下道、涵洞)有照明",40,"三岔路","交叉路口內","柏油","濕潤","良好","正常","雙向禁止超車線","未繪設快慢車道分隔線","無",23,"未使用",121.614653,24.998678,"新北市","深坑區"
"其他","2021",12,27,6,"陰","夜間(或隧道、地下道、涵洞)無照明",40,"直路","慢車道","柏油","乾燥","良好","無號誌","雙向禁止超車線","快慢車道分隔線","無",64,"不明",120.204089,23.78179,"雲林縣","麥寮鄉"
"其他","2021",12,27,6,"陰","夜間(或隧道、地下道、涵洞)無照明",40,"直路","慢車道","柏油","乾燥","良好","無號誌","雙向禁止超車線","快慢車道分隔線","無",47,"不明",120.204089,23.78179,"雲林縣","麥寮鄉"
"穿越道路中","2021",12,27,6,"雨","日間自然光線",40,"直路","一般車道(未劃分快慢車道)","柏油","濕潤","良好","無號誌","雙向禁止超車線","未繪設快慢車道分隔線","有",62,"未使用",121.636715,25.066748,"新北市","汐止區"
"穿越道路中","2021",12,27,6,"雨","日間自然光線",40,"直路","一般車道(未劃分快慢車道)","柏油","濕潤","良好","無號誌","雙向禁止超車線","未繪設快慢車道分隔線","有",76,"未使用",121.636715,25.066748,"新北市","汐止區"
"其他","2021",12,27,9,"陰","日間自然光線",30,"直路","一般車道(未劃分快慢車道)","柏油","乾燥","良好","無號誌","無","未繪設快慢車道分隔線","有",67,"不明",120.244084,23.713719,"雲林縣","東勢鄉"
"其他","2021",12,27,9,"陰","日間自然光線",30,"直路","一般車道(未劃分快慢車道)","柏油","乾燥","良好","無號誌","無","未繪設快慢車道分隔線","有",54,"不明",120.244084,23.713719,"雲林縣","東勢鄉"
"其他","2021",12,27,18,"晴","夜間(或隧道、地下道、涵洞)有照明",40,"直路","慢車道","柏油","乾燥","良好","無號誌","中央分向島","快慢車道分隔線","有",27,"不明",120.411438,22.641086,"高雄市","大寮區"
"其他","2021",12,27,18,"晴","夜間(或隧道、地下道、涵洞)有照明",40,"直路","慢車道","柏油","乾燥","良好","無號誌","中央分向島","快慢車道分隔線","有",28,"未使用",120.411438,22.641086,"高雄市","大寮區"
"對撞","2021",12,27,20,"陰","夜間(或隧道、地下道、涵洞)有照明",50,"彎曲路及附近","一般車道(未劃分快慢車道)","柏油","乾燥","不良","無號誌","雙向禁止超車線","未繪設快慢車道分隔線","有",67,"不明",120.881267,24.590963,"苗栗縣","頭屋鄉"
"對撞","2021",12,27,20,"陰","夜間(或隧道、地下道、涵洞)有照明",50,"彎曲路及附近","一般車道(未劃分快慢車道)","柏油","乾燥","不良","無號誌","雙向禁止超車線","未繪設快慢車道分隔線","有",42,"不明",120.881267,24.590963,"苗栗縣","頭屋鄉"
"撞護欄(樁)","2021",12,28,0,"陰","夜間(或隧道、地下道、涵洞)無照明",70,"直路","一般車道(未劃分快慢車道)","柏油","乾燥","良好","無號誌","雙向禁止超車線","未繪設快慢車道分隔線","有",39,"未使用",120.891116,22.312493,"臺東縣","大武鄉"
"追撞","2021",12,28,7,"晴","日間自然光線",50,"三岔路","一般車道(未劃分快慢車道)","柏油","乾燥","良好","無號誌","雙向禁止超車線","未繪設快慢車道分隔線","有",35,"未使用",120.599949,22.697692,"屏東縣","瑪家鄉"
"追撞","2021",12,28,7,"晴","日間自然光線",50,"三岔路","一般車道(未劃分快慢車道)","柏油","乾燥","良好","無號誌","雙向禁止超車線","未繪設快慢車道分隔線","有",56,"未使用",120.599949,22.697692,"屏東縣","瑪家鄉"
"路上翻車、摔倒","2021",12,28,11,"晴","日間自然光線",40,"直路","慢車道","柏油","乾燥","良好","無號誌","行車分向線","快慢車道分隔線","無",110,"",120.302698,22.687728,"高雄市","左營區"
"路上翻車、摔倒","2021",12,28,11,"晴","日間自然光線",40,"直路","慢車道","柏油","乾燥","良好","無號誌","行車分向線","快慢車道分隔線","無",53,"未使用",120.302698,22.687728,"高雄市","左營區"
"其他","2021",12,28,17,"晴","夜間(或隧道、地下道、涵洞)有照明",50,"四岔路","交叉口附近","柏油","乾燥","良好","無號誌","雙向禁止超車線","未繪設快慢車道分隔線","無",1,"非駕駛人",121.540687,24.976171,"新北市","新店區"
"其他","2021",12,28,17,"晴","夜間(或隧道、地下道、涵洞)有照明",50,"四岔路","交叉口附近","柏油","乾燥","良好","無號誌","雙向禁止超車線","未繪設快慢車道分隔線","無",57,"非駕駛人",121.540687,24.976171,"新北市","新店區"
"其他","2021",12,28,17,"晴","夜間(或隧道、地下道、涵洞)有照明",50,"四岔路","交叉口附近","柏油","乾燥","良好","無號誌","雙向禁止超車線","未繪設快慢車道分隔線","無",67,"非駕駛人",121.540687,24.976171,"新北市","新店區"
"其他","2021",12,28,17,"晴","夜間(或隧道、地下道、涵洞)有照明",50,"四岔路","交叉口附近","柏油","乾燥","良好","無號誌","雙向禁止超車線","未繪設快慢車道分隔線","無",50,"非駕駛人",121.540687,24.976171,"新北市","新店區"
"其他","2021",12,28,17,"晴","夜間(或隧道、地下道、涵洞)有照明",50,"四岔路","交叉口附近","柏油","乾燥","良好","無號誌","雙向禁止超車線","未繪設快慢車道分隔線","無",69,"未使用",121.540687,24.976171,"新北市","新店區"
"路上翻車、摔倒","2021",12,28,18,"陰","夜間(或隧道、地下道、涵洞)有照明",40,"彎曲路及附近","一般車道(未劃分快慢車道)","柏油","乾燥","良好","無號誌","無","未繪設快慢車道分隔線","無",38,"未使用",121.278298,24.929008,"桃園市","八德區"
"路上翻車、摔倒","2021",12,28,18,"陰","夜間(或隧道、地下道、涵洞)有照明",40,"彎曲路及附近","一般車道(未劃分快慢車道)","柏油","乾燥","良好","無號誌","無","未繪設快慢車道分隔線","無",45,"未使用",121.278298,24.929008,"桃園市","八德區"
"穿越道路中","2021",12,29,7,"晴","日間自然光線",50,"四岔路","交叉路口內","柏油","乾燥","良好","正常","中央分向島","快慢車道分隔線","有",90,"非駕駛人",120.481463,22.670938,"屏東縣","屏東市"
"穿越道路中","2021",12,29,7,"晴","日間自然光線",50,"四岔路","交叉路口內","柏油","乾燥","良好","正常","中央分向島","快慢車道分隔線","有",27,"未使用",120.481463,22.670938,"屏東縣","屏東市"
"追撞","2021",12,29,10,"晴","日間自然光線",60,"直路","快車道","柏油","乾燥","良好","無號誌","中央分向島","未繪設快慢車道分隔線","有",29,"未使用",120.336458,22.59257,"高雄市","前鎮區"
"追撞","2021",12,29,10,"晴","日間自然光線",60,"直路","快車道","柏油","乾燥","良好","無號誌","中央分向島","未繪設快慢車道分隔線","有",41,"未使用",120.336458,22.59257,"高雄市","前鎮區"
"追撞","2021",12,29,10,"晴","日間自然光線",60,"直路","快車道","柏油","乾燥","良好","無號誌","中央分向島","未繪設快慢車道分隔線","有",64,"未使用",120.336458,22.59257,"高雄市","前鎮區"
"追撞","2021",12,29,10,"晴","日間自然光線",60,"直路","快車道","柏油","乾燥","良好","無號誌","中央分向島","未繪設快慢車道分隔線","有",41,"未使用",120.336458,22.59257,"高雄市","前鎮區"
"追撞","2021",12,29,10,"晴","日間自然光線",60,"直路","快車道","柏油","乾燥","良好","無號誌","中央分向島","未繪設快慢車道分隔線","有",58,"未使用",120.336458,22.59257,"高雄市","前鎮區"
"追撞","2021",12,29,10,"晴","日間自然光線",60,"直路","快車道","柏油","乾燥","良好","無號誌","中央分向島","未繪設快慢車道分隔線","有",55,"未使用",120.336458,22.59257,"高雄市","前鎮區"
"追撞","2021",12,29,10,"晴","日間自然光線",60,"直路","快車道","柏油","乾燥","良好","無號誌","中央分向島","未繪設快慢車道分隔線","有",47,"未使用",120.336458,22.59257,"高雄市","前鎮區"
"追撞","2021",12,29,10,"晴","日間自然光線",60,"直路","快車道","柏油","乾燥","良好","無號誌","中央分向島","未繪設快慢車道分隔線","有",41,"未使用",120.336458,22.59257,"高雄市","前鎮區"
"追撞","2021",12,29,10,"晴","日間自然光線",60,"直路","快車道","柏油","乾燥","良好","無號誌","中央分向島","未繪設快慢車道分隔線","有",41,"未使用",120.336458,22.59257,"高雄市","前鎮區"
"追撞","2021",12,29,10,"晴","日間自然光線",60,"直路","快車道","柏油","乾燥","良好","無號誌","中央分向島","未繪設快慢車道分隔線","有",26,"未使用",120.336458,22.59257,"高雄市","前鎮區"
"路口交岔撞","2021",12,29,10,"晴","日間自然光線",50,"四岔路","交叉路口內","柏油","乾燥","良好","正常","中央分向島","未繪設快慢車道分隔線","有",70,"不明",120.542963,22.549845,"屏東縣","潮州鎮"
"路口交岔撞","2021",12,29,10,"晴","日間自然光線",50,"四岔路","交叉路口內","柏油","乾燥","良好","正常","中央分向島","未繪設快慢車道分隔線","有",47,"未使用",120.542963,22.549845,"屏東縣","潮州鎮"
"其他","2021",12,29,14,"晴","日間自然光線",60,"四岔路","交叉口附近","柏油","乾燥","良好","正常","中央分向島","快慢車道分隔線","無",66,"不明",120.70334,24.23811,"臺中市","豐原區"
"其他","2021",12,29,14,"晴","日間自然光線",60,"四岔路","交叉口附近","柏油","乾燥","良好","正常","中央分向島","快慢車道分隔線","無",54,"不明",120.70334,24.23811,"臺中市","豐原區"
"路口交岔撞","2021",12,29,16,"晴","日間自然光線",40,"四岔路","交叉路口內","柏油","乾燥","良好","無號誌","無","未繪設快慢車道分隔線","無",73,"不明",121.342656,23.403644,"花蓮縣","玉里鎮"
"路口交岔撞","2021",12,29,16,"晴","日間自然光線",40,"四岔路","交叉路口內","柏油","乾燥","良好","無號誌","無","未繪設快慢車道分隔線","無",21,"未使用",121.342656,23.403644,"花蓮縣","玉里鎮"
"撞護欄(樁)","2021",12,29,17,"晴","夜間(或隧道、地下道、涵洞)有照明",50,"直路","一般車道(未劃分快慢車道)","柏油","乾燥","良好","無號誌","行車分向線","未繪設快慢車道分隔線","有",52,"未使用",120.602639,22.634159,"屏東縣","內埔鄉"
"其他","2021",12,29,18,"陰","夜間(或隧道、地下道、涵洞)有照明",40,"三岔路","交叉口附近","柏油","乾燥","良好","無號誌","中央分向島","快慢車道分隔線","有",40,"不明",120.608797,24.204383,"臺中市","西屯區"
"側撞","2021",12,29,19,"晴","夜間(或隧道、地下道、涵洞)有照明",60,"三岔路","一般車道(未劃分快慢車道)","柏油","乾燥","良好","無號誌","雙向禁止超車線","快慢車道分隔線","有",19,"未使用",120.826013,24.264741,"臺中市","東勢區"
"側撞","2021",12,29,19,"晴","夜間(或隧道、地下道、涵洞)有照明",60,"三岔路","一般車道(未劃分快慢車道)","柏油","乾燥","良好","無號誌","雙向禁止超車線","快慢車道分隔線","有",63,"未使用",120.826013,24.264741,"臺中市","東勢區"
"追撞","2021",12,30,5,"晴","夜間(或隧道、地下道、涵洞)有照明",110,"直路","快車道","柏油","乾燥","不良","無號誌","中央分向島","未繪設快慢車道分隔線","有",63,"未使用",120.50839,23.98803,"彰化縣","大村鄉"
"追撞","2021",12,30,5,"晴","夜間(或隧道、地下道、涵洞)有照明",110,"直路","快車道","柏油","乾燥","不良","無號誌","中央分向島","未繪設快慢車道分隔線","有",55,"未使用",120.50839,23.98803,"彰化縣","大村鄉"
"追撞","2021",12,30,5,"晴","夜間(或隧道、地下道、涵洞)有照明",110,"直路","快車道","柏油","乾燥","不良","無號誌","中央分向島","未繪設快慢車道分隔線","有",57,"未使用",120.50839,23.98803,"彰化縣","大村鄉"
"同向擦撞","2021",12,30,9,"晴","日間自然光線",50,"直路","一般車道(未劃分快慢車道)","柏油","乾燥","良好","正常","中央分向島","未繪設快慢車道分隔線","有",62,"未使用",121.431669,24.993532,"新北市","板橋區"
"同向擦撞","2021",12,30,9,"晴","日間自然光線",50,"直路","一般車道(未劃分快慢車道)","柏油","乾燥","良好","正常","中央分向島","未繪設快慢車道分隔線","有",30,"未使用",121.431669,24.993532,"新北市","板橋區"
"穿越道路中","2021",12,30,10,"晴","日間自然光線",50,"三岔路","行人穿越道","柏油","乾燥","良好","無號誌","無","未繪設快慢車道分隔線","無",51,"非駕駛人",120.998392,24.796455,"新竹市","東區"
"穿越道路中","2021",12,30,10,"晴","日間自然光線",50,"三岔路","行人穿越道","柏油","乾燥","良好","無號誌","無","未繪設快慢車道分隔線","無",39,"未使用",120.998392,24.796455,"新竹市","東區"
"側撞","2021",12,30,11,"晴","日間自然光線",50,"直路","快車道","柏油","乾燥","良好","無號誌","雙向禁止超車線","未繪設快慢車道分隔線","有",38,"未使用",120.192657,23.166083,"臺南市","佳里區"
"側撞","2021",12,30,11,"晴","日間自然光線",50,"直路","快車道","柏油","乾燥","良好","無號誌","雙向禁止超車線","未繪設快慢車道分隔線","有",71,"未使用",120.192657,23.166083,"臺南市","佳里區"
"穿越道路中","2021",12,30,12,"晴","日間自然光線",50,"直路","一般車道(未劃分快慢車道)","柏油","乾燥","良好","正常","雙向禁止超車線","未繪設快慢車道分隔線","有",40,"不明",120.940468,24.682456,"苗栗縣","頭份市"
"穿越道路中","2021",12,30,12,"晴","日間自然光線",50,"直路","一般車道(未劃分快慢車道)","柏油","乾燥","良好","正常","雙向禁止超車線","未繪設快慢車道分隔線","有",43,"不明",120.940468,24.682456,"苗栗縣","頭份市"
"穿越道路中","2021",12,30,12,"晴","日間自然光線",50,"直路","一般車道(未劃分快慢車道)","柏油","乾燥","良好","正常","雙向禁止超車線","未繪設快慢車道分隔線","有",23,"不明",120.940468,24.682456,"苗栗縣","頭份市"
"穿越道路中","2021",12,30,12,"晴","日間自然光線",50,"直路","一般車道(未劃分快慢車道)","柏油","乾燥","良好","正常","雙向禁止超車線","未繪設快慢車道分隔線","有",53,"不明",120.940468,24.682456,"苗栗縣","頭份市"
"側撞","2021",12,30,12,"晴","日間自然光線",50,"三岔路","交叉路口內","柏油","乾燥","良好","正常","無","未繪設快慢車道分隔線","無",76,"不明",120.428612,23.468937,"嘉義市","西區"
"側撞","2021",12,30,12,"晴","日間自然光線",50,"三岔路","交叉路口內","柏油","乾燥","良好","正常","無","未繪設快慢車道分隔線","無",56,"未使用",120.428612,23.468937,"嘉義市","西區"
"路口交岔撞","2021",12,30,14,"陰","日間自然光線",40,"四岔路","交叉路口內","柏油","乾燥","不良","無號誌","無","未繪設快慢車道分隔線","有",55,"未使用",121.75429,24.791951,"宜蘭縣","礁溪鄉"
"路口交岔撞","2021",12,30,14,"陰","日間自然光線",40,"四岔路","交叉路口內","柏油","乾燥","不良","無號誌","無","未繪設快慢車道分隔線","有",60,"未使用",121.75429,24.791951,"宜蘭縣","礁溪鄉"
"路上翻車、摔倒","2021",12,30,17,"晴","日間自然光線",50,"直路","路肩、路緣","柏油","乾燥","良好","無號誌","中央分向島","寛式快慢車道分隔島(50公分以上)","有",41,"未使用",120.132796,23.034968,"臺南市","南區"
"追撞","2021",12,31,1,"晴","夜間(或隧道、地下道、涵洞)無照明",90,"直路","快車道","柏油","乾燥","良好","無號誌","中央分向島","未繪設快慢車道分隔線","有",37,"未使用",120.409374,23.53698,"嘉義縣","民雄鄉"
"追撞","2021",12,31,1,"晴","夜間(或隧道、地下道、涵洞)無照明",90,"直路","快車道","柏油","乾燥","良好","無號誌","中央分向島","未繪設快慢車道分隔線","有",24,"未使用",120.409374,23.53698,"嘉義縣","民雄鄉"
"追撞","2021",12,31,1,"晴","夜間(或隧道、地下道、涵洞)無照明",90,"直路","快車道","柏油","乾燥","良好","無號誌","中央分向島","未繪設快慢車道分隔線","有",23,"未使用",120.409374,23.53698,"嘉義縣","民雄鄉"
"追撞","2021",12,31,1,"晴","夜間(或隧道、地下道、涵洞)無照明",90,"直路","快車道","柏油","乾燥","良好","無號誌","中央分向島","未繪設快慢車道分隔線","有",62,"未使用",120.409374,23.53698,"嘉義縣","民雄鄉"
"對撞","2021",12,31,5,"陰","夜間(或隧道、地下道、涵洞)有照明",60,"直路","一般車道(未劃分快慢車道)","柏油","乾燥","良好","無號誌","雙向禁止超車線","未繪設快慢車道分隔線","有",23,"不明",121.944716,25.01589,"新北市","貢寮區"
"對撞","2021",12,31,5,"陰","夜間(或隧道、地下道、涵洞)有照明",60,"直路","一般車道(未劃分快慢車道)","柏油","乾燥","良好","無號誌","雙向禁止超車線","未繪設快慢車道分隔線","有",62,"不明",121.944716,25.01589,"新北市","貢寮區"
"側撞","2021",12,31,6,"晴","日間自然光線",50,"四岔路","交叉路口內","柏油","乾燥","良好","正常","無","未繪設快慢車道分隔線","無",58,"未使用",120.3332,22.88547,"高雄市","阿蓮區"
"側撞","2021",12,31,6,"晴","日間自然光線",50,"四岔路","交叉路口內","柏油","乾燥","良好","正常","無","未繪設快慢車道分隔線","無",19,"未使用",120.3332,22.88547,"高雄市","阿蓮區"
"撞交通島","2021",12,31,6,"晴","晨或暮光",60,"三岔路","交叉口附近","柏油","乾燥","良好","無號誌","中央分向島","未繪設快慢車道分隔線","有",42,"未使用",121.10953,24.895414,"新竹縣","湖口鄉"
"路上翻車、摔倒","2021",12,31,15,"陰","日間自然光線",50,"彎曲路及附近","慢車道","柏油","乾燥","良好","無號誌","雙向禁止超車線","快慢車道分隔線","有",17,"未使用",121.565785,23.793596,"花蓮縣","壽豐鄉"
"路上翻車、摔倒","2021",12,31,15,"陰","日間自然光線",50,"彎曲路及附近","慢車道","柏油","乾燥","良好","無號誌","雙向禁止超車線","快慢車道分隔線","有",17,"非駕駛人",121.565785,23.793596,"花蓮縣","壽豐鄉"
"路口交岔撞","2021",12,31,15,"陰","日間自然光線",50,"三岔路","交叉路口內","柏油","乾燥","不良","正常","無","未繪設快慢車道分隔線","有",22,"不明",121.044996,22.687199,"臺東縣","太麻里鄉"
"路口交岔撞","2021",12,31,15,"陰","日間自然光線",50,"三岔路","交叉路口內","柏油","乾燥","不良","正常","無","未繪設快慢車道分隔線","有",55,"未使用",121.044996,22.687199,"臺東縣","太麻里鄉"
"路口交岔撞","2021",12,31,15,"陰","日間自然光線",50,"三岔路","交叉路口內","柏油","乾燥","不良","正常","無","未繪設快慢車道分隔線","有",47,"不明",121.044996,22.687199,"臺東縣","太麻里鄉"
"路上翻車、摔倒","2021",12,31,15,"晴","日間自然光線",30,"彎曲路及附近","一般車道(未劃分快慢車道)","柏油","乾燥","不良","無號誌","雙向禁止超車線","未繪設快慢車道分隔線","有",20,"未使用",120.7318,22.748787,"屏東縣","霧臺鄉"
"路上翻車、摔倒","2021",12,31,15,"晴","日間自然光線",30,"彎曲路及附近","一般車道(未劃分快慢車道)","柏油","乾燥","不良","無號誌","雙向禁止超車線","未繪設快慢車道分隔線","有",20,"不明",120.7318,22.748787,"屏東縣","霧臺鄉"
"側撞","2021",12,31,18,"晴","夜間(或隧道、地下道、涵洞)有照明",60,"四岔路","交叉路口內","柏油","乾燥","良好","正常","中央分向島","寛式快慢車道分隔島(50公分以上)","無",60,"不明",120.297959,22.723317,"高雄市","楠梓區"
"側撞","2021",12,31,18,"晴","夜間(或隧道、地下道、涵洞)有照明",60,"四岔路","交叉路口內","柏油","乾燥","良好","正常","中央分向島","寛式快慢車道分隔島(50公分以上)","無",63,"未使用",120.297959,22.723317,"高雄市","楠梓區"
"其他","2021",12,31,18,"晴","夜間(或隧道、地下道、涵洞)有照明",50,"直路","一般車道(未劃分快慢車道)","柏油","泥濘","良好","正常","中央分向島","未繪設快慢車道分隔線","有",49,"未使用",121.392718,25.143358,"新北市","八里區"
"其他","2021",12,31,18,"晴","夜間(或隧道、地下道、涵洞)有照明",50,"直路","一般車道(未劃分快慢車道)","柏油","泥濘","良好","正常","中央分向島","未繪設快慢車道分隔線","有",43,"未使用",121.392718,25.143358,"新北市","八里區"
"追撞","2021",12,31,21,"晴","夜間(或隧道、地下道、涵洞)有照明",70,"彎曲路及附近","快車道","柏油","乾燥","良好","無號誌","中央分向島","快慢車道分隔線","有",29,"未使用",120.493503,22.586409,"屏東縣","萬丹鄉"
"追撞","2021",12,31,21,"晴","夜間(或隧道、地下道、涵洞)有照明",70,"彎曲路及附近","快車道","柏油","乾燥","良好","無號誌","中央分向島","快慢車道分隔線","有",42,"未使用",120.493503,22.586409,"屏東縣","萬丹鄉"
"追撞","2021",12,31,21,"晴","夜間(或隧道、地下道、涵洞)有照明",70,"彎曲路及附近","快車道","柏油","乾燥","良好","無號誌","中央分向島","快慢車道分隔線","有",22,"未使用",120.493503,22.586409,"屏東縣","萬丹鄉"